scenario_id,pathway,horizon,temperature_anomaly_c,precipitation_change_fraction,heatwave_days,co2_ppm,rainfall_cv,sugar_price_index,energy_price_index,input_cost_index,water_cost_usd_m3,institutional_capacity,adoption_fraction,discount_rate,pest_pressure,flood_index,model_structure_factor,climate_severity_index
0,SSP1-2.6,2035,1.0863218216947268,-0.022171583632465294,14.740320162838414,459.82754261552554,0.28557675774270286,0.8784457663908407,1.1392480645199028,1.1565139504201056,0.08487563289488106,0.534280708025156,0.6813885337994867,0.08316940808290173,0.05919999529455042,0.13995186520994599,1.0186926656953506,0.15024461258125965
1,SSP1-2.6,2035,1.1042349298763954,-0.01713672864110075,16.0215380738181,457.215876786184,0.17761353056334722,1.0586349819552,1.0934626184745024,1.1753141022212168,0.07562186093723929,0.4904140817509565,0.5629150613828512,0.08637505526282538,0.11483156336369976,0.10216473569717152,0.9751764384798076,0.11776657209666085
2,SSP1-2.6,2035,1.1694598151843114,0.043670713369358696,9.52499876011768,436.7149417644547,0.1659905245725589,1.0712024777231854,1.0831694332814914,1.1045399119396193,0.08460120285660959,0.8766815576758773,0.922634964991669,0.06325076352833947,0.0761415456504908,0.11993204028507495,1.0228231028335628,0.07238980894677877
3,SSP1-2.6,2035,1.248871257403262,0.048746302261932405,9.975640634359477,412.9313776009522,0.2588620285914985,1.0948249301652921,1.3210244239685607,1.178419917729641,0.1072541659394545,0.452920017580087,0.6004252302625733,0.08841699469105323,0.1495416317639291,0.15497486113799067,1.0061067217148925,0.11103009780231893
4,SSP1-2.6,2035,1.1186199792412188,-0.011607028447807905,8.868527667091163,462.70602167897107,0.18414183345294766,1.0010645096063389,1.1052891077204992,1.1989597874015634,0.025,0.362821327859972,0.5774789983957562,0.09402792215939326,0.1092579601012456,0.10444964170853169,1.0249187886759334,0.08906571883918958
5,SSP1-2.6,2035,1.2085621309984642,0.014019823603345177,6.217143234805213,438.6931493226449,0.2740661662283654,1.276801322160396,0.8642638561696337,1.0210982797031452,0.045892477513887114,0.5119391096854918,0.575821601428732,0.07699487496127937,0.08674968771577449,0.14293306998160046,0.9743269306318205,0.09795185054086582
6,SSP1-2.6,2035,1.3202648692891992,0.09344904448886222,8.806627040642763,450.64251463629734,0.15740917760300843,1.0237420391147893,0.9881584693598695,1.142775408126998,0.068258690830448,0.712417259199047,0.742379032285866,0.07352281286227061,0.023583731482626533,0.14181773440548406,0.9891682362331614,0.08005410658733937
7,SSP1-2.6,2035,1.2206818432483308,0.07041490140175193,7.031651505937559,445.2074817262618,0.15429480694193587,0.9388058796093623,0.911491928816445,1.0397516127038406,0.09122401439890798,0.7313244552001922,0.7716641290296287,0.06703001792404335,0.17081569849288886,0.12921063313055353,0.9972329906604445,0.0635091271320078
8,SSP1-2.6,2035,0.7849566620178716,-0.04125900100213346,14.822126529097527,453.8458557861459,0.29936320158577856,0.9719682047579656,0.72,1.0139363954566223,0.08399694402949764,0.6649820353152657,0.756457550361858,0.06895708875882407,0.20867964736043376,0.14477712055502248,1.011914248934216,0.14435609052769172
9,SSP1-2.6,2035,1.0438668892794216,-0.04937426876755685,10.525807077250724,415.5457713743591,0.23752106328798106,0.8156325893414986,0.8955395626671004,1.1436566044463898,0.05224278777117901,0.5370108505148703,0.6607904354381247,0.08234058232906208,0.1261835721568243,0.12313237215079337,1.007669500752297,0.1372205146479661
10,SSP1-2.6,2035,0.9874830716608098,0.0976779426278365,11.59721336973242,437.5111325854968,0.339553259789304,1.1579973118253275,1.1249183799259326,1.0918995999279795,0.10607989997276975,0.5540554544759383,0.7066784490683818,0.07870143650309429,0.014345074519326026,0.20768261224017465,1.024506545103056,0.12042487918147415
11,SSP1-2.6,2035,1.1266705229259104,-0.07865673452005692,9.049453879816177,469.3218429876158,0.30274057477373545,1.3393859505364152,0.8422353755641291,1.0495317147435226,0.08337328045501848,0.8380361795509821,0.8929797651059916,0.062221052585563645,0.05952006762910602,0.1459592011708074,1.0211656254782862,0.18394107495179482
12,SSP1-2.6,2035,0.8706221743660838,-0.03355517447421048,16.76351438767742,458.59162464389397,0.28692348670756085,1.2382847784719293,1.0168073215137952,1.2188960851169648,0.08317827130263586,0.7532650547713795,0.7837685119063016,0.07557922876772913,0.01,0.1404232203476463,0.9958509711975929,0.14896156025739798
13,SSP1-2.6,2035,1.1252953678243651,-0.08363364262579823,12.387855834387942,458.7953622610653,0.27091375738459733,0.7929896041849482,0.72,0.9791747050794193,0.08562864032137779,0.4465792248489918,0.6409063533163921,0.07800544595413451,0.19985237377521098,0.13481981508460905,1.0280959449330018,0.19049267131590272
14,SSP1-2.6,2035,0.55,-0.009749097068806894,4.874540901930849,447.9827244568092,0.16645078871482893,0.9983517184884407,1.2550096610750425,0.8206539730244556,0.07499375857111813,0.43315023768772787,0.49114960170782335,0.07014116358616121,0.22436425258496034,0.09825777605019012,0.9590618342211736,0.021570668329000214
15,SSP1-2.6,2035,1.4521176389912576,-0.0445899067003265,7.923170078809619,424.70603934849595,0.2469301534670379,0.8341168330028241,1.3987226672175033,0.8277670658543389,0.06273357056192222,0.6151594640879225,0.679401779162538,0.06142371495699134,0.08539111062528838,0.12642555371346326,0.9907185504860775,0.1620274404475005
16,SSP1-2.6,2035,0.9027448174601986,-0.10230698499220832,6.034094510156307,496.0845265316856,0.3069268279577555,1.0748806346095543,0.7870998410361786,0.9978874844110913,0.07983864495578867,0.5784531946373588,0.633122174591834,0.07241935865949851,0.05056055162906176,0.1474243897852144,0.9802526920079565,0.17357712079872017
17,SSP1-2.6,2035,0.8671949842793736,0.04297854946342543,9.178639466076815,441.2682690029403,0.2648639749955998,0.942309941994109,1.287380591834831,1.1730166620837084,0.08141134293453214,0.6336851577737864,0.6875478900785612,0.07908779314658727,0.01,0.15419166598017264,0.9885333370071715,0.0765041465384577
18,SSP1-2.6,2035,0.9329646294085319,0.03440535823659045,7.762666255153174,444.00663526462864,0.24340389634933346,1.2720559626223293,0.908144146352233,1.1482645020391726,0.09400218932954825,0.5082434626311871,0.6490656589124671,0.08402706928593455,0.01,0.14239404284056195,1.011516778485964,0.06989033366108965
19,SSP1-2.6,2035,0.7693939788042523,0.016155909909857175,11.723009848100476,430.391576308412,0.3456651682709675,0.9106549208061943,1.160560362885446,1.2029797100634252,0.07263333589950977,0.7710859393236146,0.722154155125021,0.07383114896031139,0.0817879439129882,0.1690607638497672,0.9596549880435273,0.10379749954681504
20,SSP1-2.6,2035,1.2023102689067353,-0.004233217349180944,4.0,454.61212325893985,0.21409193689494574,1.1520043585937854,0.9435066081330452,1.1861139195679047,0.03786054083261147,0.4927972407701009,0.6929612833531538,0.08683742593822828,0.13687953139044604,0.11493217791323102,1.0382217692726563,0.08509843999363784
21,SSP1-2.6,2035,0.937168981632876,0.004967453562142456,5.00719284187581,417.40421486093067,0.2354529529921264,0.829680557153786,1.235968333168665,0.9959482767010271,0.05709309515011968,0.4005807516486538,0.44653157995536424,0.081208561932238,0.1970578747648538,0.12489226032831546,0.9480307283368281,0.06123986938410702
22,SSP1-2.6,2035,1.3786809903749326,-0.05482507079129914,8.35256143287089,428.743647881721,0.292308350308874,0.7229130778661794,1.1144791609584128,0.9294611150126534,0.05348786882355823,0.39493238137534026,0.5566785947245356,0.07791090250883739,0.01,0.14230792260810587,1.0039884279183857,0.1803203255781495
23,SSP1-2.6,2035,0.9917921449879732,0.030110788310473348,7.570019520892121,426.7889832825696,0.25622914738631297,1.035401223116104,0.9567135896000875,0.9227822334165975,0.0776084503758036,0.28340552041589867,0.4673902449082235,0.083127613470868,0.06485093652317929,0.1447355957404462,0.9973856592306569,0.078433970050228
24,SSP1-2.6,2035,1.339678684256564,0.07736854128825518,12.994150214898905,452.8591511440555,0.1424819363547629,0.9588275049568922,1.1270683922822624,1.0078436624500953,0.09253619885220091,0.4698037169686811,0.5008463543087015,0.07838793443734031,0.11425613566186166,0.12855294836829462,0.9515864604143628,0.09546861646821436
25,SSP1-2.6,2035,1.1630858957888057,-0.005196760840126554,12.632407263098502,439.35164105072494,0.23203146111567036,1.1659790418288183,0.9154038213619307,1.1825456270314338,0.048705801744148694,0.5975949194146717,0.7300424478099341,0.08140540317711284,0.17239989857953486,0.12121101139048462,1.021441879462088,0.11760216959751393
26,SSP1-2.6,2035,1.1797755336028504,-0.09472541214031044,12.851908533088535,444.4658893430079,0.21565626574239993,1.1642831411620789,0.9496595059680601,1.205400871793423,0.036200183623997025,0.8997115576667929,0.9474373678822163,0.06753023829015235,0.18795460329455843,0.11547969300983998,1.0273109951646822,0.18835390501322685
27,SSP1-2.6,2035,0.751393481639614,0.09479368833262253,15.632270064179671,429.7463249879565,0.14982376963745603,0.7533403592002963,1.0233707568694954,0.9812272473028506,0.03945572938201427,0.3764936060888309,0.5709451995532488,0.08162024839648117,0.075992742850337,0.13983516353942088,1.017147232366305,0.05414027604415727
28,SSP1-2.6,2035,0.55,-0.15490065837374897,12.090469546414665,443.0035187780243,0.3178575224192316,0.9631867037519741,0.7324965729120513,1.0421599008319486,0.062128962428735356,0.5421017033943253,0.6310719393753097,0.07662083256738865,0.08252003310630932,0.15125013284673106,0.9913810016147917,0.2172191667842972
29,SSP1-2.6,2035,1.4656874316437243,0.05466031820655709,6.113521225742233,450.0178653636982,0.24988741042419813,1.2626509295460928,0.9858215112249152,0.9368052706755403,0.0853889719025037,0.34288725383495755,0.5923940575137502,0.08090861342155045,0.19604469456792273,0.1547907527517479,1.0388950831356625,0.11225216951211675
30,SSP1-2.6,2035,1.0053986006216016,0.13017121688434188,9.1507966918879,451.7429356416575,0.24155723546703955,1.0651601731771696,1.0779154535354696,1.0071384173753786,0.0679182891037617,0.54641279251014,0.6159801169775881,0.07451950592547492,0.13506754491916279,0.18963064085563477,0.9825331688710675,0.08097157230163923
31,SSP1-2.6,2035,0.8423018548020953,0.040979125084140346,14.260831520593353,427.4178496486996,0.24388277698334915,1.0192155494840833,1.3092134239609843,0.985562584447934,0.11986678391945288,0.625850368819432,0.7810654788680251,0.06938585149084023,0.045471183654147734,0.14584853448624235,1.0370573665074891,0.08710476183551855
32,SSP1-2.6,2035,0.9587128132848081,0.0009815693808408255,11.180089513428154,448.45357896020676,0.245517973826234,1.0216165028933206,1.2300449050451805,1.0099223551030758,0.06496762161297945,0.668824872906129,0.724133198464692,0.06854880624485918,0.14347831549778642,0.1264220755296023,0.9947631216725483,0.09339613869827022
33,SSP1-2.6,2035,1.2390705919504788,-0.00013065016756151767,11.291575757235634,429.40601979599205,0.22163550437801996,1.3164274097494169,1.1517332121987052,1.0124404087063206,0.07430102447398625,0.6034321373180305,0.6780660137859015,0.07195403052597728,0.022026823433474688,0.11757242653230698,0.9939776060192781,0.11156816068472909
34,SSP1-2.6,2035,0.9998921433967929,0.027246718497527956,9.010382351582667,448.87570215941565,0.1987042651821221,0.9507824117077122,1.1283842644310162,1.0469995096188398,0.06574162944354765,0.570122004401235,0.765883616423921,0.07548041183633732,0.14865714947936398,0.12316985206250672,1.0482075935025308,0.06612616333786207
35,SSP1-2.6,2035,1.0654239288891263,-0.02676753881297395,18.73173599218202,457.3757470876965,0.19318009120082796,1.1402451884709024,1.1161062122607452,1.1397166404729089,0.07474808763361779,0.4578080976963002,0.5840534331810466,0.08608856806372622,0.039585560186975274,0.10761303192028979,0.9964379276760762,0.1377471742668695
36,SSP1-2.6,2035,0.55,-0.09208336595437712,13.732466572331587,427.6590382506911,0.2394676663673946,0.8448997250276782,1.0463844826252275,1.0275137403621182,0.09659628615567724,0.22,0.399290084257459,0.09193727832719098,0.0741262346536441,0.1238136832285881,0.985120586817298,0.14651560174682166
37,SSP1-2.6,2035,0.7947099127671422,0.003093443021313976,10.764777473306955,433.4353438490795,0.38558618908869013,1.043243837755946,0.828322745016638,1.1965607946952117,0.07028171715250128,0.7751996356831163,0.98,0.07327983023789404,0.10466537698960922,0.17650188769169853,1.08,0.12089263609160168
38,SSP1-2.6,2035,0.9124757229725656,0.03859967602217982,13.809481068753028,472.087928919251,0.4084665304662307,1.2055097574565745,1.052526953733152,1.2071892855881514,0.04362580078162086,0.50652862054675,0.6074330535540939,0.08728568435048603,0.107589476329075,0.20226312367427066,0.9916513995040401,0.14460054540570044
39,SSP1-2.6,2035,1.1359123684138859,0.12215640896558476,16.440438858049358,421.78022134695846,0.3222283731238978,0.7848993800742361,0.72,1.0595675777948994,0.11188797903422601,0.3355859021645138,0.47692666826552044,0.08788395908073042,0.01236578005791475,0.2138581350761566,0.9846484159896105,0.14645155986917588
40,SSP1-2.6,2035,1.1426556165472688,-0.05928071091987718,7.7053604318553095,462.12069069250407,0.26614915014299956,1.227730417486555,1.4273904907576498,0.8664228366225669,0.07318442069210149,0.2576478021819122,0.5161475052302169,0.08138076263211952,0.04852292358334309,0.13315220255004984,1.029919436239199,0.15240976977665022
41,SSP1-2.6,2035,0.9780065692861994,-0.002728170222160986,11.952668906783394,433.14593416631203,0.34016917557411386,1.327919000210318,1.178708673191159,1.014846120511306,0.06358995825177834,0.45669817269234975,0.6236998819872825,0.07942026708522207,0.07698152731662682,0.15905921145093985,1.0162712429640925,0.1316435269517873
42,SSP1-2.6,2035,1.4029562780664848,0.055663492297195034,11.024186876180838,433.7619737317229,0.2700007388774,0.8080456598733541,1.182183988761373,1.1169589325999418,0.07345614525519292,0.76257641379921,0.8089327388547441,0.06962473721926712,0.1371372076270765,0.16233200475568751,1.0050960180313562,0.1321385396214931
43,SSP1-2.6,2035,1.1653356597011924,0.05086614508932783,14.60216124719032,464.5043909806211,0.2988445071158679,1.0302261184639727,1.3633846957957099,1.3049864382975618,0.0783933140549936,0.5017362711112985,0.679810978274444,0.09279130235276531,0.1635822040571292,0.1700286500352177,1.0287821541055737,0.13441261677027574
44,SSP1-2.6,2035,0.7094835369922233,0.025550163237068997,11.423142383238476,441.4948799525839,0.24769078678189738,1.1524104078266717,1.2632668643798188,1.0383317622548982,0.1030219114180133,0.42998457444318017,0.5446333386368147,0.08202055847618167,0.10690754054093804,0.13946685699219857,0.9863742428439493,0.0657973602949245
45,SSP1-2.6,2035,1.2761872896846664,-0.1155490288413609,15.511693240125389,411.4877893533178,0.2535870368600753,0.974034513059348,1.0795881982738347,1.108801344413712,0.11017816381810622,0.4829731857158918,0.6476941902441845,0.08316564387494374,0.09701713787924139,0.12875546290102635,1.019279189942713,0.23640446828253148
46,SSP1-2.6,2035,0.6552154019498633,-0.07765707546722825,8.302286961438652,425.29161279566534,0.24608866252231182,1.0782303448530486,1.1307568421622984,0.8,0.09000053544534334,0.3608366166020738,0.5366811859131426,0.0725677991361085,0.08481545087147743,0.12613103188280914,1.0055533043425595,0.12071697391412776
47,SSP1-2.6,2035,0.8124506381436787,0.057666998431227696,11.52492519216339,447.77333676881244,0.19822295814919505,0.7807957162303507,0.9628391897761458,1.029585401305981,0.10124246726230964,0.3345064230923295,0.5988633620960025,0.08632350814647481,0.06325552090699213,0.1382115345678321,1.04486859724758,0.05924108991263048
48,SSP1-2.6,2035,1.2797505899115853,-0.06416548957541957,7.367304738355461,456.88087667188137,0.2171773203144437,1.2022028786958563,1.0177832470506685,1.0700638556462707,0.07806324720660328,0.5165185965519479,0.7198952362254474,0.07940250855335565,0.1276261458877283,0.1160120621100553,1.0435252717344239,0.1513307601722344
49,SSP1-2.6,2035,1.3712619278624396,0.026524342228296242,5.869968362031117,460.8578552461401,0.3018567775458895,1.1029883647167684,0.9344213210065431,0.8739931012251344,0.09835095982289122,0.565865484208819,0.6503044134602974,0.06637750816322013,0.0919989037973158,0.15891204325520944,0.9928896158791657,0.1198175081224892
50,SSP1-2.6,2035,1.2856058591493564,0.06670493523777739,8.525779005035378,484.176321474466,0.3078228912773231,1.1231459105581931,1.0600223150051717,1.1114317752544653,0.059008483076586626,0.38669269245928184,0.5727108729806496,0.0881213071215071,0.2175160344944101,0.18109047956595178,1.0146093770350022,0.12446181124593306
51,SSP1-2.6,2035,1.0786866652117089,-0.038566608474973924,16.582710642445903,434.8802165509483,0.2641820161637376,0.9847179611879078,0.8822963328181851,0.9458140966998894,0.051378280064319354,0.37072183617783117,0.6334953800241375,0.0800019749364871,0.1503076944680392,0.13246370565730817,1.0497804063350316,0.16326290924107234
52,SSP1-2.6,2035,1.3454935659336607,-0.05319220188622235,8.66456392368443,468.17466349380334,0.35737815850649546,0.7401114315881001,1.1091676863304627,0.9896707785089253,0.07939167698204913,0.3809949782628095,0.5375928762691536,0.08184983146810934,0.01,0.1650823554772734,0.9992716337883993,0.19826198065961367
53,SSP1-2.6,2035,1.1881658101110328,-0.18850179381002066,14.202957102972459,442.8203998398792,0.3157772242840581,0.9345216697194054,1.1859802833141784,0.9378985466571497,0.08957852297665941,0.46401184013044866,0.5479300089671624,0.07491125281347794,0.05712624715329939,0.1505220284994203,0.976633688314879,0.3038090866955064
54,SSP1-2.6,2035,1.390831707127737,-0.06839196496866821,5.203593319529989,434.42370610087164,0.19590466066673687,0.9604331507500194,1.1911797083277675,0.8716304729024491,0.09940640807891539,0.39834350833032617,0.5067882388626741,0.07462638850900016,0.11111319800423419,0.10856663123335791,0.9783581024790439,0.14934686945415135
55,SSP1-2.6,2035,1.029682767962478,-0.06267724875332799,13.892792825262422,432.1995067973561,0.2895721554255605,1.2926260479645069,1.0580072672652323,1.095951411383611,0.06718578687433141,0.5643779459255756,0.6301531094286915,0.07840348639360796,0.07083030958404296,0.14135025439894616,0.9834937248614746,0.1766754193828838
56,SSP1-2.6,2035,0.8040037339631536,0.06901590606876383,14.380397717729608,454.1139832800443,0.3250647435228429,0.8711075152631873,0.9649711042417737,0.9994400598553944,0.08841658313858344,0.6590816871160257,0.718434553262944,0.06847153425179688,0.11993679571182914,0.18828061326737694,0.9952180575027137,0.11040127739286894
57,SSP1-2.6,2035,0.5876693440865308,0.06253382335129802,8.912424759676252,423.7631364470889,0.27956092276211264,1.1567344767073144,1.170592184968657,1.0477617751229291,0.10806840185478478,0.3516073758739168,0.5674629938584004,0.08644718832830803,0.08435524311443322,0.16911323464238845,1.02374526205694,0.05684163358951076
58,SSP1-2.6,2035,1.1471558731676454,0.14508891101547375,12.311434320261057,431.45443605705543,0.36506850626226567,1.0106850146743018,1.2144964254993356,1.1813777313527023,0.08103132049458765,0.7938636580652129,0.8938004626418404,0.07152907955419255,0.09397628601628653,0.24031843269952988,1.0363141041682251,0.14537397763789894
59,SSP1-2.6,2035,0.9474161625708533,-0.010829599188125262,12.606688265164617,435.9339393024359,0.2086557753538652,1.2088807957462049,0.9450307543425924,1.0456055898578893,0.07689953100718883,0.5897819558740701,0.6984388069069205,0.07442235704479822,0.12886390756427,0.1130295213738528,1.0085354741207078,0.09573041297528284
60,SSP1-2.6,2035,0.9738777832093921,-0.04896823750114429,11.570251373891002,447.0950564337291,0.24956918062068464,0.8382661876467115,0.936754461815797,1.248121259523401,0.07575881980792369,0.6129325836686708,0.7027424723010985,0.0841695155601342,0.11251593973716065,0.12734921321723963,1.0029200821085975,0.13866567208763064
61,SSP1-2.6,2035,0.6677413866816915,-0.055313529709211696,18.08755974886244,450.92918646275507,0.250533315637582,1.11793431581738,1.3785538895796945,1.052768097701706,0.09337627568194434,0.5320158462685374,0.712173470524934,0.0776963360243573,0.03231199589337069,0.1276866604731537,1.0345613230305977,0.14248185411978215
62,SSP1-2.6,2035,1.1351178908364503,-0.0758955258106888,16.15047789563181,410.0,0.32928323313513624,0.9870099714387819,1.1921676781279114,1.1568744215795823,0.09505022287096371,0.8196569531550539,0.7836747441475485,0.06892000581191711,0.06979025462206975,0.15524913159729767,0.9736421169464912,0.21828006174835807
63,SSP1-2.6,2035,0.8858918862330937,0.013385112522383683,6.72796354416619,465.7900278025696,0.17003185721955086,1.2604374640884433,0.8051189267233553,1.0929616623262064,0.06545077690731116,0.5727925163115544,0.6581591049302123,0.07782177138660262,0.07805167855177958,0.10620370628803463,0.9944331860661018,0.03812344310246569
64,SSP1-2.6,2035,0.7172634879474082,0.0020154002512312395,13.303612704907547,453.14035261164304,0.27818287594220287,0.9770485084919087,0.9795653151573309,0.8349181610905672,0.04840200996602697,0.5051690121733998,0.6248894297204882,0.06730829652697592,0.13780198357662915,0.13837170670538662,1.0006747552536284,0.09012239469169592
65,SSP1-2.6,2035,0.8898312235627062,-0.08854099210092478,9.589101564350242,446.78777221960877,0.17708662960140864,1.2097565489808724,0.9851852162168594,0.9069651182659778,0.09537951250005049,0.22,0.3617098571197003,0.08544619867586034,0.12488073779681834,0.10198032036049302,0.9666721116769438,0.13289965040550553
66,SSP1-2.6,2035,0.5583145523284067,-0.13360517062557167,12.747734196813386,466.23668223488613,0.3237604025920756,0.9281640363756323,0.994491879282541,1.0617212132959648,0.06766504596164766,0.320895581606036,0.4658488499327722,0.08873444009717321,0.06649097138261831,0.15331614090722645,0.9841141103617823,0.20411380214333605
67,SSP1-2.6,2035,1.0096552708784325,-0.11778613642098758,9.611337229382906,458.1009363199421,0.30835088924632614,0.7964442893601604,1.296550454309267,0.9911768156651506,0.05565320021557857,0.520272496650962,0.5335309484472814,0.07496704985711385,0.09300397364322097,0.14792281123621415,0.9507842285375443,0.2098973223959706
68,SSP1-2.6,2035,1.228565738902248,-0.027376289228459118,10.994206645634407,456.44276195252394,0.261400498432803,0.9185326518850321,0.7672917891277994,1.0855531595550405,0.02728372645582662,0.7040667798488658,0.7735845139723625,0.0708591388297512,0.06837944439293038,0.13149017445148103,1.0072748327132475,0.14477026123669778
69,SSP1-2.6,2035,0.9683613906767479,0.02115303773387799,19.34076536749418,438.3976381333545,0.3106056270005917,1.0048779830294168,0.8711053043365136,0.9105136910248475,0.09216635262629938,0.5581902033808557,0.7902670650466748,0.06872776550152591,0.21039354168418317,0.1592884883171461,1.0641607022215946,0.13919667833357746
70,SSP1-2.6,2035,1.0266394334998545,-0.024589575499833496,18.40113697982665,437.38742062188874,0.31151371874075484,0.8821468046067498,1.049159412995678,1.1602692282003613,0.06884206690000215,0.96,0.954715929366241,0.06208565074925021,0.09951184751522696,0.14902980155926418,1.0107587289616091,0.16946051732739276
71,SSP1-2.6,2035,1.2253247359566797,0.00811992794191656,12.492184589014148,449.92063907795125,0.22509501603231757,0.9831652819866927,1.1213633157268807,1.2850320141450373,0.08038770370756132,0.5840509116523216,0.6163927694385624,0.08760110133288593,0.14815720435058657,0.12284321958226943,0.9701714552164464,0.10930450232551198
72,SSP1-2.6,2035,1.0965608776953528,-0.020079656444678105,7.136535733855027,478.033176233541,0.14,0.8942353745989708,1.1545609023762453,1.0732921916103013,0.07447055422407226,0.5395255849870079,0.6989551175236499,0.0784259926065889,0.16709241947107822,0.089,1.0255654260504925,0.07643800370652522
73,SSP1-2.6,2035,1.0162403789151881,0.07885075716447941,5.077543519250314,452.5729020440775,0.28091127701771923,1.417221035891174,0.7569027027421248,1.0991709056370813,0.08710822972015217,0.7930092720505997,0.8357011315070577,0.06714527747023594,0.08776411649936848,0.17774432553844144,1.0080778239243917,0.07894872165915215
74,SSP1-2.6,2035,0.9065458284782901,0.011086441364624642,9.901202832676661,454.3473602780271,0.18104399793325093,0.9056039721237943,0.8113825266457506,0.9594261141383168,0.07046679174979727,0.6192520976954025,0.6076517606427169,0.06830841664575463,0.09517805724408374,0.10890861995895015,0.9541296186121048,0.05568773299922371
75,SSP1-2.6,2035,1.3491442514095957,-0.0292061367815421,7.494888790326595,410.0,0.21308058376240252,0.970409227663716,1.197472427348918,0.9705865311626327,0.11486690832592523,0.4098967786886091,0.54594433125682,0.07937712812817284,0.09836602698264214,0.11457820431684088,0.9937234924947504,0.12778183028347698
76,SSP1-2.6,2035,1.0599132015992292,0.032656322783910875,14.910644699021281,439.87793317647123,0.3483851500554833,1.050059176194491,0.9472052638648994,1.150719341150806,0.09079294174924275,0.6247294148570212,0.674080740106188,0.07833495531911541,0.12221619672942599,0.1782629639113746,0.984911780474403,0.1423554790622547
77,SSP1-2.6,2035,1.0595761646753268,-0.04247103771072963,13.584125004495462,460.02231986929723,0.2905596733022958,1.0563392084397785,0.9816848480632687,1.2435477989543078,0.08191255771230731,0.5777314676505503,0.7178756783316159,0.0856833080996275,0.08602438989380379,0.14169588565580354,1.0220998830707186,0.1617820527291124
78,SSP1-2.6,2035,1.5644975692122927,0.04702905478955229,14.943106208599756,453.6259775713883,0.17443494376627464,1.1344789423501214,0.72,0.9755290088768399,0.06173303722602691,0.6283295618014626,0.7714928721658116,0.06872162238791056,0.13026163004372193,0.12456675771297226,1.0315304871600375,0.13051849341760247
79,SSP1-2.6,2035,0.9181598430646234,0.012129968339477475,10.139058468717705,476.54485811705587,0.26851308642658056,1.3253202896177478,1.2077400731150048,1.056051330033564,0.050714923465540754,0.4789197643154596,0.5497206936249714,0.08052792955526508,0.036256848558730195,0.14004456441904192,0.9725362155462254,0.08583462364276477
80,SSP1-2.6,2035,1.0520615693805353,-0.007328906419251815,5.675400398979947,458.05916716956807,0.25322762783800923,0.9785313118660532,1.0893680738156835,1.0621543180796669,0.06080009068565537,0.49471710299966454,0.5716871755970627,0.08006668505430652,0.05559932402420911,0.12862966974330323,0.9780463223644882,0.08972318005945408
81,SSP1-2.6,2035,1.0990607853141536,0.024994598328417394,10.578324594918982,425.7079972120344,0.22126170379539628,1.0041727588192018,0.8431362463905433,1.1355084192322298,0.08748528027325297,0.7177011687370151,0.7813530288780839,0.07286731798334622,0.12148804075696747,0.12993889549259738,1.0065370603944848,0.0881105596964424
82,SSP1-2.6,2035,0.6932818834361925,0.1036947279919664,6.985919598559263,442.5285919956963,0.23332219913901955,1.0828918933566065,0.9003223097842205,1.1066555916517422,0.0659949453063711,0.7772142623721557,0.8315392560369533,0.0683380495087937,0.08347957278378254,0.17351013369464005,1.0113073828335446,0.04267844585734029
83,SSP1-2.6,2035,1.1092653553371257,-0.11148956627537611,4.19810982975149,434.17346692091377,0.30958036711778003,0.8557379734119765,0.8697310962046888,1.1019436916334449,0.05654915176955003,0.569050409968376,0.6515701542317723,0.07849252443568977,0.12775761047083048,0.148353128491223,0.9924477934043359,0.19608848742223728
84,SSP1-2.6,2035,0.8806515040118527,-0.10786770276734542,9.317536831536888,444.9114565333978,0.2070148812754537,1.1057690222155399,0.9759217355353655,1.130049694038776,0.04726663842937048,0.6776642510405827,0.7059777694543607,0.07457523251159727,0.10183651533729958,0.1124552084464088,0.9828997113847753,0.15662233460324299
85,SSP1-2.6,2035,1.3560897852506493,0.13240641543515264,8.593191986385506,435.2314048643952,0.19118815380847698,0.8655091957352585,0.8233693555136964,0.8,0.05787480967738762,0.3885567984209479,0.5410892975340769,0.06557945307152661,0.05778034476294354,0.17311906155054327,0.9984637857165721,0.09326432661637857
86,SSP1-2.6,2035,0.9346939632052532,0.07461982865514169,5.496436472469966,464.9679507671361,0.2791232787218478,1.0973203088924937,1.060986420892863,0.9662314008586534,0.057313728018708966,0.7391030371048052,0.8246375914447602,0.06268230819099492,0.04881803406970855,0.17500306188021755,1.0206415128684418,0.07284776338385585
87,SSP1-2.6,2035,0.8979322215046848,0.035257660451129255,9.333948641954965,453.28237363188214,0.24868668456498386,0.8993845587304132,0.9929275969103569,1.0745804696516763,0.06617932876247429,0.7841834445468889,0.8171900148988254,0.06626246844620734,0.1563254993997808,0.144669169823309,1.0019367701888617,0.07457251699574949
88,SSP1-2.6,2035,0.5680354655381354,-0.12255851743139448,8.281284911660958,455.5485485079829,0.22015652239720862,1.0606402637048438,1.0867316290868332,1.0319415389467195,0.05772172456269113,0.6303540593644212,0.6817293704460017,0.07165799528275614,0.10820924279300902,0.11705478283902301,0.9867889540383867,0.14441730072515327
89,SSP1-2.6,2035,1.1420812885334386,0.011774346648277206,9.842647381968128,445.76136105851975,0.2872497593499006,1.248341683850623,0.9695066553791637,1.055316186497083,0.06311938034103474,0.8186774828052408,0.9636431272678174,0.06350045897881164,0.14528805333009973,0.1464245890966038,1.062317197307761,0.11033179551972222
90,SSP1-2.6,2035,0.9892606546735271,0.11265345751871432,15.829755783570736,460.26423127458776,0.19667538243033558,1.144023893749024,0.9731933753515879,1.0006771137905686,0.09720810943862707,0.5453419065395068,0.6984972805855213,0.07422513387713219,0.10889606547824997,0.16516311260997463,1.023399075849886,0.09076978912134867
91,SSP1-2.6,2035,1.217398355493088,0.03635758143755527,10.011751992819297,443.2290043541701,0.14413831448024844,1.008138618875062,1.0279232571112218,1.1118622651164116,0.078961820830474,0.8581181009335257,0.8468917266454825,0.06457321692113048,0.03519766494418636,0.10862720078686458,0.9918368779325181,0.07329832530879635
92,SSP1-2.6,2035,1.303671561691065,0.08145895956307132,11.451945227095807,455.69867637853355,0.2651501180677992,1.0616802120141973,1.2308616047886745,0.8,0.034841795084534284,0.548421917082194,0.5353862937468766,0.06175085434126647,0.17475985568650892,0.1735320211052654,0.9422982460643016,0.1235316349750461
93,SSP1-2.6,2035,0.8306752051205167,-0.08731551749066332,4.0,426.37647367488546,0.3188992172646845,1.069834175151448,1.302377383360248,1.0806012159480518,0.0728169275135082,0.6701806693400436,0.7542825724518294,0.07228680123789291,0.13393726581466464,0.15161472604263956,1.0091111339475671,0.154809889795188
94,SSP1-2.6,2035,1.3070199009012007,0.03625556490268903,10.938711371990435,448.5828778519597,0.277562648307353,1.2562967675604937,1.106358221383731,1.2703895383361248,0.07924225843074542,0.4834989739217894,0.5805196633736524,0.09184025721431723,0.11305033831960677,0.15527470935891804,0.9861270863615375,0.12585468030290237
95,SSP1-2.6,2035,0.7003158281036528,-0.006687062129511768,8.741516464503295,440.67305512569726,0.2951675552308316,0.8973624452408302,0.9241018627350797,1.1342841486042425,0.0707005108069137,0.5874520290773766,0.7358819558627162,0.07931385270174422,0.05410238233390502,0.14330864433079105,1.0276944282624128,0.08373861298191373
96,SSP1-2.6,2035,1.0553295518835115,0.0641773730168138,10.338763216972803,450.4043168732947,0.1876338224982873,1.1844844720182703,1.2708632528535313,1.0843491471987605,0.0801652674669042,0.7657340472394873,0.8381627352582244,0.06771094402565118,0.03998371838741449,0.13776052438280745,1.018391213539183,0.0725149832118549
97,SSP1-2.6,2035,1.4225096042228593,0.0006833630150198066,10.35674349159394,452.30565419111485,0.2076001270977056,1.1947418655153965,1.0451318534581147,1.2669789828174534,0.04271453047585225,0.5129633161649328,0.5700173854212277,0.09018339480500083,0.09036106547919072,0.11300172599170685,0.9711356894833633,0.11882566068897006
98,SSP1-2.6,2035,1.4347168819222382,-0.07436324277161879,17.5625718326988,481.3274410992824,0.2290158166763261,0.72,1.1478529615720379,1.294632826459466,0.08058563357721846,0.5520110486702005,0.5974362448929263,0.08972006129892275,0.10629597979394209,0.12015553583671412,0.9715610137913477,0.2163198959557841
99,SSP1-2.6,2035,1.1747034830443615,0.07284743721801859,11.32998632899047,462.4224938048503,0.26873916226627037,1.0770960214463239,1.0726906170259733,1.3790945193159918,0.054667685939528865,0.4861094448427835,0.5904900358858144,0.09756307879795269,0.037723925402758,0.17048242540220393,0.9901502102109724,0.11293561160149423
100,SSP1-2.6,2035,0.7624864154833204,-0.0009731292808988884,12.24151664645178,441.83952891400907,0.3705308109904737,0.8871845001066365,0.9529711226669326,0.8779292386675537,0.043453460793357476,0.7100242575679295,0.7078268453982268,0.05938151535754871,0.017404380982834297,0.1696857838466658,0.973005081032817,0.12224521444569447
101,SSP1-2.6,2035,1.5223418499631118,-0.04638389927846342,10.209169901272434,460.62943589610563,0.2262390875588295,1.2840389061461235,0.7751875364696391,0.8413807613865952,0.06648578237354046,0.37306675257213434,0.46919149758287665,0.07426139567682533,0.06517004459865997,0.11918368064559032,0.9683393610456961,0.17176723417984882
102,SSP1-2.6,2035,0.8605004394329828,-0.034567426022716674,8.205641473370493,437.17489124130833,0.26205704191797047,1.1465189335167931,1.2007522874110768,1.0182037998304911,0.047796464081401285,0.6863035073169618,0.7121584770810843,0.06812079847117836,0.15419768483196247,0.13171996467128966,0.9830499361245428,0.10797319774569979
103,SSP1-2.6,2035,0.8579296843459702,-0.05131606589586117,12.814741881196664,432.61399518456005,0.2942120407939529,1.0926326215999222,0.9261320501977284,1.0290116004334762,0.059202281089127874,0.7826090681136708,0.7756017284110163,0.06388747892534978,0.13220196205553209,0.1429742142778835,0.9820462577550989,0.14964114376162063
104,SSP1-2.6,2035,1.50443493360336,0.16,10.490711522547915,463.55363412603975,0.34311623544079856,1.0882916377621756,0.9971981488498828,1.1377817152679364,0.058348687910028826,0.7460822910058444,0.738201857470859,0.07157067011798128,0.0962823144347898,0.2400906824042795,0.9758796234335616,0.16255173775047535
105,SSP1-2.6,2035,1.2407869194783727,0.014708227408660209,10.292597553530452,442.58480817531273,0.19349071482684066,1.1625699604599555,0.9132362346941431,1.0168935593512045,0.08967142684857318,0.8828760522113621,0.8832093667250268,0.058221619816035214,0.10263365519840634,0.11507586389372432,1.0014008833268202,0.09045426273838116
106,SSP1-2.6,2035,0.7299763056339927,0.045255961613739196,4.0,419.0578368260129,0.16099770668063285,1.2187937210431623,1.0333562968933843,0.9722220299662916,0.09291682194548012,0.6736517373461781,0.825563127105766,0.0662774455154914,0.029271113608829905,0.1189771781450911,1.0429447006214518,0.014920574059307544
107,SSP1-2.6,2035,0.9427672398821012,0.11899897933474639,4.434070489349616,465.47871507921496,0.189397621989583,1.1384298703381612,0.9215660984253656,0.8090198649341322,0.025,0.7507125077619804,0.8196743458791923,0.05363659810835424,0.0932639326151661,0.16578865736372725,1.0143295581132405,0.042701043808904174
108,SSP1-2.6,2035,0.55,0.004071919528674082,6.81861597513732,446.54675597544286,0.2286114174657238,1.0320588645853153,1.1451180776815164,1.0513389185762445,0.1051993092264592,0.9561461474327746,0.9206348496218719,0.056412865167082125,0.01,0.12204995587734038,0.9953145031440872,0.037235147214032815
109,SSP1-2.6,2035,0.9836487989916647,0.06180407510915712,10.64258997491322,436.9187729740473,0.20486426829217108,1.1293522495152812,1.031774375929867,1.2136309172046693,0.08097511273735128,0.5179577564143407,0.6432654480795502,0.08706108464414976,0.11588394970705142,0.14260453145683843,1.0054265943705556,0.07296969010804295
110,SSP1-2.6,2035,0.6360114074500149,0.029336179912217392,4.63929317454723,443.96573036285014,0.2934202681343468,0.9469827694422417,0.7388436910600037,1.2363411238605035,0.06689922132116209,0.23453699568124964,0.35396673402248396,0.10245497996227232,0.051977341228251255,0.15736518380313008,0.9580182286890786,0.04941560077585915
111,SSP1-2.6,2035,0.7576930668031816,0.05940950957429579,4.0,471.286748419544,0.21456376131490595,1.1876733242828963,1.1373717529548715,1.1148051794371536,0.08381574940725339,0.42579792432207436,0.6426011099647466,0.08634769036897377,0.1412691313915922,0.144802071247365,1.0358650923362704,0.034625163124280316
112,SSP1-2.6,2035,0.623572181916034,0.08574229009567631,15.560567290369,462.9201270571763,0.2012301785428651,1.363527850913225,1.2428526300944143,0.8935101037660613,0.059755922916744066,0.3524066096855132,0.6037748404693108,0.07810136741081994,0.1539001207441338,0.15330170753784095,1.0413042788880975,0.05920599646515773
113,SSP1-2.6,2035,1.4080288065640147,-0.06133111995219218,6.3246156303462575,461.43259112229106,0.26971541623723166,1.0474146500636987,1.0902277639081395,0.9935129137273022,0.040399975687753956,0.6932841807452039,0.7432713328956768,0.06644225554805606,0.1040841719149889,0.13440039568303108,0.9959932441763878,0.17315834753598813
114,SSP1-2.6,2035,1.3862149975343856,-0.002287077421527181,17.114894782060777,450.1629565302156,0.3288113675883625,0.72,1.1569207999651112,0.8,0.053340612525212536,0.6359304773511533,0.7220328871368483,0.05589119645841761,0.01,0.15508397865592685,1.0047128070641405,0.18318941740611527
115,SSP1-2.6,2035,1.0749533623638063,0.009872486564853698,10.078040894749746,439.0046789104124,0.20410034785325928,1.0998209265534453,0.8368102782392972,0.9542535139413385,0.05954658345540689,0.5232132791014521,0.6985104385771892,0.072831832949461,0.0886337604189956,0.1163713650310676,1.0307924734051173,0.07864608190329406
116,SSP1-2.6,2035,1.0316441356388397,0.016636098350530797,9.718921714503068,473.43363677128275,0.21624550391656155,1.1218764371780627,0.9051417061529808,1.2813880895417373,0.06938837982714634,0.26119320937078166,0.4049457327394792,0.10354777512216984,0.025482141838089778,0.12400397554606193,0.9741459538166979,0.07728807816277257
117,SSP1-2.6,2035,1.6432794501635812,-0.02512369419880551,12.118040117233459,421.1761430656608,0.260126553539201,1.2132852914366152,0.8764535194932835,0.8,0.08848267113529754,0.46019830094415876,0.6644661646035653,0.06570312195416417,0.0693610169691325,0.13104429373872034,1.0351153752538456,0.18311411917589873
118,SSP1-2.6,2035,1.0489440822766323,-0.006381765019136226,11.381143240921737,447.2820224758683,0.23035710854426214,1.0541417199642573,0.9603715115061355,1.259730187169283,0.07122271289863571,0.6038017505109494,0.7097455795027436,0.0852511533220293,0.14055506185815025,0.12062498799049173,1.0094060092216919,0.1032379790455159
119,SSP1-2.6,2035,1.2555022123156472,0.0037189440122985537,13.248499618057352,441.94083472498,0.33563030474663313,1.0380253676237317,1.0655854945968082,0.9417107814539765,0.13277365152718038,0.28207442348659234,0.4998335953794085,0.08421339782703834,0.2258532596208018,0.15933007866747087,1.0137567392732763,0.15413481991807776
120,SSP1-2.6,2035,0.7754195829805663,-0.09998457827264623,9.74931004328234,452.1014597197741,0.3045071692231699,1.181318141285146,0.9898091573928413,1.0430660142936612,0.09462688241515672,0.45030140063943785,0.679894045465026,0.08125963842999448,0.17917616757957658,0.14657750922810947,1.0459928274875567,0.17403234797846343
121,SSP1-2.6,2035,0.9951666976616355,-0.0134532505492719,9.444859944058805,436.3069278684457,0.3039981010763277,0.8442205208104099,0.8784889135435432,0.9948959622950229,0.06019639986194225,0.29205520492804615,0.5102463896543633,0.08657817618486814,0.16078289410358024,0.14639933537671468,1.015536708330707,0.12066394964247759
122,SSP1-2.6,2035,1.1573522724596137,0.019150333767261975,15.311528774868169,455.2841936400529,0.2629249918408697,0.9545275646520224,1.004573953461356,1.0368230047142175,0.046884182340722155,0.5753960452602791,0.7385358402966907,0.07466874414467468,0.3014510791111855,0.14159891402793537,1.0330217508551258,0.12485546662026267
123,SSP1-2.6,2035,1.3626091440104187,0.01803276959328267,11.100910876958576,431.17857583300685,0.32674986626808267,1.1009227046638306,1.1595761498474344,1.3231903320357046,0.06840436376620027,0.498737836159048,0.66017078251198,0.09392143376320092,0.18508090706963298,0.16337883799047026,1.0201415355626062,0.1472094278282976
124,SSP1-2.6,2035,1.070197199155462,-0.04401638940897589,5.755911049399281,466.920866939926,0.31286909986615014,0.9047296971206336,0.7967890390862877,0.9272347723695566,0.03112106712192733,0.47424889887875155,0.5401785303727981,0.07382519664519238,0.23644561147526352,0.14950418495315254,0.969411100666394,0.14107210982338872
125,SSP1-2.6,2035,0.9291702571946021,0.008968433493228177,9.428135411848483,423.8160586020618,0.2301155174925871,0.9554423554127955,0.8218110706998815,1.0232659189961757,0.06367581998898537,0.3053029617517603,0.4086057493179703,0.08744340139682145,0.10135918607604688,0.12502464786901957,0.9612180518876887,0.07252692822880613
126,SSP1-2.6,2035,1.1730048413732028,0.16,4.0,454.693892575755,0.2604199018173309,1.064523689129819,1.067273017614507,1.127718934484033,0.05438287746427402,0.32469940143136067,0.47923163315280437,0.09209797255449528,0.027088391941462633,0.2111469656360658,0.989414056088108,0.08575724678703617
127,SSP1-2.6,2035,1.004322202278878,-0.03919604338126465,13.165462981240536,456.40186810748156,0.33151433398665364,1.114525453892941,1.0198772283967543,1.058510760302186,0.04955248501296976,0.6992126598242452,0.6808416840885503,0.0696457156404439,0.0674096104223108,0.15603001689532878,0.9633669279275948,0.16585121918068746
128,SSP1-2.6,2035,1.2073682233282306,0.07135163720179473,10.17669447835833,439.56797528834477,0.18613611274924668,1.1761178636713874,1.0713552675888836,1.0825110268142715,0.07665559863988645,0.7064099883462922,0.7184599708409711,0.0705781712573,0.17744481075913565,0.1408234580631337,0.9794314877576054,0.08471189348379458
129,SSP1-2.6,2035,1.0356599525762529,0.0881745214701914,11.68131798589883,474.35915131276164,0.24036316684631104,1.1197971549160788,1.2823910969119128,0.8839856693545756,0.09576032745720464,0.7246850491104011,0.7036653426275534,0.05897459127895709,0.12936246557609768,0.16821436913130458,0.9660681227141269,0.09296703137936412
130,SSP1-2.6,2035,1.153998209207591,0.019722210458262283,12.417128455620665,449.2919156975831,0.29751865111671977,1.0341705729045318,0.9771040476638191,1.0944749989633806,0.05191561230360052,0.6002436474298531,0.687024309124873,0.07653070218807399,0.12256740287093845,0.15399263311998304,0.9994396905374449,0.12458892209322156
131,SSP1-2.6,2035,1.2701480728225931,0.03916348164777303,13.494987386129576,449.57803833461156,0.24832103282620735,1.0842990304136941,0.9176915282973882,0.9515286949056951,0.08617567840112382,0.5940026440402654,0.7299177637689911,0.06914564367752415,0.11613993688530379,0.1464941023130591,1.0225798377669726,0.12302744698216996
132,SSP1-2.6,2035,1.0902857177362781,-0.06759002570232066,13.927591906893316,459.13100339045343,0.21843409718824233,0.9452113410708958,1.064062031964081,1.1210176172786193,0.07186474870774733,0.6507192350197336,0.7445787903870213,0.07543614071786205,0.1462249007772075,0.1164519340158848,1.010844039736132,0.16321007569896823
133,SSP1-2.6,2035,1.1206901940424165,0.08302476953160777,9.873220774255325,415.95492547081847,0.28855864985238755,1.180000113367707,1.0400019486183314,1.0666197169826421,0.07112282727444655,0.4230189710785447,0.5801889723925846,0.08389203620667655,0.15586794610947888,0.18250791221413953,1.00615407173814,0.1089998874648309
134,SSP1-2.6,2035,0.9185310579768065,-0.03149896228729077,4.0,468.3508919625738,0.3207560144201328,0.8185418589513607,1.1110909628908765,0.8863235700905789,0.07599175396891619,0.6825717068034148,0.7008751740958317,0.06120614535701427,0.10056928048170709,0.15226460504704648,0.978756602975941,0.11712966887108589
135,SSP1-2.6,2035,1.1508665127126014,0.006735938372439138,13.619933765796025,444.70087173832854,0.2677613801127978,0.8768670468575679,0.8567467208003315,1.2238393469608246,0.06751554196877337,0.6883219158726676,0.7543731593027173,0.07909256135041103,0.08909443003429088,0.1370844522256988,1.003099725922749,0.12203000399323963
136,SSP1-2.6,2035,0.55,-0.03703832653094566,11.909976400088794,419.4267718080089,0.21202672891883043,0.8616985690760848,0.750080839937246,0.9352579443945956,0.060953689198531176,0.6393065356309864,0.6548029289057511,0.06600433176277505,0.07849981138845372,0.11420935512159064,0.9705820197503703,0.08532289991834045
137,SSP1-2.6,2035,1.4973470186880395,0.021990601012051577,14.42198706371443,445.59969299872927,0.22446765167280275,0.8252678162719704,0.955964011870761,0.8526151591003368,0.08430009764103608,0.3111476994870486,0.44213923678641776,0.07796227743874262,0.13602513072610634,0.12955897859150675,0.9757288660118375,0.13877809903897947
138,SSP1-2.6,2035,0.8792397447880066,0.09019260495086452,20.784165389891577,479.4730622576283,0.23268983215812725,1.48,1.102079974024973,0.9330846094437545,0.07779507899789234,0.596495007981123,0.5640472415415555,0.06802788241714601,0.1640929847842357,0.1665377437307768,0.9403204940925196,0.11181594549745799
139,SSP1-2.6,2035,0.7905597657950418,-0.028546759144458353,4.0,437.9432164973466,0.28407176155208264,1.0270322841631152,1.0746141805843827,0.8625156620756658,0.10408059936512462,0.445670616578857,0.5679597934688888,0.07176923559051607,0.1524164763587782,0.13942511654322892,0.9925891255140397,0.09166732473011925
140,SSP1-2.6,2035,1.4504782759589607,0.05702668536469802,16.185832197190464,452.67075810985693,0.24100322203378824,1.372812878981433,1.3492274451633353,1.0256801432808687,0.08258727549955819,0.7364413765387345,0.7086543127128505,0.06601647734972543,0.12457699081066778,0.1528644703941749,0.9645927776362871,0.14679515874948026
141,SSP1-2.6,2035,1.2631480646446016,-0.0035921910645482086,13.377224959392086,446.0619372816864,0.27441358179316133,1.1125208555803883,0.72,1.004119938812679,0.05652287823211913,0.7332684885705112,0.749371998888827,0.0650141876613879,0.12583188299686907,0.13604475362760646,0.9856406276335226,0.14157253424771032
142,SSP1-2.6,2035,0.6813106511451577,-0.025610773377188947,14.530296125601692,446.9216130004946,0.2670220754958299,1.1353133478308004,1.328841457695329,1.1261476747046555,0.07532671030111784,0.6915834701242072,0.7119710154362986,0.07366916282404032,0.04175591538285327,0.13345772642354045,0.9811953619145385,0.11084524293703005
143,SSP1-2.6,2035,1.3143516413027347,0.01779028945022558,12.041217757458268,435.517289186738,0.2579249398542859,0.9499875727096221,0.8839776080605607,1.1648365407673134,0.07638226590414317,0.528003105015532,0.7552380655557338,0.08393142771361718,0.15163710018578352,0.13916887367411285,1.0570416502167208,0.12440187210063317
144,SSP1-2.6,2035,1.0121662650402283,-0.05840641624154765,6.531489710669604,449.09736834777857,0.2517732505378798,1.0797986788631293,1.1770116699057684,0.9508730993923603,0.06434276462696922,0.6490873119383125,0.6743252601156329,0.06635610898574992,0.06060735087896986,0.12812063768825793,0.9769007086533577,0.1311196697790612
145,SSP1-2.6,2035,1.3007131846536653,-0.037515226191166845,11.792754653617925,467.47691897166123,0.27592461324465106,0.8508789288641065,1.2715307098006456,1.0761652226708507,0.050400579597139936,0.6426093416586557,0.6498673496438911,0.07342650644549763,0.046519064216873754,0.13657361463562787,0.9670565623187661,0.16718941235141183
146,SSP1-2.6,2035,1.197274243961099,-0.03614711489598279,12.195165356323326,451.555743147753,0.3625962166675122,1.0688335688742712,1.119316754242413,1.1628458528159709,0.06036427576803305,0.8061138393515481,0.6898692525758348,0.06991870010712871,0.12081194561978542,0.16690867583362926,0.9321130859827839,0.1865181403719146
147,SSP1-2.6,2035,1.2580472632467379,0.053596519542462015,10.676560828579237,470.7602223090422,0.23874351460093954,1.2423311453037635,1.5092735871687402,1.145596573846428,0.056041903265164554,0.6454762405626706,0.7371323628201311,0.07702177271744337,0.1817723572318391,0.15035848988155984,1.0089387276256891,0.10803900199170734
148,SSP1-2.6,2035,0.7239720885324876,-0.02056590997091874,11.056910860962029,418.12277422435443,0.2567831594721947,0.9234776984888278,1.133571563949292,0.9779861985700141,0.04153484888415522,0.8279364373425477,0.8973940908610252,0.05887358882510414,0.09556939297593968,0.12987410581526815,1.0267041357025182,0.09376147508359797
149,SSP1-2.6,2035,0.8501440839484662,-0.08069749466627267,13.455930689336453,428.4685733217085,0.2835625252446295,1.2344668070278668,1.1734587471184863,1.0648810104285606,0.10047799862320045,0.847352957534582,0.835395436688186,0.06258171422327032,0.11178658672412067,0.1392468838356203,0.9897868452772017,0.17218715768292434
150,SSP1-2.6,2035,0.9454672837217881,0.030945326449272434,13.217407888546884,444.3176935714135,0.2030064301620228,1.1079048860430118,1.0072829006967532,1.1315676191102142,0.07370282188719415,0.5916769208260187,0.6631714987729945,0.07895633344924904,0.09922615266874188,0.1265249137813442,0.9905898581910026,0.07893265072096821
151,SSP1-2.6,2035,1.249246639660761,0.03192247662242436,10.8919002462111,440.42247644834725,0.2558557404474666,1.0875304618771042,0.7911110849241476,1.227167842353354,0.06911964106757751,0.4111562364153011,0.6255556916973973,0.09313007199826169,0.01945504807974227,0.1455107474678255,1.0323850031862691,0.11361724881100609
152,SSP1-2.6,2035,1.066947469736169,0.05182993557551124,17.682240288943316,432.21958287052513,0.14,0.8895644044869546,1.3409693396287803,1.0348430603232883,0.06683933152037452,0.7447753285935166,0.7938104844933024,0.06609316758773201,0.08034157479461887,0.11491496778775562,1.00361469178804,0.08963575086708139
153,SSP1-2.6,2035,0.7819136187096701,0.047556871499912654,9.687938806020844,410.0,0.30080753984227754,1.3042150197484905,1.0002765308070933,0.9243993193146701,0.061581614540998135,0.5596990544990305,0.6351935577515901,0.06940001062276148,0.08114210722427269,0.16906107469475345,0.987530025794377,0.08259556900391596
154,SSP1-2.6,2035,0.9615683448486326,-0.016517903395941575,12.556184774184672,440.0862459542107,0.2002011649630221,1.0908774632226848,0.8015802666800199,0.9691354371363502,0.08794600987798126,0.6209677840584771,0.6309882966026161,0.068745442027495,0.139220752906966,0.11007040773705773,0.9650130089628545,0.09873167687224796
155,SSP1-2.6,2035,1.2890899622343455,-0.14311431006092365,16.334996204482177,441.7137600902396,0.22738191568274704,0.8061194026862208,1.22003395768376,0.9565768860244177,0.07749689911207182,0.6169272196169946,0.7351081386529096,0.0682712405743112,0.03136849078005759,0.11958367048896146,1.017475199844737,0.254947556925502
156,SSP1-2.6,2035,0.7406030696567469,-0.12580280495163798,17.214803252666755,432.99508502310823,0.2828935117501435,1.2325958317243668,0.7766966444894867,1.0898405188660136,0.06975174244237171,0.5244815693215987,0.7054764103506289,0.08006925716516695,0.07135641633265213,0.13901272911255022,1.0337887539404078,0.21398925994115242
157,SSP1-2.6,2035,1.2361389892827717,0.02405408888449979,14.051327965956705,459.24356178290003,0.26365067621148913,1.0162934167264412,1.0516131294290956,1.1681599355309398,0.0917421367333437,0.4152597601581705,0.5667329563596055,0.08974754698221898,0.06315113630307564,0.14430478111627107,1.0021385568219152,0.12713646988662586
158,SSP1-2.6,2035,0.8272675152975588,-0.02358151737859082,8.961888592355207,455.02907199154964,0.35553742261912646,0.9673271407311277,1.2448911538038436,1.078230828488317,0.06400840828600786,0.9435920089302217,0.9303064948187845,0.05848859801055213,0.14687734366755992,0.16443809791669425,1.0042532013845147,0.1290817022822802
159,SSP1-2.6,2035,1.1850511433415751,-0.047609809546918715,7.862816880853415,440.75300984420227,0.2900171797872869,0.9653352320097144,0.72,1.0327677646904148,0.07156098492127047,0.6544233417543274,0.7537735482407113,0.0704990202417675,0.10538189009133948,0.14150601292555043,1.0141213317798137,0.15481301395701447
160,SSP1-2.6,2035,1.0218521051355107,-0.012868077775408177,8.412921557924907,435.5641354581915,0.2525031911929997,1.1314538117335615,1.2505227629820421,1.1027488199979005,0.09884879396985752,0.7167437856344012,0.8000503790812974,0.07115120871816688,0.09009031417724882,0.12837611691754988,1.0160353514717713,0.10193676076069182
161,SSP1-2.6,2035,0.8141516544871279,0.10876487832877917,18.25931023218652,427.88162992929375,0.3514180631818067,1.1256493330392052,1.0114688760237922,0.9488609727685668,0.07209713063450456,0.6066208691585938,0.6515388509552968,0.06837108584499313,0.06193037900375033,0.21737876127802191,0.979890723964386,0.1347091855828197
162,SSP1-2.6,2035,1.3307163832008813,-0.07093419553319638,5.360775946733938,445.84999300753464,0.21039210578826062,0.9970907645634888,0.9395649871302734,1.020024558025707,0.08887496488801044,0.47720784643800734,0.6646018546509008,0.07867362234102232,0.1315249865455579,0.11363723702589121,1.0295038911813184,0.15145829821213658
163,SSP1-2.6,2035,0.805415595174593,-0.05186344300438731,10.719610737899329,445.0087148962326,0.2722926793327916,0.989095282943478,1.1424313187500794,0.9836637195675564,0.04094003061536605,0.44173440871235126,0.5407282332490283,0.0784894029257124,0.13349525921767577,0.13530243776647705,0.9805348827957271,0.13036798364066846
164,SSP1-2.6,2035,0.8418091323771095,-0.056663157939687334,6.896933816984083,446.36762079521816,0.1879488655265672,0.772429324624244,1.0364987157553305,0.9150933933191728,0.06453806759841367,0.6635572995379516,0.6541067905918355,0.06370601004798096,0.055281162609247834,0.10578210293429852,0.962144933208414,0.0955948391482372
165,SSP1-2.6,2035,1.6981469248196004,-0.015134172064806202,14.996998911176181,431.92778322439,0.25850796274936316,0.869085644541058,0.8868416897440882,1.2301477877006886,0.0822591056023482,0.6755187008553775,0.7147014990417563,0.08007240737188359,0.04408171155234706,0.1304777869622771,0.9878984932076853,0.1902391502984807
166,SSP1-2.6,2035,0.8947696263324467,-0.009148726467746606,8.054570514742295,437.76503724116833,0.22686381446167478,1.149000472763547,1.0303470790889098,0.9176411298048589,0.07857315927282268,0.22,0.4271224618914348,0.08602106083564624,0.07343013886499002,0.11940233506158618,0.9987837540194316,0.07810500874034469
167,SSP1-2.6,2035,1.1889142142851628,-0.01860834736934234,4.0,424.4136120995383,0.14,1.0266569991189765,1.0384481068123013,0.9019965066306048,0.0330002601313141,0.6377646733644561,0.6759548551274766,0.06429042438111744,0.17391798098817654,0.089,0.9814803942812809,0.07508980923058661
168,SSP1-2.6,2035,0.600378177032923,0.02329727115333346,15.153540701724166,438.2397187561037,0.254384715030216,0.8909360702374809,0.8595368849728543,0.9736668345434994,0.09737650426566925,0.7028014464659914,0.869682337140496,0.06489775722904272,0.14018765118604995,0.14068328583724232,1.0548725190123234,0.07275765883182131
169,SSP1-2.6,2035,1.0804567387957371,-0.031752811411045447,13.107801196972595,422.5474241444189,0.30554027465435213,1.0450166425148455,0.8630320052762693,0.9879260308614896,0.04650187042468365,0.4348280036788299,0.4958159574184584,0.07906423224706179,0.1427266082378546,0.14693909612902323,0.9607925218682738,0.15778276576964007
170,SSP1-2.6,2035,0.7428852630232775,-0.06554761907939842,17.470770000278964,438.8548058381501,0.20574809783350112,1.0527158476699507,1.097897032797293,1.2497533760128208,0.08603191706417805,0.9266940055243245,0.912894880804205,0.06856932766293566,0.09158827404225517,0.1120118342417254,1.0013465425506716,0.1406659041819363
171,SSP1-2.6,2035,0.9240387953783529,0.06017828903448932,7.433698560428026,413.3029809685545,0.2754057173006538,1.2247027333475908,0.889417528124394,1.0031998427718982,0.04542202975277737,0.5849374307250605,0.5214867152853411,0.07238119692069532,0.15862310099055393,0.16648114557247348,0.9232852742653108,0.07816723086793449
172,SSP1-2.6,2035,0.9075269123586814,0.03775098048727829,13.663283360545218,451.103480079556,0.27318481259822325,1.0391648697236213,0.7266240623504125,0.8485846598393684,0.055467458965896256,0.8114766422181097,0.7396771633297805,0.05272880341890665,0.12392663768229334,0.1544901746530173,0.9547740410687197,0.09996596177087375
173,SSP1-2.6,2035,0.951245395776533,0.10799654643017605,23.858643690512793,429.10975108454943,0.23838267623126513,1.0413150023834752,1.0021934310021001,0.8178129591601926,0.04975736277088688,0.7562186187304668,0.8083965125675701,0.053834766864410105,0.07207528326077536,0.1774322098960308,1.0069551272624186,0.13177775781372034
174,SSP1-2.6,2035,0.9763881339809976,0.04121308593561234,14.024380407063985,470.1150634511485,0.27187323739958646,1.3900187459937836,1.1688069075706138,0.8595300371499673,0.07014418903055357,0.6111428159867494,0.6300179312882759,0.06333486120104538,0.10351153390117769,0.15576217605766143,0.9678164007866678,0.10695706468337557
175,SSP1-2.6,2035,0.837274202356275,0.050314433840195856,14.13514697702645,420.6121029202655,0.3324218228083485,0.7624569397883132,0.8947998430822773,1.1893828662027386,0.058677155321619864,0.4673955379737703,0.6180611205985218,0.08828353128145894,0.1689917376711252,0.1815048549030199,1.0099321487083939,0.11474242268006067
176,SSP1-2.6,2035,1.1294944657708923,-0.013720057744428443,15.208542690773353,457.5952042185153,0.23645878848233992,0.908112130579023,1.0058496834809747,0.8,0.10261699383470185,0.6560294129907649,0.7570057077442215,0.05742481123085927,0.16845728873108007,0.12276057596881898,1.015171892483337,0.13301848845848752
177,SSP1-2.6,2035,0.9546250023675067,-0.05987947066802003,11.831423094963478,451.43845266635435,0.3366802020654993,1.0186351993703655,0.9312984246251614,1.2158637457938184,0.11628647985218966,0.47246921975510825,0.6065397423072262,0.0894557407088348,0.144177601879808,0.15783807072292474,1.002582512138024,0.1750716113133472
178,SSP1-2.6,2035,1.4744818690391759,-0.046009306216137635,10.84976226711806,436.1054484866187,0.18146037958188016,0.724104891052928,1.2248312710211258,1.121446362116758,0.08290474934284682,0.8026196554080294,0.8263560111966402,0.06786420595896242,0.11820649880728608,0.10351113285365807,1.0002820987094156,0.15529006972775677
179,SSP1-2.6,2035,1.11471486193004,0.022458140065367345,8.558923631967247,443.4663340263503,0.25528468616020283,0.857728923528154,1.0554389336313437,0.8905081968628701,0.06502054291940047,0.9002761800800514,0.8686311200757808,0.050546247750151964,0.1906615198112917,0.14057871018875465,0.9884358104686607,0.09268852022129935
180,SSP1-2.6,2035,1.3252768958091115,-0.019102346157334967,15.34945606432525,422.886500152376,0.29602069154153227,0.9261023705270275,1.013771455056994,0.9631792234576151,0.0729327836030761,0.22,0.450391242136837,0.08847311203233311,0.04371577103709244,0.1436072420395363,1.0102066097762654,0.17433741552699022
181,SSP1-2.6,2035,1.0838989537123482,-0.029890567872048204,20.144737168367417,449.4110537575052,0.2226169172137574,0.9960083102650104,1.0428675505514822,1.0709920443077023,0.054963598119179814,0.8366278491755745,0.8829064551782311,0.063447025311636,0.05314405083756222,0.11791592102481507,1.0166906723445217,0.15686601545800175
182,SSP1-2.6,2035,0.9676716565835206,-0.09036007198870459,7.204483467079143,447.4783301761404,0.17149745248103937,0.72,1.0101820563396424,0.9202573492781513,0.0999211813885304,0.42055417869016193,0.5526610489077451,0.07613422525739234,0.13128546544068442,0.10002410836836378,0.9934631563592318,0.13023418565692635
183,SSP1-2.6,2035,1.4198772154527801,-0.008083618741745272,7.966685682047757,430.5292938078157,0.23614237854553066,1.109860435755357,1.096162008810121,1.5185300872350536,0.07393921966263423,0.5560983278817341,0.694517877790097,0.10157170368780079,0.18385584561032825,0.12264983249093572,1.0178548618258905,0.12582984185036786
184,SSP1-2.6,2035,1.5382797108550634,0.04457677057390777,11.236201360978358,430.8360023937695,0.27666374505098573,1.1905709325162066,1.1645767128318498,1.1925727700791162,0.05264458332360594,0.40697801619773055,0.5820202685607296,0.09147617142514279,0.17992007147103906,0.1591206960547989,1.0124078340681704,0.146944137146827
185,SSP1-2.6,2035,0.6402074649859352,-0.08477362769828241,11.883521058538069,433.957772199615,0.23435835566130464,1.1720325081690455,0.9289442939882726,1.1695137801902358,0.044321940637176364,0.4390835484738806,0.4658410491477829,0.08862925689424174,0.11959683900663914,0.12202542448145662,0.9446569886729035,0.13525447684378952
186,SSP1-2.6,2035,1.5836397180359187,-0.07037024631197245,8.137667226734301,434.74443334126255,0.21075658441238945,0.9329880776442192,0.8331366302292148,0.9601547431326111,0.03715861144219864,0.6970640166749666,0.8069280704071892,0.06445705456569994,0.11883384507214428,0.1137648045443363,1.0259811373607586,0.18392258606642609
187,SSP1-2.6,2035,1.213192400242227,0.007932210532816196,6.607103863517028,420.00408405520875,0.24230341700396327,0.913668266028721,1.081237997909812,0.9057459185841314,0.09068804938763765,0.6472745523991159,0.7599386708064757,0.06401682184226666,0.15805718496032917,0.12877230121779523,1.019534242358674,0.09131368497832282
188,SSP1-2.6,2035,0.8208582330418521,-0.04029942207467118,12.686010418591,430.1426477648164,0.23130657143299863,0.9931662167246007,0.8509274780949486,1.1174842137096708,0.06129531297175076,0.8657838286035514,0.8641252872937476,0.064492650846497,0.20527071597901486,0.12095730000154953,0.9977380302503632,0.11653765366617222
189,SSP1-2.6,2035,0.6746593988342995,-0.03330825441571793,13.034413748339801,463.92266218980126,0.2237389936326196,0.9378853376959435,0.9379016013755019,0.8989356261408035,0.07235651698171511,0.7211452559201464,0.7664485166287877,0.0599565786115744,0.11742755526700493,0.11830864777141686,0.9980706009142432,0.0968866821608568
190,SSP1-2.6,2035,1.0201893570196576,0.10003210932127868,9.24254622263065,456.00922475373505,0.3805833231673011,1.0139926609938288,1.2027940512858457,1.079812856790658,0.06947229731139141,0.6085520455796851,0.7200097024040067,0.07532578231743578,0.160295832974743,0.22322021776919473,1.0128590256011847,0.12746577136161868
191,SSP1-2.6,2035,0.8744254329345312,0.0853318864659322,12.90095144729746,461.77222501939394,0.29211505574172264,0.9805990504384703,1.2120257505425776,0.8962260127904218,0.06325975963144828,0.5301411094243913,0.6144974372554308,0.06936088367903391,0.11346935822568162,0.18490621274256905,0.98723709157936,0.10024406654736705
192,SSP1-2.6,2035,1.294622079408396,-0.01584334513078242,14.494844925089046,442.1997388670812,0.297262010308765,1.1713846819209717,0.9666594855063412,1.1238039304819747,0.08656686109512508,0.535907498610998,0.6458872430097532,0.08132675978771027,0.07505124470873373,0.14404170360806773,1.0007217070320984,0.16608469538223575
193,SSP1-2.6,2035,1.0935380720395478,-0.021371275511212748,7.664203614441783,440.96724223032504,0.28112244062593245,0.9205779061375483,0.8135550472217131,1.331551021496359,0.08676621748679725,0.5820199635726397,0.5859231615148763,0.09020751836347965,0.09801436540284546,0.13839285421907635,0.9558916150855999,0.12156424784237653
194,SSP1-2.6,2035,0.8538905782938713,0.0059552723899959316,6.404320019257983,448.24051400041344,0.24462023858881646,0.72,1.0262477890565977,1.098029101389515,0.07712359326586946,0.49586108487068614,0.5712458906554215,0.08194120506205495,0.1660442624157441,0.12859471970108372,0.9774478096267378,0.06147026620272443
195,SSP1-2.6,2035,1.7515491389736995,-0.09855940367439252,16.943885999752464,439.8292854141302,0.28180917856100984,1.2923216669320567,0.9015401946910035,0.9642056727673763,0.05378913125529324,0.96,0.98,0.051528382379781794,0.1104678362387218,0.13863321249635344,1.0402982987717058,0.2786195244440597
196,SSP1-2.6,2035,1.038576374661482,0.06614127225169898,15.805511719994499,464.0835690080638,0.2857305639239189,1.1969208274889362,0.9709686268147341,1.1538655271562572,0.06245040601631094,0.6791169852119705,0.7415154264589475,0.0757849868170461,0.19329556933339181,0.1730763334992211,0.9998605211981783,0.12371914612308049
197,SSP1-2.6,2035,1.1938659627824189,0.028739544133020635,12.265348780836995,472.97006851806134,0.3165609017184943,1.0092325909912299,1.1003602507535817,1.0879909318470529,0.08180693685040154,0.726738806741829,0.7673717088343974,0.06985680214698062,0.16187973764466304,0.16516608766798332,0.9966565753954317,0.1336362440355252
198,SSP1-2.6,2035,1.1076157647909715,-0.07219360925728333,7.273322573805827,443.7789346836846,0.3139782160651778,0.9290160979912456,0.72,1.068081568760691,0.050933435410665605,0.6596930812461407,0.7552977156324918,0.07213704579403786,0.01,0.1498923756228122,1.0131104245526934,0.17374498119317278
199,SSP1-2.6,2035,1.041081066103005,0.07597267864811526,10.421923656092435,426.19491448540896,0.21932445990230962,0.9903982063824,0.8489891425579785,0.9433125703791317,0.03013734398512089,0.5607892287716479,0.7657744149548971,0.07036390773567854,0.07923854827025584,0.154749900289866,1.051269435700632,0.08181087480819042
200,SSP1-2.6,2055,2.0633313797535555,-0.028732384684392542,20.640475909934807,501.30157952815193,0.33562173935036566,0.72,0.9723487988950917,1.0493316388004041,0.08969487520855321,0.6494152789216773,0.7184554327684547,0.07067209352778404,0.01,0.15746760877262797,0.9984551302499324,0.27997241071609236
201,SSP1-2.6,2055,1.7874950351812566,-0.1139260016294883,18.755926346083726,467.52733117473144,0.221105257776412,0.9775699655865997,1.0016488473998808,1.16739442856304,0.03353108987893139,0.4349990023145169,0.5960213517299785,0.08775013449920707,0.13721811050035354,0.1173868402217442,1.0099271784402708,0.28180711175391826
202,SSP1-2.6,2055,1.1384461236255523,-0.040667483669349185,22.215228417231,474.6567226573722,0.20822030295854405,1.173604498424178,1.2520433485344606,0.9197385029620048,0.04344129782686894,0.7759431289201465,0.7648116564402365,0.05736760909810062,0.06685897346018135,0.11287710603549042,0.9789745250347726,0.17383335871825573
203,SSP1-2.6,2055,1.3632245700985068,-0.04518346919432824,10.75055758037752,465.4899217430363,0.2134500494181812,1.0445282072680109,0.902637160679858,1.021477582747412,0.07200421680246835,0.6725078576701687,0.7453872533575029,0.06801763080289067,0.06618563696917742,0.11470751729636341,1.003967483160514,0.15481264684049106
204,SSP1-2.6,2055,1.8701075165622414,-0.07615442937678168,17.022347779783665,478.1328542352354,0.14,1.3780137445562166,0.8563429503913155,0.9648821235675544,0.10209204861561884,0.27757692846782617,0.4747376476924451,0.08471672946101547,0.11002931221711318,0.089,1.0029382560186677,0.22832491339779512
205,SSP1-2.6,2055,1.6651415342598674,0.01677375301260739,17.19230060363007,468.86872185213076,0.18670673231317655,0.8964932105234673,0.72,0.8672680998905862,0.07379138591081062,0.5547737505825614,0.6470014857917772,0.06560074861882656,0.12293504984135958,0.11373423281591549,0.9949708010124029,0.15193422949920135
206,SSP1-2.6,2055,1.918100515926726,-0.10147886154805999,11.476431359680786,496.2934424002387,0.24570528811166403,1.0179321260698049,0.7844002146855953,0.9947733016288626,0.09472496391590543,0.5199181738439926,0.6222370045872276,0.07420919216473912,0.1513003418412787,0.1259968508390824,0.9944491173105353,0.26292194138625685
207,SSP1-2.6,2055,1.038179414827824,-0.09992223258194541,19.720633031277096,474.4425985475102,0.17105485410671642,1.200516304777574,0.9514846085947148,1.2456431332309803,0.07728859127719281,0.5657617041641142,0.7062913644146726,0.08542539119653937,0.11365628517327568,0.09986919893735074,1.0204087627407823,0.19227459810809447
208,SSP1-2.6,2055,1.4561757868269853,-0.02994365388103764,18.698599875663916,472.17150366329946,0.3243362626700196,1.0354359418019445,1.091633463583289,0.9430544888084174,0.08595134341783987,0.96,0.98,0.049420241705068625,0.06540905449293483,0.15351769193450684,1.0480443109027446,0.21673458181755564
209,SSP1-2.6,2055,1.579501699585254,-0.07682119431895829,15.428437689434245,454.62180571749866,0.18026606563294645,1.0503637316953427,0.9579131855542782,0.8,0.08918384552019207,0.4729944667062684,0.5173606846872248,0.06345869168280152,0.10441181290221357,0.10309312297153125,0.9586283650514178,0.20707882850687376
210,SSP1-2.6,2055,0.9241513242429219,-0.002386779990417004,15.53868193806109,498.7255556425182,0.23928207696622908,1.0874459366794564,1.0952129513074136,0.8784783149377607,0.062059169901710426,0.433565224120375,0.6777382237462566,0.07226480190601452,0.20882389197968215,0.12374872693818018,1.0505213550236152,0.1078981805689945
211,SSP1-2.6,2055,1.5979329002270792,-0.0745702761425322,11.516269886818078,476.3759611523495,0.26430282418689693,1.3371002146746929,1.1621641434738006,1.1563853064465281,0.10521106557350571,0.5783414756221893,0.6395723665579881,0.07999021195062665,0.16150759027478845,0.13250598846541392,0.9834564437207688,0.2188996937920363
212,SSP1-2.6,2055,1.0114998416294911,-0.007425386738380953,16.526372833380947,457.7154856233436,0.2925232186295769,1.2680502190426934,1.2126824202338984,1.2855145305834432,0.05981066684538154,0.6110320832706521,0.6867553993660497,0.08530879363711434,0.14067915668771455,0.14238312652035193,0.9957063042551667,0.14066398965431576
213,SSP1-2.6,2055,1.297603300246328,-0.09100395035881823,15.912091941699368,479.8246733611542,0.3255349609302858,1.0774328105212674,0.8760389874225404,0.8695513861547081,0.1026809776851488,0.6455284848435696,0.6976723950458011,0.061185958089228866,0.1854148971960202,0.15393723632560002,0.9895500306274307,0.24281377793286774
214,SSP1-2.6,2055,1.5854406882416106,0.06946207936311496,23.42702534435848,482.6084585223313,0.22801396119841402,1.155072405791817,1.0723220500657207,1.023893853183589,0.08354261907296567,0.41476057989482124,0.5465647474375257,0.08103510156129835,0.0931948275188259,0.1545359261010024,0.9924044351626231,0.18226502855749194
215,SSP1-2.6,2055,1.4694889578978558,-0.172295874347558,23.06493259716578,478.67381965884965,0.2668992143603619,1.073808129681317,1.1891429453721154,1.1192612471718832,0.0755934587543307,0.541099157743531,0.6501513032808671,0.0798533400374633,0.16947655566765446,0.13341472502612667,1.0010819027711306,0.33339623196095225
216,SSP1-2.6,2055,1.527023912759806,-0.017729421879355372,10.949637774141955,480.020288561699,0.20204828566377198,0.9962229297285959,1.0372352940613485,1.3985350009563202,0.13763814539653724,0.6167598006762022,0.6655333875154538,0.09110812540229943,0.08784360975659537,0.11071689998232018,0.9833762095000396,0.1436235786325609
217,SSP1-2.6,2055,1.5585386797484562,0.015530011609307212,14.92685878826869,460.80126538873714,0.2431690428426735,1.0643515382700455,0.9789218210183682,0.9772610340772809,0.05196177057601625,0.8166253676900781,0.9070970347536079,0.05843086421965737,0.16312440328630268,0.13287417079958933,1.035243239773774,0.15210689053596516
218,SSP1-2.6,2055,1.5118163497359223,-0.04776092014954343,18.681748499194146,479.4689682603299,0.2621830308984242,1.0857403808569321,0.8719226529018059,0.9705187962720654,0.09007469053486303,0.43902551459254746,0.7081103249164249,0.0769478133004069,0.12207209794285695,0.13176406081444847,1.0636085513604419,0.21616193129128267
219,SSP1-2.6,2055,1.1485878731436048,0.16,10.154765504130614,468.47139003229154,0.252884776333624,1.3227012545922534,0.9982905173337606,1.0691705989161397,0.0938976232570391,0.6555524459614437,0.7388826233484748,0.07143348687433533,0.19957893465616258,0.2085096717167684,1.0064343258646675,0.10101609759677403
220,SSP1-2.6,2055,1.6733636339248794,0.07815769915194612,13.970471868904436,463.5035567549829,0.29713573071384575,1.0011753673115524,0.8911030355780286,1.012990768134741,0.06598381032357911,0.22863752619165834,0.501992802185099,0.08975416505151851,0.08404937207265545,0.1830763553258191,1.0326549214203422,0.17588427178877886
221,SSP1-2.6,2055,1.2587353246498854,0.05596844293839225,9.798993233605515,520.1546893007467,0.17533593367855094,0.8285665078756113,1.365305493950849,1.0599491070568365,0.11090731086556202,0.5508397567117232,0.620018943876593,0.07617257946747426,0.0753730231834984,0.12935179825668894,0.9830380645716503,0.08426988902175374
222,SSP1-2.6,2055,1.5818450599669038,0.053592786554304446,13.592654145871947,471.1767866440031,0.23539509868242986,0.982238103924552,1.1453996168715643,1.1166656692726307,0.058015529832930166,0.5384827925762379,0.6208554441071148,0.07984439640894514,0.14155042535734796,0.14918467781600267,0.9875736894398612,0.14650691856550957
223,SSP1-2.6,2055,1.320992381488485,-0.04021930547083549,15.562010125167458,476.7685723409658,0.30144899099816447,1.129077726582954,1.1043661545262033,0.8628564626825097,0.0738971705264927,0.46768507351151034,0.5540496104659874,0.06971763277655961,0.1422427055721795,0.14550714684935756,0.9784116642347332,0.1939215375651147
224,SSP1-2.6,2055,1.8487025534129429,0.04299508409671184,11.135677306949471,500.03153303922966,0.15655563779954534,0.914551817915166,1.2349171493942543,1.0749630654538664,0.07517303853006801,0.96,0.9623547933948442,0.056523011216746646,0.17559344400391239,0.1162920152781968,1.014508716757469,0.13497495416733613
225,SSP1-2.6,2055,1.615582488594139,-0.14356580329653348,13.322284938104312,500.0036302800757,0.29123815036990996,1.0453504308029387,1.1808974918024546,1.029351474355712,0.0545186326977772,0.47696925666352386,0.6114536545341823,0.07821853963213136,0.21022804310540083,0.1419333526294685,1.0034926021832842,0.29289890529914697
226,SSP1-2.6,2055,1.402196706723289,-0.08180738256486783,20.318043147690624,479.10380340908847,0.19291335362168383,1.0387892769356772,1.2934383789351913,1.2541596208086214,0.03939183114704933,0.39404424005801136,0.583260636042945,0.09446984450217905,0.09669045301707022,0.10751967376758934,1.0173342713762623,0.21855685946294895
227,SSP1-2.6,2055,1.385755390911165,0.010277986987100612,10.94267284360432,456.22804274122575,0.34958942917712815,0.7699283848417394,0.7894350080134159,1.1078444506495853,0.0904996264078947,0.4264010320337235,0.5156481816504337,0.08497349574098378,0.10204946317349795,0.16749529370554514,0.9733414173895009,0.1559937175499214
228,SSP1-2.6,2055,1.6930821223129748,0.007462765729091332,16.740785537677272,484.738291199779,0.18311448312933554,1.0240811814416646,0.9749518024646912,1.1142000734016262,0.09175671934015928,0.6058112373143888,0.7023274452615174,0.07634521131744502,0.20686445479078808,0.1078214519598131,1.005093576453978,0.1535731315336646
229,SSP1-2.6,2055,1.4747762046707826,-0.0414597756364994,15.480904139440133,483.21104469110344,0.22426387338094733,0.9199056714114425,1.111855356749463,1.102890693464931,0.04407160725583173,0.45285481885631573,0.559169377966239,0.08338406562837279,0.183203180855452,0.11849235568333155,0.9858756132888454,0.18318881462264336
230,SSP1-2.6,2055,1.5139446526551825,-0.03678323266396361,13.846431613858051,477.2691984936832,0.3546414105991161,0.8393978854055328,1.0402213096938275,1.0576828917243681,0.09531605194701895,0.3701499682577549,0.5580312779490947,0.08508504191073207,0.16503655286752444,0.16412449370969062,1.0129252924984213,0.2185356204176903
231,SSP1-2.6,2055,1.4202500816500945,0.11864043815246392,15.318198211394522,506.67902484378055,0.207050456420178,0.8797932448651559,0.8160827478961937,0.8,0.057700162301301094,0.5058340564756364,0.6171200028677171,0.059854339732684406,0.14818410067003757,0.17178787882329424,0.9966386691006487,0.12986063291928315
232,SSP1-2.6,2055,1.5743861579509504,0.0803941705968336,15.359986783465342,472.67554225543387,0.25833705693870573,1.1271570934329815,1.1140712261538601,1.0985840423447688,0.08583949938294076,0.48347297627092634,0.4663851493413584,0.08162126115886431,0.07320025846282036,0.17061505522696382,0.9301060943251358,0.16005232955619952
233,SSP1-2.6,2055,1.7971121873128697,-0.12384468718047462,21.572530652981612,478.4242248710222,0.3391324129182427,1.1878103770086852,0.7619320754243925,1.0176135775587443,0.06830547473564917,0.5894259630537084,0.6006832056793524,0.07196366371586234,0.1702540491832501,0.15869634452138492,0.9606651976668441,0.3397233111829895
234,SSP1-2.6,2055,1.471217500013854,-0.009852131999187953,7.458207057365909,462.10931170608933,0.27031591986703774,0.9081831471361714,1.127989442716569,1.0327254223194287,0.08339162071768595,0.5711951272915433,0.6542914618897626,0.07368892022185361,0.11255372802000836,0.1346105719534632,0.99306776243547,0.14084657542099235
235,SSP1-2.6,2055,1.0330323681742501,-0.06150099086720718,15.849775157626997,475.4421014710781,0.26808676631003137,0.9283971509041192,1.1601396675517632,1.0055413644165383,0.06219823729079816,0.7464013372712022,0.8051465607908525,0.06346485275886887,0.1109798565220469,0.13383036820851096,1.0086368834373407,0.1765959108784236
236,SSP1-2.6,2055,1.4913775652184302,-0.11032349943405403,17.238816820449742,469.4296063301509,0.29923683251530225,1.1136222379832508,0.9104394750970628,1.0448291932674305,0.09625107258237686,0.6079807725872617,0.6277029328653011,0.07250137946965239,0.02620670589973781,0.14473289138035578,0.9677354945938365,0.2722987637679689
237,SSP1-2.6,2055,1.9729304032438892,-0.0048420164413227745,14.431069356447258,468.7674372645801,0.340129150855475,1.0601308258398223,0.7530359486756033,0.8,0.06511945294604857,0.38949707742954587,0.6345280568000911,0.0698547504845405,0.1750353203464092,0.15904520279941625,1.0440198398544727,0.22995957517873566
238,SSP1-2.6,2055,1.366496841118629,-0.0601611619275956,14.58891779371686,491.7427983823901,0.26496500327873046,0.7890792199181541,0.72,1.1793980429698598,0.0764222312358476,0.38458481617908324,0.5781477037793272,0.09091719227403829,0.01,0.13273775114755565,1.0179820141271612,0.198814191990221
239,SSP1-2.6,2055,1.2358671051141723,0.023145889974757167,19.82532393585293,480.88490748464005,0.2901686153782492,1.0548002665956828,1.1582316763121856,1.134118695221089,0.05335835086379434,0.3182220490908245,0.44064474738844583,0.0917972119035174,0.11714845730005391,0.15313196036976578,0.9726336610578272,0.15787453075392788
240,SSP1-2.6,2055,1.1232174690731234,-0.04709931355696437,19.561674816607926,459.6538116396544,0.14,0.8318487616827522,1.2661287246048636,0.8482756956024451,0.08444161452483853,0.745079151001369,0.8548215923885079,0.05506281067467858,0.10030267187859523,0.089,1.0334641778564468,0.14881093425197184
241,SSP1-2.6,2055,1.1814516230823164,-0.13485900774677498,26.244002130088656,501.0590374675629,0.31874931730823086,1.1809627666259261,1.0755705946047964,0.9679405323077988,0.08536037802535139,0.5674001142123267,0.690230215736773,0.07039025372134206,0.24377479308944935,0.1515622610578808,1.011977267780992,0.30631563460638067
242,SSP1-2.6,2055,1.496279330238712,-0.09742733920754829,18.384083852198362,456.96705547779015,0.27795607222376945,1.2371382845547472,1.0048034817551004,0.9376561903389402,0.04991132653075528,0.544137801939859,0.710184780361353,0.06992267399818075,0.09643296972695886,0.1372846252783193,1.0295385277480131,0.2596474127765536
243,SSP1-2.6,2055,1.174839862123246,-0.05294542092932386,24.611559546355423,472.0649958336961,0.35722025762147436,1.0971592206441254,1.1218333890752876,0.9582276780697583,0.041205919550424304,0.7419182995309276,0.7844013905504462,0.061141344611825216,0.1431835442793457,0.16502709016751602,0.9999494102813494,0.24441021297930599
244,SSP1-2.6,2055,1.8825017476072141,-0.03522502481433107,19.355009211278215,465.05368873028766,0.23438157761254846,1.2134170539569549,1.063233615524839,1.1900078679403117,0.0679565189862325,0.6201545019156349,0.7409995149329041,0.07971000625485042,0.17776529725726375,0.12203355216439196,1.0192900045094064,0.23189447863353652
245,SSP1-2.6,2055,1.2176319876777653,-0.11151073677850643,23.44934046370689,483.93545166042657,0.2255741272239172,1.011531076771056,1.058415844671466,0.9861624621941227,0.09812526027180613,0.5542484044287985,0.699843455896116,0.0720290200505513,0.11481859394171524,0.11895094452837102,1.0210867746160435,0.24944821700498457
246,SSP1-2.6,2055,1.6881343293233286,-0.06641550165914582,13.277142026041796,470.6935444314926,0.2836590403872104,1.0697482167840684,1.0880799846944473,0.9071381567809305,0.06484297542267631,0.2929307911402896,0.3861467777751433,0.08083974580811254,0.08252411518598915,0.13928066413552365,0.9543227940835118,0.2330931480652201
247,SSP1-2.6,2055,1.3433457835221676,-0.015881664962867453,16.122474761118735,466.30438941461176,0.2812999520273467,1.1853506717249542,1.049541332723929,1.1183789073366284,0.07805603135807263,0.7671378043958627,0.781212439173866,0.068503897098333,0.06256190120795371,0.13845498320957134,0.9899651957997516,0.17149064069640496
248,SSP1-2.6,2055,1.6415518355010639,-0.07047760966803557,20.931178408504877,475.8651870105544,0.2794485406908508,0.9492126613525496,1.3010755816480213,0.9330823454084497,0.04624431661167093,0.5099706241379229,0.6134108178360669,0.07138474893048191,0.18016144703418302,0.13780698924179777,0.9934369349527552,0.2604428210373664
249,SSP1-2.6,2055,1.7624442151995683,-0.06902058223737004,16.664134555411312,473.01743425134146,0.3424056767527561,1.1709994185523818,1.193526436414937,1.2860604656361554,0.07830455596548912,0.67723430315935,0.7216164899896932,0.08202807914551778,0.1524768375112883,0.15984198686346462,0.9907204258857464,0.2737180457591581
250,SSP1-2.6,2055,1.1709566186341567,0.04762142420690842,12.345883682589125,493.0250112067581,0.34325464204554396,1.076488538138159,1.0599552340227025,1.0936976744244005,0.08733706951764365,0.47991187080663783,0.5697502851577285,0.08153620431328967,0.12706687521663465,0.18394983681939459,0.9820377409317964,0.14055231002114346
251,SSP1-2.6,2055,0.8224209720302824,-0.13856105140366615,15.249812638687244,466.1230778256035,0.3089319813095664,0.9369936488285744,0.8365960673030283,1.2754200127758202,0.09228744517308352,0.6901514621851186,0.7366193013089943,0.08080927373251899,0.12657124676679463,0.14812619345834824,0.9937734598113467,0.23249696769650247
252,SSP1-2.6,2055,1.591452170974917,-0.020018944813471325,9.030511952546815,515.8967669742624,0.28748021287199255,1.084943724719402,0.86559234849187,0.8209902039837872,0.06929346512059363,0.5158172271013273,0.6069681951031394,0.06505668809021448,0.06188463949742697,0.1406180745051974,0.9883224905128072,0.17132397373775632
253,SSP1-2.6,2055,2.0478948837751227,-0.06507233142002739,14.072131298507964,474.24610616761834,0.20001621360509825,1.1764795038713598,0.9857054805076714,0.9626689504471992,0.08119050999993596,0.4682819431518804,0.5524013661243891,0.07506230786648593,0.17287281573944546,0.11000567476178438,0.9774032801652723,0.23954215040429003
254,SSP1-2.6,2055,1.6662258307945312,0.013687283943033361,16.833175399366134,438.4657364283804,0.23105405277908334,1.2472324888183417,0.991531681625063,1.0838680953027402,0.09791029988792219,0.5257122227220599,0.5596351889683829,0.07871690168789071,0.19321120067444883,0.12771256044419585,0.9617831580539876,0.1649534419074206
255,SSP1-2.6,2055,1.393588878987524,-0.09445216819336241,13.894468726950253,491.33177044262953,0.2718100749216855,1.0991078739841034,1.1827295707136436,0.9614587048900334,0.07562810485052303,0.5765955400618608,0.6572480433141851,0.06958146095252413,0.251995653078652,0.13513352622258992,0.9927164191626769,0.22896152720027346
256,SSP1-2.6,2055,1.2243991773355616,0.03906056291022129,14.124800681554358,483.60716687746174,0.24665253259673342,0.8535701573525485,1.055412778331893,1.0671592720457375,0.060742753272493115,0.586541460072959,0.6287665762709218,0.07477573395266099,0.2015880349823675,0.14585866786396734,0.9754144791340974,0.1209085515751361
257,SSP1-2.6,2055,1.3098515420729804,0.009809737389904802,16.466522597954285,474.0246727181907,0.27326588470952784,1.1165737353999725,1.0824064364306567,1.323068490977671,0.052341483223023275,0.7527410994424387,0.8068693093539583,0.08024547915744495,0.16733610084821168,0.14054792834328714,1.007366268487158,0.1461338953948669
258,SSP1-2.6,2055,1.4221209396502006,-0.025669009893579297,6.045186069271482,473.2351690965936,0.3163450344658627,0.8701895115877445,0.7981340414042275,1.0018026656787973,0.09000673376863479,0.6851437776926258,0.6748817948057628,0.06632641619038086,0.16839501433980295,0.15072076206305193,0.9651376127512543,0.15898969591293138
259,SSP1-2.6,2055,1.0536920186618886,-0.06079276294613295,18.15858672742083,464.3141863057997,0.2713111622165778,1.1354502147326517,1.1963536296917414,1.2286114857357862,0.08193934364727654,0.5335118575539662,0.5788421674983979,0.0861207948157671,0.15153029498767173,0.13495890677580222,0.9686083785048349,0.18774055598385056
260,SSP1-2.6,2055,1.5242597365929784,-0.014923526937266996,8.489679890206947,481.66337544515665,0.27416911027092816,0.9902627883791357,0.9070226370706085,1.0927867987299444,0.0839297178089036,0.6761120826133945,0.7174216130366458,0.07167714657017342,0.056684779134068636,0.13595918859482486,0.9890357402765002,0.1548743818614995
261,SSP1-2.6,2055,1.11546605832934,-0.19477328116712447,22.25494038956933,461.7367159078731,0.2829846652052101,0.7824876135129982,1.2280508646375856,1.147250232592714,0.07024245410247121,0.625126909547938,0.7812302738108636,0.07715905166221076,0.07127432559624211,0.13904463282182353,1.037379769701694,0.32300353433146034
262,SSP1-2.6,2055,1.1616888472354758,0.06522897975519051,12.931121158622725,487.33241834544754,0.3860160002174109,1.0278953362851877,1.274867869935129,1.0654371498059714,0.05427480058041703,0.8119823675943185,0.7743810034129123,0.06341095891752868,0.12438665328072958,0.20772008995368904,0.971641651329399,0.1557862799001727
263,SSP1-2.6,2055,1.541695673908898,-0.04425118575936761,16.292810039817663,485.8301580232178,0.2911773028345025,0.9641868168730997,1.023113867488721,1.1298213023606392,0.0793926340917997,0.5466703417099008,0.5998138972078899,0.08014339919546244,0.06411750060943616,0.14191205599207588,0.9745110500148955,0.21605076876199253
264,SSP1-2.6,2055,1.2495133743441826,0.006288333132892704,17.61800114494837,490.0169096683964,0.3818868742527358,0.9674580706817638,0.8337040750113748,0.955422712234852,0.06523810156168665,0.5735896703180294,0.6342645039798309,0.06940673945059055,0.13482841053168582,0.17680457255490387,0.982437004734844,0.18322207822215075
265,SSP1-2.6,2055,1.708590546915417,0.005075201042913442,11.93329713946548,437.5505288580624,0.2154744348640348,1.1916794835633964,1.1466044206472856,0.8943530072862222,0.06953363490169251,0.41313523781438255,0.6199459488996024,0.07414109234776975,0.13916753485666383,0.1179536527238689,1.0289705028003127,0.14884470254278176
266,SSP1-2.6,2055,1.8610330439993767,-0.10334345519600494,17.307939395464874,422.3305332182962,0.3023239094379783,0.9830576858990164,1.1029433508645932,1.087463267796155,0.09742069279742013,0.7295680168053562,0.8546696558137127,0.06871769819490976,0.08324216322855742,0.14581336830329242,1.0385674894258892,0.3001570337589794
267,SSP1-2.6,2055,1.3405902729203456,-0.03138592079670032,16.873125561587653,458.3833388552184,0.3350310345217345,1.1371761818495925,1.0703849221608182,1.0530816918185593,0.0831293155798898,0.5433334324610714,0.732343672042211,0.07617811178256116,0.10594580291485944,0.15726086208260706,1.040685042275535,0.20423746992502756
268,SSP1-2.6,2055,1.8282142151552798,-0.08874202928414279,11.849263954693079,493.3475392591337,0.272179047435793,1.0132280934314088,1.0159767560727977,1.1493802174527483,0.06171416335511692,0.6616394614702323,0.6975790393268365,0.07544811555855944,0.15048010736025008,0.13526266660252756,0.9841260645314749,0.2545416279686062
269,SSP1-2.6,2055,1.2310768330061634,-0.042740440087052946,12.70636230857671,433.65353272298347,0.22226967130252173,0.8890549900978117,0.9650972250648874,1.3006306287064677,0.0785657993075232,0.9543627875675503,0.8302290130508534,0.06895620216735536,0.17921561499837246,0.1177943849558826,0.9515287740478694,0.15160517871649093
270,SSP1-2.6,2055,1.2704584083533335,-0.05063643138794273,24.97249375488205,475.9292514819,0.29970992165493393,0.9232361262661072,1.25902233321866,1.2016356873725753,0.05572614509231272,0.709189822443852,0.7170743424273255,0.07588435358248452,0.13267978767442495,0.14489847257922686,0.9778233110085212,0.23371180219045817
271,SSP1-2.6,2055,0.7916052931328686,-0.07377675245242313,20.164873790913823,495.7217784285018,0.2540593144919168,1.0331402500561595,0.9935903167079074,1.0519603058294915,0.12411056864353909,0.48761715051070187,0.6443885045348906,0.07890354355759137,0.1333587905277967,0.12892076007217088,1.016106158892101,0.1776520412770324
272,SSP1-2.6,2055,1.1003905724993452,0.011882292119539076,20.686870616038277,477.89261313416904,0.1971337351813459,0.8763565724152532,1.0192538803447069,1.1386399821589257,0.0847003453209044,0.5850613311523876,0.5392251716118939,0.07869870171247662,0.19502982146824355,0.11493795337324061,0.9319518835193327,0.11932272355134606
273,SSP1-2.6,2055,1.3886217594928092,-0.12519818800308943,19.18997238232513,463.8605096995735,0.3010866611554592,0.8043535574550904,0.830991973322079,1.1884780320346744,0.11807796573977711,0.7499866673983988,0.7142534592015255,0.0731360222011779,0.1572199758520436,0.1453803314044107,0.9628197851819379,0.2836585376793491
274,SSP1-2.6,2055,1.2249658767605878,-0.018486824358265562,10.468735155291576,465.77033313989983,0.20369377840856606,0.9116418634390477,0.9871926057479598,1.1015250436713877,0.09136039442781793,0.4888819775157438,0.6167635693196599,0.08150917270651829,0.15940448336220278,0.11129282244299812,1.002122604808032,0.1164984223546624
275,SSP1-2.6,2055,2.1336616322405173,-0.058955004989970514,18.956938965849822,481.1195219777032,0.2228347882195906,1.0211976228590793,0.8941267986468756,1.1403811942556297,0.07667339836868174,0.41781897505766524,0.6255912855472452,0.08715457709165064,0.2230014292406122,0.1179921758768567,1.0301783332312162,0.2681574949767673
276,SSP1-2.6,2055,1.5322566698015243,0.07175924997747529,7.99012404432662,477.66773854294775,0.2557455892498746,1.0286554590519426,1.1101338228485818,0.807095015824349,0.025,0.6310009341177536,0.7067080887717129,0.0585493003000388,0.016721111443575062,0.16539058122619377,0.9988352953897144,0.1271844161043827
277,SSP1-2.6,2055,1.7302904623573143,-0.0006287907130284008,11.09441907158216,458.74849864715617,0.2945900101404941,1.2200896138293595,1.211478519597015,1.0036410609106474,0.038741563790041046,0.7005670489449075,0.8079213773362462,0.06565424314025102,0.09890105940493668,0.14310650354917293,1.0252993848990934,0.17773554932717262
278,SSP1-2.6,2055,1.435129162414512,-0.06771304763587635,11.35076081139898,469.237379814146,0.2504953617910313,1.2390450535548416,0.72,1.303478882480085,0.10833509968909324,0.4831604565643641,0.6223378198999032,0.09266968622840174,0.11853278734243847,0.12767337662686096,1.006769002814103,0.19391664388031912
279,SSP1-2.6,2055,1.9381849939506082,0.05213016553817732,14.889747891826023,475.18705947584374,0.2474822438161413,1.2175141335671689,1.2411340387277774,1.143825858964879,0.05115125868451405,0.5911643699344116,0.5694255471755247,0.07867278929369598,0.10840257358828707,0.1526838681047381,0.9447402171226067,0.1865745639642978
280,SSP1-2.6,2055,1.485745587669144,-0.05643903835975567,20.011912119167487,476.831816869457,0.2810517266730122,1.2287840990510113,1.1362311405496357,1.0457134653059141,0.09498553226638015,0.9181873229645652,0.887266599707714,0.05703866659901326,0.05384125579522964,0.13836810433555427,0.9916050716814339,0.23223011517461334
281,SSP1-2.6,2055,1.3746086105869983,0.015150643823214842,19.37772892017408,469.5972859026597,0.39558568457343446,0.72,1.164879952940775,1.0966720458022883,0.10160473868210755,0.7371908678105722,0.768955002294377,0.06883241292190229,0.11943529975049491,0.18603031151230948,0.9939447405262922,0.2022983993837229
282,SSP1-2.6,2055,1.0588729084306328,0.10320970534086721,18.275404605562382,449.06040653285686,0.31111651354493886,0.9576201720800233,0.920928620119578,1.1934384357454295,0.05696412908941864,0.7327034447086729,0.6580552245490776,0.07426728199701255,0.08490959466301798,0.20049563241116222,0.941001014872252,0.14318369685607676
283,SSP1-2.6,2055,1.7499656337014802,-0.00400051735306841,9.643948583901333,443.2667453219185,0.3372055021395127,0.72,0.72,1.1055378722638207,0.06675972104720118,0.6503355090594599,0.7604790264021448,0.07365257151507887,0.0941018996883391,0.15802192574882945,1.0187777048459314,0.19040204313427364
284,SSP1-2.6,2055,1.5433650563239822,-0.024209662591113845,18.892763889253104,505.34094139166405,0.2513780994937748,1.0374740345879707,1.0113117515146508,1.0826935490413863,0.0582305186685749,0.6282252774680803,0.7282744433895596,0.07352800415190139,0.07409818020240305,0.12798233482282118,1.01034897958553,0.19685342574496295
285,SSP1-2.6,2055,1.5633581967148,0.0004480700006357294,14.194206914700487,510.2284788125824,0.2250850881388694,1.1240155777426344,1.0082606970172192,1.126318406835949,0.05011642510717273,0.3386741810884639,0.5370497980420366,0.09035458977520483,0.136514661974917,0.11900381584892217,1.013132483315469,0.1517434679672775
286,SSP1-2.6,2055,1.3695234546351225,0.05686847260789938,15.687193431273485,512.0638939205767,0.2658817316431123,1.0537434808585857,0.9399904694141973,0.9750437310871187,0.09591872907358476,0.7807310831969375,0.7697538465689125,0.06010618520638259,0.12008178181615176,0.161492842379039,0.9798023849066338,0.14581909615669852
287,SSP1-2.6,2055,1.0186475966708204,-0.012535535012365033,15.115627972829145,454.1437288316081,0.3320367021786293,0.9661760820961472,0.9351204248965298,0.9530427752578665,0.08748918005104644,0.5602947685959964,0.6618781389724039,0.06994333408408529,0.042708341019847273,0.15621284576252026,1.0004308691060437,0.15281811886700686
288,SSP1-2.6,2055,1.6455363382233392,-0.08390128136502631,14.342898727308947,471.66186902981076,0.2384669406306527,1.1090431672690855,1.1388570426995093,1.054355703101473,0.10618985320754709,0.6619667606130499,0.6580069581326135,0.07031504598250374,0.08595547950197904,0.12346342922072845,0.9645905117222721,0.23328684525938115
289,SSP1-2.6,2055,0.9168138913308288,-0.13128728935740108,20.382070749059757,460.59106621322024,0.3083375804580087,0.7730849775199574,1.0980919346850375,0.9443349707536914,0.051752584488624825,0.42208847885893375,0.4507338234080673,0.07638476678994438,0.1774149363945523,0.14791815316030305,0.9429139774575962,0.2543139032165068
290,SSP1-2.6,2055,1.6807745106281007,-0.08787993228337374,13.663260217825211,472.973549835369,0.34449375628094553,0.881989643243913,0.9221514578382068,1.081476799997952,0.07325743300828963,0.9002414183088188,0.8018549265890978,0.059861679853679545,0.11185162666540373,0.16057281469833093,0.9556663741410133,0.27123492572482505
291,SSP1-2.6,2055,1.2136669068517836,-0.06398007891284402,14.263120277454377,461.3854165329082,0.23513163112060895,0.9888453344242442,1.1010507210777936,1.0229520657546183,0.09434089211149108,0.5187228116146443,0.6097460194120574,0.07578627834451644,0.12850916301769658,0.12229607089221312,0.9887162127796487,0.17770982739196786
292,SSP1-2.6,2055,1.1933321780267618,0.08801484110382976,13.765929240525072,449.8191455445898,0.27845621110965846,0.9025576024966243,1.1738376735250082,1.1757285811819758,0.06408650994482884,0.7866059511773535,0.7757499876156323,0.07061854912016179,0.14529420352855482,0.18146709444029532,0.9807848073091975,0.1270691654956282
293,SSP1-2.6,2055,1.4937983092826932,-0.02099606031300939,15.032462619365878,452.93969657473065,0.23722879524813165,1.199958320262306,1.282549604394735,1.2425687735098625,0.04672235329398931,0.22,0.43632010167340085,0.10254793395822336,0.0797270664031858,0.12303007833684607,1.003298959003306,0.1704582351164848
294,SSP1-2.6,2055,1.6047097454112909,0.10518235682060056,11.221132346962758,504.5414927795085,0.23681853883972329,1.1795974427212528,1.2381189347527168,1.2489178284541678,0.06992864716470777,0.6583389225898959,0.750444191412112,0.0809728600180373,0.14725353238853606,0.17547766700420345,1.0111798281704825,0.13984551509806936
295,SSP1-2.6,2055,1.7708030825805372,0.1454176180340616,17.741484299604874,481.58607481653195,0.26043134898650144,1.3165686143949642,0.8816292335071308,0.9922655918077226,0.106722571673193,0.36162841276264124,0.4859875719222962,0.08198864968997607,0.1547956915721937,0.20385978116230632,0.9804030324287255,0.18707399437252842
296,SSP1-2.6,2055,1.1854840744157238,0.024443460658862846,19.479355608562265,498.1279815074786,0.211400131049809,1.2944572445650884,1.0268083564261747,0.9721273960238768,0.07346808102361536,0.7967105404867724,0.7192435301164222,0.05915017891540858,0.1462990670481764,0.12621177619686458,0.9496721779964774,0.12672617966211203
297,SSP1-2.6,2055,1.800807736070616,-0.16503264153114924,10.354388020326333,464.67680870624116,0.2493570746220379,1.09165388401663,1.0282398946792397,1.0778041878812141,0.06609677817580177,0.346218745076623,0.5716474687779017,0.08736505747823423,0.18137978913485503,0.12727497611771327,1.0275982817708464,0.30185967453704254
298,SSP1-2.6,2055,1.5526891664248232,-0.05238860223939129,12.282524023549772,481.3505731908517,0.26650120236487573,0.974942932393328,1.0886931158823354,1.1992341145766556,0.08187719756475924,0.3096895736855227,0.5066829932871273,0.09573005056215916,0.13879102703205895,0.1332754208277065,1.0079007317433861,0.2003298917690116
299,SSP1-2.6,2055,1.4258938070318181,0.09018892265765385,9.175047988412302,461.19622874260887,0.28899318247881123,0.931081713525384,0.7742405118306867,0.8767450616720935,0.06855481337519777,0.8290018922313307,0.8874306493260327,0.052399639478469255,0.12137613522913937,0.18624207519641087,1.0214573234624664,0.13316009547082883
300,SSP1-2.6,2055,1.6342268324411007,0.044824182088655275,14.024297511521965,464.3950949269295,0.30653753368096703,1.3921517648893489,1.2596540303383568,1.136041448902238,0.05673293590215286,0.6435702250564128,0.6574284431160021,0.07563333599576141,0.08082063132180889,0.1697002278326661,0.9704476114926602,0.17569966302813667
301,SSP1-2.6,2055,1.8921576373540727,0.09733464684088569,21.882867143130436,482.3733834382271,0.27575612310064457,1.1065179044188524,1.223687012969084,0.9302643298696686,0.0673059539299697,0.3527859276042492,0.5495735932274632,0.07909224445892354,0.11878588833970061,0.18518196650566845,1.0145697706605,0.2185643889879255
302,SSP1-2.6,2055,1.5690354644760665,-0.11577699181903,22.71544918501426,497.6144198859777,0.289543005936359,0.8171656815594177,0.8590660202551612,1.0388068702911961,0.06436285454243858,0.5982739150834148,0.7519098871582678,0.0726624434153552,0.07763326721158344,0.14134005207772565,1.031950143133486,0.3015218711298979
303,SSP1-2.6,2055,1.2404809088751494,0.08423145895041495,17.498133943494036,493.69727555520313,0.2563080286446325,1.2086969257012343,0.943106073846857,1.178189682428847,0.09647841477814854,0.49141407953181493,0.6158484104921746,0.08551066353880868,0.1116290313569212,0.17182353950082885,1.0008280833288108,0.1384047379291016
304,SSP1-2.6,2055,1.480145914904485,0.050728031417885656,15.957674762317927,477.01862768242404,0.22007802985192346,0.7981693482910763,1.1483159161906316,1.35421260098907,0.09307169825494895,0.5833646499828274,0.7313059200456985,0.09039129216950086,0.17290422664736577,0.14239132615711603,1.0268124521372572,0.14176348656740012
305,SSP1-2.6,2055,1.2771257794741993,-0.02385505548352963,19.959943139310806,488.7011549935501,0.31729584971600455,1.0467633943369543,0.9116663546275112,0.9807995941280125,0.09266996543833154,0.6363135933500215,0.7380792059623431,0.06763699078554573,0.21262363401858644,0.1510535474006016,1.012462199765034,0.19863378560930317
306,SSP1-2.6,2055,0.6869277797042931,-0.03297293536960632,17.872272132674773,492.40149449114796,0.2480669492763826,1.2247369047468935,1.0944674851643343,1.0647052921795095,0.05289571738407493,0.4407396458237023,0.5750590566952041,0.08193368728771154,0.025238808991313658,0.1268234322467339,0.9977202660626788,0.12413889564926134
307,SSP1-2.6,2055,1.6186613200063713,0.012738635156844862,12.203619044002197,479.6364901266639,0.25945217662931247,1.140148888745382,0.8883527999965014,1.0410644917842762,0.07048473617638333,0.8202157573455673,0.872197823214364,0.06168691553649035,0.03981336802254272,0.1371775793986818,1.0169123622167857,0.15214624634426477
308,SSP1-2.6,2055,1.351015951160119,-0.014147794493073906,17.087768686572726,498.94087271648476,0.32169601111212487,1.072179072427582,0.9280625485014375,1.214564277707036,0.08272675839568304,0.378975331921652,0.5378180850689808,0.09309123297275779,0.05964657253853988,0.1525936038892437,1.0000563855051081,0.18747754278225562
309,SSP1-2.6,2055,1.6986518792246228,-0.14921348664916007,13.070393216887343,470.06677173737967,0.28415188110751444,1.0091777072176558,0.820129831073955,1.2232596150593098,0.07106463347329094,0.24235265523446936,0.4556669547875573,0.10039057727993167,0.1157687073544146,0.13945315838763006,1.005334782348349,0.30156380270571304
310,SSP1-2.6,2055,1.7050541692841308,0.04102655254159523,12.733879339332002,455.4041592062785,0.3267273356119682,1.1677190131682618,1.2808359034649652,1.1087206947988764,0.09878629860370063,0.7602167824661971,0.7586446924950988,0.06832989059662962,0.12102835734683905,0.17486784373498648,0.9811968467506962,0.1834467475183676
311,SSP1-2.6,2055,1.7446610119430308,-0.03426917971536149,15.145938916500787,467.0019170422766,0.31455753206323633,1.0943108972909896,1.041044018940119,1.1592330365274726,0.0758748053454146,0.347683384020852,0.5287326556233231,0.09167645584274438,0.1277587286363171,0.15009513622213272,1.006042086749216,0.22872072692096287
312,SSP1-2.6,2055,1.4496575277488186,-0.118577667877005,14.277182099840529,484.19187680603216,0.3313681096760397,1.1620503793242236,1.155916812756899,1.0850095561947284,0.10489711965067425,0.6926303611794637,0.8148314683288751,0.07043245804381988,0.019698523833499917,0.1559788383866139,1.0313410220659032,0.2744198363166011
313,SSP1-2.6,2055,1.5193324204906347,0.02286474867132742,18.311781327691754,480.35042095025017,0.2417459922126086,1.1111930211422845,1.334251228008954,0.8369215206778208,0.08268881720235002,0.6373933994048776,0.7170900460339152,0.05983571960471568,0.11769213349080533,0.1360434716100767,1.0017979714516756,0.16123622710449714
314,SSP1-2.6,2055,1.6490389290790866,0.06372980450232324,12.172401690778454,489.6876862118876,0.2956202919986778,1.1423440195499974,1.3902316558367667,1.0706997999938446,0.06008012899974022,0.4748737317501104,0.6430497596668516,0.0805497641813938,0.01,0.17533200445069885,1.019702941746781,0.16635135438507695
315,SSP1-2.6,2055,1.2944911813746007,-0.027613519738743788,11.972971347362458,483.4996988839861,0.22676107800065515,1.359657033257747,0.8260162748761418,1.0115116915097577,0.08541107689528099,0.5289922955855489,0.673181534110491,0.07465678399432489,0.16232379501727862,0.11936637730022931,1.0164291431642287,0.14332457678663155
316,SSP1-2.6,2055,1.4167435644521724,-0.01945784519344075,12.511084084491756,486.6070047225885,0.30780775364345,1.1580515219276442,1.225981411474696,1.404752001670751,0.07244894049360046,0.3054866225341595,0.48225215790070486,0.10700654588633246,0.15409527876674506,0.1477327137752075,0.9973104340653066,0.1755189757356861
317,SSP1-2.6,2055,1.7788021416393969,-0.028361116272317077,16.21753945354079,451.2174286951637,0.27502660542116025,1.0409134636251345,1.0649966577043426,0.9955488553468902,0.11195987192666809,0.49448595785359023,0.5965374118340325,0.07552256354907612,0.01,0.1362593118974061,0.9903226896968538,0.2182122404645284
318,SSP1-2.6,2055,2.022615191608982,0.00281270209182918,11.586616065880825,486.36805480951176,0.2578392495469303,1.149622736476678,0.9702998116401227,1.0188956943609417,0.0814474488990659,0.6800819478279861,0.867242389501463,0.06749990153572832,0.12545421112821478,0.13165008838734021,1.0612589082621395,0.19051777389176397
319,SSP1-2.6,2055,1.7118698563735042,-0.009695615033537445,16.307543945017514,507.385329145028,0.16020002799921235,1.145440567160859,0.9317295851305203,1.2381110135533404,0.09924492164224784,0.6038180713542632,0.6642522322398269,0.08311699716208208,0.1843281170234311,0.09607000979972433,0.9870674632802009,0.16028941594292667
320,SSP1-2.6,2055,1.819679577566454,-0.07084168416283598,31.34227907131607,471.3804046937259,0.31544717209721074,1.196638951048487,1.048082486691856,1.132938333314241,0.11390004716260385,0.7893725418008443,0.8644233823857908,0.06817612931918614,0.0374352432658054,0.15040651023402374,1.02339184467187,0.32798398112358274
321,SSP1-2.6,2055,1.3927287371184196,0.038344641906581774,17.95100128812924,485.92310830466727,0.17162744739973657,1.1313003155360162,0.7429480093267552,1.2107745122822433,0.07760159229039015,0.6226996629563113,0.6929678327294617,0.0807009521289206,0.18752038347952812,0.11924192754319868,0.9948611940330471,0.12615190384914232
322,SSP1-2.6,2055,1.347622115507563,0.008619249215768572,17.42339262647954,473.87498913936355,0.3611951673142523,1.2788146309740522,0.8489561234235447,1.0757283546836396,0.07298070402133931,0.7073705788346425,0.8355289769619487,0.0691956901566177,0.10654922422170814,0.17072793316787258,1.0365810645557922,0.18246377664783528
323,SSP1-2.6,2055,1.3597446349007616,-0.0858296921223218,4.672344674773333,451.99920559745516,0.22833882895797664,0.9407941593166815,0.7249407074956224,0.9188068263922463,0.0690384020615217,0.7980700584223126,0.8398015292890443,0.05621109542308224,0.05065258816058342,0.11991859013529182,1.008401363966737,0.17066681552334925
324,SSP1-2.6,2055,1.209152034859303,-0.07801216407795457,15.73990915811107,452.55043171802686,0.2933390687858385,0.9333082362428314,0.9630682496615043,0.9470130231846065,0.10082484222425622,0.6971225499891474,0.8699301846592308,0.06277726605663682,0.06101258552885343,0.14266867407504347,1.0568899085090633,0.21332716096301188
325,SSP1-2.6,2055,1.7765558411480291,0.0419524669579597,13.226854410576376,453.4781003777545,0.24222086554327563,0.9717432194428194,0.9592250576860442,0.9842834210397368,0.08507810778688475,0.7570720194738698,0.7476127920028112,0.061786660159215405,0.032826396852785364,0.1457535364191263,0.9768309655733755,0.16433905013772107
326,SSP1-2.6,2055,1.156498220337885,-0.09223250858725182,10.792510222500828,468.31207828351364,0.14439585435273886,0.943027146103249,1.152178063774493,1.1293924425012396,0.09097982436668274,0.327545844430968,0.4712228161697331,0.09107653160544141,0.04178843307730719,0.09053854902345859,0.9845322605969131,0.1551639574108117
327,SSP1-2.6,2055,1.2649461014147936,0.03091574491389116,9.461719854378476,458.2295935398152,0.31378349947402107,0.8716084326447087,1.1262061018847078,1.152960889515362,0.0888747370157481,0.7147392819925257,0.8743335502662245,0.0729859299512009,0.10369338704667,0.16528209727285295,1.053170775269187,0.12817663177927677
328,SSP1-2.6,2055,1.4374989635819975,0.02551396650888639,20.526393937050898,470.8539208658369,0.2408663551299507,1.1036061575241483,0.806463349320844,1.1622744481356857,0.08692849512398289,0.723365398480625,0.82114714680778,0.07305612343712105,0.13103245901759128,0.13706020754992593,1.0241815317764689,0.16230978653258726
329,SSP1-2.6,2055,1.5073312492195923,-0.1035616123824977,10.223201948309756,503.78902176747727,0.2401610941770926,1.307868063112956,0.9386950575430477,1.0950746631413777,0.08419550193784893,0.44984915955835425,0.6657512205103414,0.08311348542200263,0.0976756359938928,0.1240563829619824,1.039200952441597,0.22208627434194844
330,SSP1-2.6,2055,1.066901526664556,0.11087722489596438,18.092598229811987,462.27589724347985,0.2179396365938236,1.0510758290730027,1.0171947691726697,1.3147866243154913,0.0727197386439753,0.4091059992453207,0.520868887418241,0.0969812875008758,0.058516021649934614,0.17171748525582045,0.9816777057117894,0.1131260424253463
331,SSP1-2.6,2055,1.6235151821304104,-0.08721436745898109,21.853287052390698,456.002305595417,0.2765215126392794,0.953000585955474,1.0521034814120591,1.1586925142707722,0.06646372124449619,0.8744166683481402,0.8056060651777749,0.0653106865817884,0.07243020184436788,0.13678252942374777,0.9661286132532375,0.275250195275832
332,SSP1-2.6,2055,1.3973657297862188,0.048850648367730336,19.018583159508413,488.93135401800555,0.31007485593505857,0.72,1.4537667469057336,1.1123041146235932,0.05938251212599453,0.6336069507922653,0.7423367931777773,0.0748533355555033,0.09139109090843392,0.17295152376113568,1.0154558145318908,0.17532417919449678
333,SSP1-2.6,2055,1.1427884993204942,0.020587773821913256,9.327321632755119,463.0400881434817,0.19396269480738787,1.081911347551272,1.2023681548818683,1.0435641871767596,0.08066436002989007,0.8041641181908123,0.888820485058775,0.06262409647690027,0.13179542646126313,0.11818083009354238,1.0304309070291566,0.07831905288590518
334,SSP1-2.6,2055,0.8582926209641861,-0.011280476743332735,12.57814807493014,494.794090072457,0.30304594262872864,0.9256804041686377,1.073236283430698,1.0568251857054727,0.08056062860696074,0.5278250923492698,0.6887700075965744,0.07715510153590811,0.012353106225192992,0.14606607992005502,1.0244713001740893,0.11864208510648463
335,SSP1-2.6,2055,1.3821441988227818,0.07526942905292605,14.654339973307312,444.2168637513197,0.40086990603825673,0.8877508857782015,0.915026267861116,1.0062609950654413,0.045551211316531726,0.6873969171630452,0.7437202376524075,0.06645382310690995,0.1901990298827253,0.21793918163985287,0.9981788912272999,0.18649547035877934
336,SSP1-2.6,2055,0.9971958703368925,-0.005906352885996426,17.56990561030854,465.16679551108246,0.2693580007893733,1.005233817352503,1.0255112244221247,1.0605611099524583,0.06883569536201244,0.8630240479167788,0.8859208831889412,0.06059631890929343,0.11647244932533274,0.13427530027628065,1.00935895138817,0.1347023597986814
337,SSP1-2.6,2055,1.3782798245370125,-0.11746920738718528,8.736268872100357,484.5851818425191,0.2552955751127695,0.978605098103707,1.186060002161408,0.9272418234923329,0.07891030135946131,0.8516575547181027,0.9538192118705169,0.05398591275983586,0.13401249437148985,0.12935345128946932,1.0464852002887197,0.22141070546987057
338,SSP1-2.6,2055,1.4052242982478549,-0.04970311571755838,22.518319658632503,466.5464729295064,0.3524359168638616,0.7470634828305692,0.7679945792275967,1.0288702731034085,0.09239452776577131,0.40259096845421505,0.5234441573494307,0.08191154320593431,0.0866535803143271,0.16335257090235156,0.9851167648657316,0.25230445906305204
339,SSP1-2.6,2055,1.3368643407686633,0.046354012775397004,19.63246722114364,467.91586918485996,0.29825769632233456,0.9932110235047047,1.1989479787817943,1.2687185071448404,0.07207353095709425,0.8593805738798688,0.9022379361184062,0.07198696784457488,0.07084125066053924,0.1675672001005156,1.0185853988865923,0.1685794132283651
340,SSP1-2.6,2055,1.2677441577030866,0.018825438393436,12.608130337767022,488.1227439076643,0.28504497077168617,0.91792122390684,1.031646163173357,0.896047600375212,0.03168410381395847,0.6643567802446969,0.801660527783684,0.06167126254643042,0.10918051523592287,0.14917845896680815,1.0343135229975788,0.1312525473569806
341,SSP1-2.6,2055,1.3547872608488893,-0.006970287820868004,17.17341223720245,494.2578378011737,0.2096054655911823,1.3447119562191292,1.1677905614955089,0.9891122838880898,0.0886516935620957,0.6545077392787839,0.7069179174606028,0.0671748898608041,0.08910485351731437,0.11336191295691381,0.9910913032414146,0.14606780231335015
342,SSP1-2.6,2055,1.30091276091625,-0.02626590095701473,18.04987845639571,502.1968460100209,0.2635132737143255,1.2058827610855742,1.3223181198453435,1.2036854838278979,0.07501030135661067,0.46490595341826946,0.6490084398379384,0.08820892068905024,0.2159893925055792,0.13222964580001392,1.0259555376520892,0.17800492794846315
343,SSP1-2.6,2055,1.4584001764788603,-0.19025671157946927,12.065998669223701,475.6137762278165,0.30572665110120206,0.8256828510751952,0.72,1.170948050573397,0.06549742022564059,0.6016336645619105,0.7945078644270588,0.07960975026431816,0.04471870680125044,0.14700432788542073,1.0517403319667984,0.3174386288704606
344,SSP1-2.6,2055,1.9927173870470165,-0.016445154129988697,14.730065988249532,486.7381524658119,0.18186169385133144,1.0036485088182923,1.294159799937389,1.0321409432906525,0.07428132504744298,0.457548566193851,0.636170526777993,0.0793397763290349,0.13215856503617646,0.10365159284796599,1.0221093190488493,0.19134243007384122
345,SSP1-2.6,2055,1.608919037130549,-0.16147507300830896,23.887097779200968,448.5883364414352,0.21466878727085698,0.9954075161475767,1.0445187582750335,0.8,0.10089105701777543,0.5801001633527659,0.7151964585466646,0.0597565914980049,0.1583304153106966,0.11513407554479993,1.0199939160291482,0.3229987646415546
346,SSP1-2.6,2055,1.4450754099075966,0.005607633626579248,19.251561110608144,474.94502937771097,0.269542614548924,0.898877883595732,0.9461710946901506,0.8122742819933053,0.07157409948488916,0.6142017592481268,0.7533153238362237,0.059668142606463935,0.13568912716479634,0.137143731905413,1.027323080796044,0.17093717156739444
347,SSP1-2.6,2055,1.4500254795663894,-0.04626062865979015,16.355857684113047,484.9604689980013,0.2877031380135499,0.9067647414270357,1.325043898359365,1.2165418284868568,0.08028028488500652,0.5617105113475707,0.5997494571942142,0.08406095750499067,0.10504271727685906,0.14069609830474247,0.9694587337436797,0.20880625469704087
348,SSP1-2.6,2055,1.5699372792637414,-0.15527666554291755,14.527117132149062,490.6220629118497,0.3644452554479434,1.0800704285932088,1.1158110806785857,1.1679641219036263,0.12094840766061989,0.5933129892785453,0.6085399615438338,0.079865110946268,0.09220881001350399,0.16755583940678018,0.9632245905187168,0.3267983541433169
349,SSP1-2.6,2055,1.245862256871287,0.03586482056025838,15.801575496768095,503.1508032340962,0.2292958642645338,1.1202972104283189,1.014072419137062,1.040114142409338,0.10376222813797271,0.8330583460061443,0.7415484829585584,0.06099361344481099,0.06796045316521629,0.13818596277271603,0.9484883237674231,0.12363677967072878
350,SSP1-2.6,2055,1.5300542908519577,-0.0940462791196324,13.35290366780061,447.22116441745334,0.21857140772885653,1.1652199465031834,0.9171169186839584,1.0084054041263424,0.07765745053810086,0.5224900129418203,0.5495146893875549,0.07481463649817356,0.22711830562400825,0.11649999270509978,0.9578905450154939,0.2213112830024999
351,SSP1-2.6,2055,1.7257400402185543,-0.07925469957415462,20.07316535762129,480.5699928607793,0.3222356885970048,1.1224538772058466,0.8992003229841373,1.1512108569220723,0.06388229362646622,0.4562061217147388,0.5736281437337202,0.08581835544083619,0.13814422773402113,0.15278249100895167,0.9918548270205062,0.28553973621801154
352,SSP1-2.6,2055,1.4611830518020872,0.0675517268214052,13.50293890143248,470.2747586033267,0.25685586208007244,1.1171324271589107,0.9815999529898141,1.2189861712935508,0.07005014453240337,0.40385870278178726,0.585860395530442,0.09208516639210183,0.1715177822644362,0.16367541513872794,1.0153342708408786,0.14252676112109394
353,SSP1-2.6,2055,1.6762335903211951,-0.07291653897805278,16.956947075692845,450.95456625208794,0.2772959758195735,1.2811015878205734,0.897063286995598,0.9502576528752277,0.027790077502953058,0.4303496497037088,0.6301762980032992,0.07629062190040374,0.14497753321551157,0.1370535915368507,1.028246190500527,0.24950612371301376
354,SSP1-2.6,2055,1.8977111526121004,0.02896033371078191,11.68305312645839,459.76745003659516,0.304621392694445,0.8142684688529167,1.0092327055867607,0.9903667586597528,0.06331364502125715,0.7713539479747668,0.7533298867089001,0.06140012806755603,0.2031395073523766,0.1610976542984467,0.974869971933156,0.1891316449510485
355,SSP1-2.6,2055,0.89946073707848,0.1262654095808601,21.390865296661584,466.7894028714618,0.21638985264247876,1.0190383272821881,1.067745752351327,1.265955798096116,0.11075638492538284,0.3321494428145515,0.6584547190742742,0.09819976314137097,0.2610823367778381,0.17886915321529762,1.0749093389987316,0.11066068559448534
356,SSP1-2.6,2055,1.197940599340422,-0.023072928079164202,15.012010187513223,490.8848694573553,0.19118128107054844,1.1324272919994856,1.4141799744731425,1.0620847776828681,0.054909334637313026,0.6402708083764774,0.6846528141859298,0.07181602453333055,0.0767735185847973,0.10691344837469194,0.9849137080223268,0.13134834715539886
357,SSP1-2.6,2055,1.7169835777055518,0.09274931979945475,14.822475478862282,481.9606923047,0.20060696210003112,1.0656045341630418,0.879793508982586,1.2337596227785272,0.05865843187290237,0.7174328224241082,0.7893765101872058,0.07720195395148452,0.07818500950866566,0.15658709663473827,1.0105654391881442,0.1518396413748948
358,SSP1-2.6,2055,1.0841070339238972,0.01826073614900795,13.03502382477276,509.8793106299739,0.28016321004697603,1.1006113601294227,0.7964613104083299,1.089958604968013,0.09696496969721384,0.4971099630029223,0.6467589607196641,0.08047496519428533,0.09089238793321741,0.14718749159094557,1.014100963976314,0.11525143552914663
359,SSP1-2.6,2055,1.4091955561711147,0.0314486088369737,8.769564843143215,491.1328490502702,0.23318071364958662,0.8425291946913828,1.0343784825009308,1.1413015843122607,0.10734169421063292,0.25594363314267704,0.38610494629706615,0.09529790365198787,0.23683133267274575,0.13733755419584218,0.9666492444640225,0.11213542575881434
360,SSP1-2.6,2055,1.4307769069957854,0.02154590393594079,16.920607831088237,485.3019070360442,0.25210613827668393,0.7228483299031102,1.216640198907823,1.1235905384532436,0.07151458457234744,0.944390862925315,0.9163011434422639,0.05992187046275505,0.05190221720366947,0.13901010036480976,0.9971111750842244,0.15147893498038353
361,SSP1-2.6,2055,1.6531769901318818,-0.001959733780393127,13.136678633450785,476.2507703958441,0.26261648394951287,0.8634076470111183,0.8456837620926106,1.0162657434050928,0.04186114583807761,0.8921900450436555,0.8587717347643674,0.056752883931168376,0.21940413372917314,0.1319157693823295,0.9862950474842982,0.16962499503076384
362,SSP1-2.6,2055,1.6071892559408518,-0.07998210091325836,14.462547880800809,445.915462942135,0.26008001450635615,0.9697314183414497,1.0848641559337886,1.18574690315067,0.03716959769655898,0.28546876991570685,0.5247601885439205,0.09621485628925072,0.12369115918847141,0.13102800507722465,1.0248603359096995,0.23413606355425415
363,SSP1-2.6,2055,1.9516951167331946,-0.09604063919527997,6.611018500031776,489.6090804747097,0.18907332034522484,1.025082608588416,0.9533211997737813,1.0340332519493562,0.08848385607526259,0.44449302721584516,0.5239852455545653,0.08009444682109615,0.125628541478388,0.10617566212082868,0.97139472091437,0.22440142981947547
364,SSP1-2.6,2055,1.5364096843536466,0.037010917942616045,8.235060860889305,457.55141579639417,0.29398618139356125,0.8555949960139527,0.8857616386530133,1.2579987408134168,0.07705525423431021,0.22,0.432876176220744,0.10337877835149167,0.1297988532564311,0.16140062245905445,1.0016083046901834,0.1408255444418408
365,SSP1-2.6,2055,1.3170612042281162,0.0014644179743226772,17.98368883925293,495.4751878921616,0.29608464306891663,0.9620683998185893,1.0558609415548772,1.196081887888046,0.08111924250134958,0.5312833911708371,0.656783141605801,0.0844806244046606,0.10289203287954651,0.14436183406128214,1.0076142138447282,0.166833501390321
366,SSP1-2.6,2055,1.254628169772707,0.061282565726584144,21.449814840554787,482.2881560076259,0.3197184950345331,0.9462176141054724,1.1305629676072175,1.1452236463959165,0.09975175987950058,0.5348167705589336,0.6674648433249051,0.08156543473952572,0.09568154218443393,0.18254275612537865,1.0116784520420075,0.17529638509667322
367,SSP1-2.6,2055,0.9738645370572607,-0.03354277006754934,20.817745647162358,462.53291210871805,0.4546879571303928,1.1478665642438777,0.9661525732393057,0.940684371374335,0.04874981475137796,0.38418590406447267,0.5397677646105569,0.07808332479385593,0.04906737014737393,0.19914078499563748,0.9992741171974785,0.2276958198551595
368,SSP1-2.6,2055,1.4825636229341819,-0.05582382331481457,18.539929925215073,497.06416029503845,0.30389251692407554,1.2602293762545669,1.0322261474456762,1.0892982453375302,0.07867208814960183,0.6674289701689775,0.7260241543076218,0.07192345700972581,0.05592649163419976,0.14636238092342643,0.9961573868000612,0.2331515724546767
369,SSP1-2.6,2055,1.1308158794987708,-0.011758436554326809,18.427688364248972,488.16048066453556,0.24480488558143548,1.2130801388927714,0.9771954743047058,1.0786100893789807,0.07922751966254021,0.7744398229452047,0.8791427086512149,0.06599739828083871,0.19285116707998654,0.12568170995350242,1.0356025088056153,0.14659227831506008
370,SSP1-2.6,2055,1.5015606621200328,-0.037844174096565854,4.0,482.8307399999512,0.2612129464272255,1.1600233081379812,1.0023677166256475,0.8986913671765436,0.08620553247176374,0.5127097788931485,0.562020670069177,0.06939596928792569,0.08162399980804591,0.1314245312495289,0.9672946645707196,0.15416278649439835
371,SSP1-2.6,2055,1.442932923451456,-0.05738932368441211,21.21134294271175,431.7815638809932,0.19590286789460093,0.8501532300437115,0.9552358825498319,0.9349036797656649,0.06056160833009457,0.3997420041185298,0.5428188350271312,0.07699425178145546,0.0949991106857809,0.10856600376311032,0.9955790063657516,0.20641241664567134
372,SSP1-2.6,2055,1.6580097359101282,-0.0391894333603444,13.461361291696953,455.1771884559407,0.24974675346117667,1.0145896007571185,0.8608162562461651,0.9237162337529474,0.08808686932043154,0.698592244706672,0.6939488809008441,0.06144933881290203,0.06958102531180393,0.12741136371141182,0.9700084758456052,0.1978048663724279
373,SSP1-2.6,2055,1.737195625698102,-0.00840631401264522,16.000270390929852,453.98064303461103,0.16692783082546425,1.4539644705714205,1.207321567836882,1.0001479803055997,0.04756356752243801,0.6701688000755157,0.6415265711406352,0.0669860666280642,0.1398854625850099,0.09842474078891249,0.9537621500256487,0.16243208106184068
374,SSP1-2.6,2055,1.075256562837616,-0.10831393882064408,17.678437205813218,463.55254999571974,0.27465871172174966,1.190304088852142,1.3541487689373852,1.1107183384277635,0.07464421599500018,0.7266388600593314,0.7263014222599979,0.07011635214314377,0.16017657001111485,0.13613054910261238,0.9765281623696476,0.2279956653633577
375,SSP1-2.6,2055,1.5950295156677365,-0.12218769221584508,11.752676153984135,527.2788350331778,0.2978894711217797,1.3031071551801834,1.178767408428722,1.1253621324468193,0.048172773397894324,0.3723281588964099,0.5323765023161628,0.08862039918693129,0.03486815681977512,0.1442613148926229,0.9996040102763329,0.26960364740247905
376,SSP1-2.6,2055,1.2016778894209805,-0.06719090414036916,7.723472070330509,445.2631526008091,0.286343161493978,0.89396480775514,0.9257929776744002,1.2252720609533359,0.0906774366607926,0.7040544619394956,0.763942187941437,0.07741384941589714,0.08882859035751373,0.1402201065228923,1.0025454391492665,0.1706723527808915
377,SSP1-2.6,2055,1.3058790879981663,-0.04881671706841102,15.614841979782922,493.9817738360887,0.20540621677073362,1.2878468889148451,0.8688189350940356,0.9134765153793348,0.06703708158092221,0.6161545034180232,0.6693601023146399,0.06501985642644763,0.15344330594487177,0.11189217586975675,0.9854568378134612,0.16890100506782618
378,SSP1-2.6,2055,1.4130166289204291,0.027817154528002694,16.157387572671905,496.6578473285598,0.34693153129535154,1.232373408835371,1.3135314214364635,0.8532616918587745,0.0796777637728403,0.5017817442591178,0.7132340348939308,0.0674961577332858,0.1884065873458867,0.1753346132173744,1.0451746566825222,0.17757828457405406
379,SSP1-2.6,2055,1.8368371516515998,-0.0631832974698848,7.203633731138725,442.58700375876,0.2440909601003547,0.9506208004942371,0.9969496643334154,0.957873961476015,0.10002118857257829,0.5632675291108434,0.613741646768595,0.07005483685470477,0.10767763643789952,0.12543183603512414,0.9758078659686723,0.2073192856494419
380,SSP1-2.6,2055,2.2329320587393924,-0.03065855185327642,13.555050373573183,459.268681117662,0.28560933976345804,0.9857191150448114,1.2448689472118346,1.072121365861436,0.06288438139635509,0.7122043771574,0.7112074904101653,0.06875977776543807,0.10056676715046237,0.1399632689172103,0.9739369068448108,0.2530140566397817
381,SSP1-2.6,2055,1.5468409277663364,0.003911397048660344,10.57233417642583,487.66740467161554,0.2462897390046763,1.0311681063046818,1.1192503271834313,1.0475138057268814,0.10886361116014312,0.36657574054337616,0.5405522736728866,0.08471618712735557,0.09003523804233894,0.12815710717596687,1.00553783259621,0.1403559854417955
382,SSP1-2.6,2055,1.5561392077767122,0.05879518568986592,9.90973641622216,489.27402391419923,0.37853134525697807,0.754963261366463,1.4887407831518378,1.0136087872771469,0.07458103164432806,0.4481462218505023,0.6067424167980291,0.07881200822239819,0.16437027009957225,0.20188356368487528,1.0108014658249376,0.17626557107389035
383,SSP1-2.6,2055,1.4674580146572775,-0.05500883317728303,16.410254748605077,462.7236615409813,0.28205851837369694,1.057795150948364,0.8130354572168448,1.1741937781845206,0.0709785280353781,0.5745216338279228,0.7574475381549521,0.08114012174930882,0.03133637018073236,0.13872048143079393,1.0425975696927825,0.21592437967148348
384,SSP1-2.6,2055,1.8121272817892327,0.02728942427015369,14.78539689254064,467.74132542950184,0.25325886758957783,1.062001632194781,1.1704179364603486,0.8838644710708423,0.0934108271278822,0.4617955179506297,0.6125384732135175,0.07114331100628309,0.1976138262823682,0.14228531579142908,1.0090904194034802,0.1770065911766152
385,SSP1-2.6,2055,1.7537644824332477,0.0005687943834209799,9.98298323810246,492.06949542314976,0.32353244516340374,0.9559814173943424,0.72,1.2078680079103927,0.06760847893763389,0.500362992034366,0.7037819081234329,0.08666128159345668,0.04873894290522526,0.15352075299890178,1.0410081270105769,0.18386479569033742
386,SSP1-2.6,2055,1.3293473184991917,0.03357439633533657,17.412258946648898,469.89648178097605,0.3328946369062202,1.2529149400440727,1.141432107841945,1.027059060468359,0.07617526937327564,0.8417716392626728,0.8278233033342185,0.05985498283131645,0.15750906307202914,0.17330032108484536,0.9879327616938405,0.17055561782553885
387,SSP1-2.6,2055,1.28340006490408,-0.021771850431454583,21.044600887575193,441.04215782395516,0.23015058165566482,1.00665284164788,1.3781260746500035,0.8893275927460284,0.08011285592836895,0.6263474964754843,0.7155238916415411,0.06320988017024269,0.09848563042980493,0.1205527035794827,1.0047164552551222,0.1735275887298868
388,SSP1-2.6,2055,1.2908205700417614,-0.12789994678418184,16.075028778405404,479.02789513262957,0.2677710689889187,0.9387330710366338,1.1333927453207526,0.9835572282949971,0.06107288821468429,0.5493377545756235,0.6112004482294203,0.0721342707178725,0.14928148703640154,0.13371987414612155,0.9792103805124709,0.25459839388432437
389,SSP1-2.6,2055,1.6265526911602157,0.0738222561378018,14.639882861211017,472.3863984153253,0.3741225173711972,1.2442253316017968,1.0778751502413826,0.9041744224024967,0.11701761040194474,0.8825473652868665,0.9077182156414935,0.051199331403483414,0.046246418725200786,0.20785400914881993,1.0135422217391536,0.1991974192684115
390,SSP1-2.6,2055,1.3321628616658192,-0.036394585437985266,19.0831474697042,450.3013521149363,0.369084752664774,1.1049164438335966,0.9842843189121915,0.9791223497886541,0.08786310061511109,0.6419376511048348,0.7306151443658389,0.06726547474107039,0.12955192757537456,0.16917966343267088,1.0069206113380524,0.2271100087167297
391,SSP1-2.6,2055,0.9501622753714767,-0.14168286282709155,12.401432434405224,473.5893957466071,0.2326845075370758,1.48,1.1235913089455654,1.3433056180333587,0.05618931326965902,0.5575596137304613,0.6028003088753331,0.09109424489988854,0.10716450103832373,0.12143957763797653,0.9723420696644132,0.21069396750457448
392,SSP1-2.6,2055,1.0944002937326733,-0.05416901368127236,15.219263006833717,456.7541279727442,0.36367769495986324,1.0681672899516548,0.8442641282400412,0.8424223766534962,0.06349891502368435,0.5962279279258407,0.7210498950219589,0.062190193115819296,0.01,0.16728719323595215,1.0174836801613536,0.20433824220738978
393,SSP1-2.6,2055,1.6357182503947003,-0.043015242610799,16.68116378137741,471.4671993924977,0.3282040928200968,1.2740049934600033,1.1084484107909993,1.1039870514167252,0.10350748123062732,0.26590756845025926,0.46971757200467645,0.09279046280761838,0.07897165771000411,0.1548714324870339,1.0043692997705365,0.2366977027089578
394,SSP1-2.6,2055,1.3243473146317903,0.13310902680849912,18.602303592455414,460.0223168096202,0.31189179381256954,1.2631758236805464,0.9340616997446083,1.0370754450415722,0.06259777429196627,0.5041413150732021,0.596169432444379,0.07727584282550147,0.11417979993213542,0.2157166412386489,0.9869189114773498,0.1679201016033336
395,SSP1-2.6,2055,1.279152894315881,0.03434376001581806,13.7340188727939,485.56902672233076,0.3295502036681333,0.9984251996089367,1.0795925895044527,1.1648965741616413,0.11519619646673432,0.7221372782751523,0.8182863993186407,0.0732587208487923,0.10150798255637997,0.1725144512917557,1.0231871336812999,0.15093767907072364
396,SSP1-2.6,2055,1.503228508511453,-0.22692903496660433,12.853940753330205,447.92153915251356,0.3126482600609962,0.8617591777393886,0.7305206922774835,0.9111248338172446,0.05898920050136132,0.5079081138045084,0.6709112855014407,0.0703055468999339,0.14751358754440402,0.14942689102134868,1.0223529407106933,0.35682516839150213
397,SSP1-2.6,2055,0.9844540046616331,-0.15107935694385022,17.794150293708146,478.194202113191,0.32066064189064886,1.4162549219397653,0.9907745127443592,0.9983474251265216,0.05529742566917917,0.22,0.40880804309262686,0.08939755366065885,0.155815706797782,0.1522312246617271,0.9897930393363804,0.2705534038044404
398,SSP1-2.6,2055,1.1131622263320502,-0.08307400454264577,12.802902524590394,467.4037255494633,0.21057259602979095,1.1529504411816847,1.0468189013148952,1.122126431673161,0.0866591912049665,0.6819068157007403,0.7365483960589542,0.07296723630505625,0.16644980504025472,0.11370040861042682,0.9964908646786577,0.1711015856781461
399,SSP1-2.6,2055,1.3143277433959843,-0.10541740913401926,16.576597180518302,487.2403998337906,0.3518208978016707,1.0898882289844984,0.9487370318521933,1.1833204112871394,0.08217626318690918,0.6005385772077948,0.6051515967563263,0.08033070867045622,0.14412098395028453,0.16313731423058472,0.9591491788161036,0.2671821977898119
400,SSP1-2.6,2075,1.5246304466500569,-0.05889040646842755,16.53514844878945,469.2142933694374,0.3234020960330614,1.188199257165262,1.1812819673754706,1.1272474178814076,0.10150585544355128,0.5776497929758394,0.6788773777359436,0.0782135251602069,0.06294232217017011,0.15319073361157148,1.0029825272697104,0.2379405555799877
401,SSP1-2.6,2075,1.9077106788614338,-0.07162770909716082,12.891224565539957,496.33606544391256,0.32461653958209913,1.0426851469215108,1.09863999277885,1.074653089216403,0.09519271342855792,0.8129030232621886,0.8363591349099152,0.06361886133315842,0.056827592048113454,0.1536157888537347,1.0017599479177077,0.2683262833647016
402,SSP1-2.6,2075,1.940866323337748,0.0297597720713976,17.56819465572304,502.18823408804275,0.27355063184503947,1.0341723297954462,1.2148786329973096,1.3556904660559372,0.08115834596163926,0.3904097520368,0.45553967431147624,0.09987630672424892,0.03335769277361736,0.15062260718146261,0.9558481483457129,0.20552005603703022
403,SSP1-2.6,2075,1.532273280526165,0.03409616067064074,15.483032203528017,471.0634595131853,0.29825573878525924,1.1646547684453716,1.1126330653740393,1.1466947715352804,0.08444529212488514,0.7923145169033193,0.6951047496263049,0.0685274541605799,0.1268453554939314,0.1614375889101611,0.939289703810278,0.169717698541206
404,SSP1-2.6,2075,1.6593967298137917,-0.08770891367656214,16.33098736911925,495.84270755654256,0.36174458905887386,1.1376742587117943,0.9606656983787709,1.2003326851296716,0.05552686046671064,0.4989174480483912,0.5945426067182118,0.0860855029507166,0.17876691110340154,0.16661060617060586,0.9878641097313319,0.2850488048614169
405,SSP1-2.6,2075,1.5297285632825364,-0.053868216136325905,21.177395492672986,506.7022794850999,0.28903508524447097,1.074634134625264,1.2473854171354684,0.944703503631535,0.06647902636255817,0.930672887416994,0.9616790602241173,0.050733082747771406,0.11252352718910459,0.14116227983556484,1.0239669166013665,0.24101938314554405
406,SSP1-2.6,2075,1.2001885801023624,-0.1197090726643917,22.306457000302217,521.7149508180581,0.2716832477019575,1.3034230082647478,1.1620574501577297,1.1248794011743433,0.08893208171476971,0.4693847780782231,0.5727277172076272,0.08349926731316885,0.05571739369848658,0.13508913669568512,0.9870135243470864,0.2651516937748358
407,SSP1-2.6,2075,1.3109979632570656,0.019687408120539096,15.980421060086247,489.03799226137045,0.28280270064548524,0.939455953788456,0.9026425485287575,0.8264826203572592,0.0713849033115191,0.43008637162052266,0.5060444052488757,0.06939666866898012,0.1482827155465624,0.14882464928618938,0.96739660288667,0.147284291331015
408,SSP1-2.6,2075,1.3088582524542414,0.009180816117754835,16.237474849346977,495.2031005435022,0.2838905943379326,1.0664141020576345,1.158091430759446,1.1029973170858118,0.05153443413497585,0.5202832451132912,0.6016718642790773,0.0797760778951099,0.14727063353017128,0.14395211607715383,0.984231635550092,0.1491112905258505
409,SSP1-2.6,2075,1.5071778706367247,-0.140360466294496,16.395057783846447,480.6658172759167,0.2664463990772339,1.2415454233698076,0.8782718936706844,1.2185148496943499,0.09335015719329591,0.7072263299381368,0.7405617635695461,0.07664909848663508,0.07464620715171891,0.13325623967703185,0.990008949067519,0.28459482990441615
410,SSP1-2.6,2075,1.6833614068295952,-0.089791361806147,20.710213579071763,492.7307844439258,0.24210360607409545,1.0069020339045045,1.0341904034550298,1.0301064203763117,0.050713535764641784,0.6405225088344194,0.668193918479041,0.06983922027084966,0.17575248542841976,0.12473626212593342,0.9767498643042575,0.26710998363511307
411,SSP1-2.6,2075,1.2556824602865992,-0.09903851611038435,17.530312389039032,492.3537436774632,0.23894892638716025,0.9928166709871223,0.8560556921642479,1.1312891803594516,0.10324926505373852,0.4805157344014479,0.5671639427062831,0.08328786145312883,0.01,0.1236321242355061,0.980566501262892,0.2240553515561446
412,SSP1-2.6,2075,1.764355419094791,0.011900624094779315,18.308212717281602,460.9457321352197,0.3014153116175304,1.2449963305226115,0.7305783694327044,1.0561162211863524,0.09776217239052418,0.6720473435104997,0.7362866716057853,0.0696635062729709,0.08641527192091847,0.15144567111352528,0.9996536528455169,0.20191018160768115
413,SSP1-2.6,2075,2.1975609385534134,0.025489453698601394,18.436098995607107,486.04195016110305,0.21590904837110914,1.002303571683317,0.9362643973371167,1.0282859021708117,0.09718475135320134,0.8469295290564691,0.8604058973659819,0.059420841356374085,0.07364043218326324,0.1283128937791889,1.0022060559164496,0.21272486929820084
414,SSP1-2.6,2075,1.5776263416218685,-0.0948207347147701,22.79715508043627,478.61127914478675,0.30780702667728477,0.9253485604857608,0.72,1.060216114127518,0.10957130359051495,0.96,0.9482379259503142,0.05548663691455865,0.09521454972737863,0.14773245933704968,1.0075786181937907,0.2912213518320723
415,SSP1-2.6,2075,1.5928726547278582,-0.00019303321240682694,14.30052166265474,495.6010993566071,0.2808524487180323,1.1113700970394513,1.3148728287415257,1.133637913731105,0.059711361693217266,0.7551021777291931,0.8307128530513503,0.06968500954521523,0.1902997178098789,0.1382983570513113,1.0182831099868814,0.1732523244266533
416,SSP1-2.6,2075,1.8349710993668664,0.08074139572689752,20.641690481600516,522.9739575470389,0.3323686459336855,1.2837638575685322,1.0114903859834263,1.2370299904805704,0.06686316959933804,0.599504401013358,0.7323118139859945,0.08303216405213204,0.13255781302243225,0.19669972394023869,1.021918512273029,0.22704891466323585
417,SSP1-2.6,2075,2.076517278757831,0.005547814674496915,26.885752184062092,511.37256894473427,0.35449408811736477,0.8467159184099632,0.9637297006874017,1.1488850710699154,0.07039826248022243,0.41356162129847357,0.518439625354745,0.0875830381465333,0.1900148662931137,0.16684683817832613,0.9789977912279662,0.28300357226875883
418,SSP1-2.6,2075,1.7878085693667418,-0.08647177177035045,26.01652701170807,476.424449879315,0.30179515514905064,1.0530895345928453,0.826377660000917,1.0248705160139124,0.11299451039465049,0.29452686731657063,0.48899605879454516,0.08685706903492059,0.19807978574268326,0.14562830430216772,1.0042796418821907,0.3131795665567417
419,SSP1-2.6,2075,1.6906850020170443,-0.020713547406986513,16.249593973659508,510.23503792001134,0.36612879146021865,0.9948962440808384,1.0010779867193622,0.8429951536497533,0.09129295250889066,0.7235695501762217,0.7653190923828153,0.055611646149252555,0.1780993117885996,0.16814507701107653,0.9967068827836469,0.23371508142240136
420,SSP1-2.6,2075,1.554161150230884,0.07556045302394879,12.687607164257347,496.6023793530101,0.24489307652004177,1.1146192071597494,1.0883231729354226,1.1144249669663941,0.09408092570253065,0.6904909192285477,0.7596922680215742,0.0718810291829169,0.13727870464663813,0.16349280329398902,1.004986871991752,0.14366749035290538
421,SSP1-2.6,2075,1.7095703891546141,-0.0768702686571362,14.428653748183503,483.190000498363,0.17633503991658056,1.223266582880311,1.036936486937902,0.8373814395875334,0.03393290354081611,0.69577558835579,0.7651079454395517,0.05669906732923152,0.16973114573805537,0.10171726397080319,1.0058813586301016,0.21338685734234983
422,SSP1-2.6,2075,1.4141542382867744,0.03177455111952582,16.06490753312892,484.10284555492245,0.2054860821535712,0.7869671382636921,0.72,1.1157372561623442,0.07460052603607255,0.22,0.43453223268768043,0.09547623687028006,0.07703505114424833,0.1278074043135128,1.0024212778648613,0.1316945686945446
423,SSP1-2.6,2075,1.5370790716174019,0.15178985343820706,13.097905907711592,478.0288461332875,0.27743696359643766,1.177747755136031,0.9190264278945195,1.0256115510304349,0.09382143170496587,0.32160553008948234,0.5016432894719928,0.08554303778178006,0.10591367912850497,0.21299786397785672,1.0014489324236528,0.1542489086535943
424,SSP1-2.6,2075,2.0929555055135993,-0.13009296986949975,11.445733446951838,515.1771941594623,0.22703375593796185,1.032427849405735,0.9298514778117877,1.0208855514050015,0.07776072139194998,0.5867454437340243,0.7970316387638685,0.072031565196645,0.022472693817027545,0.11946181457828664,1.057949234539414,0.29564516897938115
425,SSP1-2.6,2075,1.1883390520993247,0.0240615366568684,14.530958735890092,475.5291429612855,0.27811580346465364,1.0702587780844002,1.0816896465261323,0.8,0.06806283474584421,0.5224601168556823,0.6173556674888456,0.05964119323334102,0.10432380045762962,0.14937129954106299,0.9912042777587,0.12946487919525324
426,SSP1-2.6,2075,1.5623321197857383,0.0978714034601827,18.384945908724195,486.9567757143275,0.2570670252851588,1.0288405178483644,1.0841614596604798,1.5009373435211883,0.07984130617245881,0.8158047039370224,0.8911446700417793,0.08642754483890516,0.14015346909152276,0.17890916057989692,1.0276860313971692,0.17022237176063956
427,SSP1-2.6,2075,1.7178388096852666,-0.013991495931026256,20.586256342216988,484.5389808463354,0.2954521795332407,0.9087725614135036,1.0035816644056246,0.9800531770085371,0.06858837779314282,0.33345153949144435,0.5158851105858686,0.08249759409511823,0.229662614410588,0.14340826283663424,1.0044859585591914,0.22443579607060052
428,SSP1-2.6,2075,1.73571334439186,-0.1012244818209779,20.96173928013366,518.7944179777897,0.3222077642078833,1.2281804517831896,0.8519539483797116,1.1554193410487734,0.08704204012649289,0.775992965831996,0.7383206613584714,0.06981331622641107,0.13604497464592447,0.15277271747275914,0.9659532182546051,0.3079137463257053
429,SSP1-2.6,2075,1.4166971536932695,-0.02221667890303388,34.17477779285983,528.9719122364362,0.35932986265036637,1.2996188672333675,1.3457878799742238,1.0934729612057141,0.079091988977091,0.25655534831000526,0.48050664234110363,0.09244962280326896,0.17010564977904424,0.16576545192762823,1.0127876936043292,0.27772882953816014
430,SSP1-2.6,2075,2.042176248368517,-0.03768598310986173,15.344827262315384,481.06717602402364,0.2844937742798298,0.9507628526806202,1.3692549464003871,1.1373851728937576,0.09724296489285872,0.7754332876733607,0.8404508228493703,0.06887022954138045,0.1531355520741437,0.13957282099794044,1.0162766737318198,0.24863411699224724
431,SSP1-2.6,2075,1.345101679999542,-0.10457685179180258,19.256791528610414,494.58837235345607,0.20780295994026343,1.1274888258378417,1.1006249565974109,0.9827358181734844,0.06474437865207118,0.5283587904085032,0.712793336246072,0.07289668145814707,0.1725421383387484,0.1127310359790922,1.0360864124862514,0.23303373403925592
432,SSP1-2.6,2075,1.5411317690600201,-0.06538283909710597,26.685242994223394,487.7053726358735,0.20422460927744995,1.0042547927490728,1.0778008457721044,0.9364854678127507,0.09041425348978949,0.5950532273514252,0.7546384190504096,0.06707155613003839,0.14892518020772996,0.11147861324710748,1.0343647283670707,0.2453256051228967
433,SSP1-2.6,2075,1.281827715971981,-0.0818959296111808,14.103340766570987,471.89611435024585,0.32397820718564946,1.0770680837436717,0.9760745966998576,0.9733729531515335,0.0550521581060218,0.670341503143807,0.8287087333942351,0.06529339155096914,0.09098524817657144,0.1533923725149773,1.0455939237077099,0.22647377742396244
434,SSP1-2.6,2075,1.5981423278042397,-0.12382899994628879,7.062243597855721,493.2334468315498,0.22902414390812784,0.8661828328510768,1.0240542794168368,0.9917024861172186,0.10306902741649546,0.5635103851350932,0.6475092296601875,0.07162192230340325,0.038793091889355494,0.12015845036784473,0.9923036096317227,0.23097293675649852
435,SSP1-2.6,2075,1.8290708016771404,0.00019291560524265644,20.79706855041309,509.27087760784707,0.2487555545622542,1.0972020551641384,0.7999605517026849,0.8548716843607178,0.07331915021459733,0.8332688440661127,0.8068196259411876,0.050766186954579164,0.15040448931036812,0.1271609018994103,0.9804602531519679,0.20823470405657135
436,SSP1-2.6,2075,1.571018123355309,-0.07281243974557922,17.683011766428375,490.49698791800625,0.347573015408358,1.0227210290241435,1.141647798732512,1.0673089779077454,0.062350069678078865,0.46265482003338765,0.5356062918902669,0.0807358193472092,0.07762826498316222,0.1616505553929253,0.9710368615495311,0.2656766108472192
437,SSP1-2.6,2075,1.6018611513800962,-0.1263388268005807,19.74256926584939,485.74658750114264,0.2581129460567154,1.0796740452638693,1.1911590633115434,0.9629289505490707,0.08269734542635811,0.7692443684492771,0.7573672173701032,0.05978587891479379,0.18775163170136727,0.1303395311198504,0.9775561502593465,0.29151921795482993
438,SSP1-2.6,2075,1.6149208110525997,0.05832531204648257,13.908141244946425,460.5364536471124,0.2861870626707717,0.8987739863181256,1.1755651784618366,1.1865582313047964,0.07619951935467613,0.30180347625228043,0.4820323878856791,0.09519950018072115,0.13152523385696738,0.1693281279580114,0.9984320481622084,0.16699896321739352
439,SSP1-2.6,2075,1.1108571317014801,-0.042701542226373186,16.936384779151204,498.6825702545753,0.23837045460434886,1.2324966127842454,1.1030915650753315,0.8680686806462353,0.08186046406745574,0.6031028391880584,0.7101994588991078,0.06298509469077897,0.04897109692603578,0.1234296591115221,1.009862132050603,0.16251703957962946
440,SSP1-2.6,2075,1.400710267260271,0.08962015186618026,19.34887779912022,491.0056114457545,0.3191790799798629,1.1463908342635987,0.8380515640963815,1.034032642708508,0.07926351808613631,0.41916534921052045,0.610392589868496,0.08111849022377826,0.07265526974446132,0.19652275392604215,1.0222677111808043,0.1798240366880492
441,SSP1-2.6,2075,1.3046629923380921,0.05335532471290581,16.852375629646463,508.2948555945361,0.2999132274137086,1.184957736032936,0.9071056873410912,1.2126323827457617,0.07284523324181512,0.6262210038297233,0.7839117000172888,0.08038261657174715,0.12562304312678776,0.17164729195125092,1.0383308776391469,0.15560317756093328
442,SSP1-2.6,2075,1.613951214492495,-0.1128803308068522,18.594676070534632,520.1482035024762,0.19415451237739134,0.9306063369155396,0.9853822263314602,0.9864598278689828,0.10603334501298188,0.5421100255775614,0.5890354396324754,0.07240964329868253,0.10449502297958099,0.10795407933208698,0.9707421236449602,0.2564469045602963
443,SSP1-2.6,2075,1.7135748860429936,-0.002888730098777742,19.440971709478948,477.2368440040426,0.29360828894662344,1.0184358546739616,1.0765880367503822,1.1770549460891848,0.05017237714726504,0.733483719516224,0.7421225264219008,0.07310377265976029,0.20888241678523295,0.1427629011313182,0.9820099476922445,0.20991950422692454
444,SSP1-2.6,2075,1.5843597813699835,-0.06948178568156393,23.256039227033177,475.7816636508049,0.32941036928192696,1.3698882753265007,1.119701723528649,1.0825361965675087,0.06986237946935506,0.5468705097022377,0.7094869909774102,0.07734496202236935,0.119817946798565,0.15529362924867443,1.028283749059218,0.2796769172383988
445,SSP1-2.6,2075,1.5285159830657604,-0.1740175853028551,7.722544154821971,513.0108771846068,0.29725505747805553,1.2758691400218216,1.0737272237506763,1.0507207475011762,0.058102528404304216,0.5179936389891074,0.6506612053532513,0.07707566599291565,0.12374250262460991,0.14403927011731943,1.009045260594505,0.29076199741400216
446,SSP1-2.6,2075,1.3169904386838238,0.12749347300594938,12.542367110809856,499.97026652137146,0.2687039312467437,1.1161242998153493,1.1997693187084482,1.1212203004502825,0.10110835150979572,0.5916604932298932,0.6970849094971655,0.07718845305505902,0.14997127153817696,0.19779311243933498,1.0072437436495023,0.13003735838193622
447,SSP1-2.6,2075,1.8632886710912893,0.06919128691362274,12.809472996159176,502.36824119981264,0.29259378644607725,0.8433703573153989,0.8656830245910312,1.085765209360575,0.08554690340817389,0.4474926481077323,0.6431905844290876,0.08248772502172126,0.2252375574468632,0.1770034687129384,1.0289123774604982,0.1865721889488669
448,SSP1-2.6,2075,1.7231021190706675,-0.1036886223222811,19.920670466302727,475.1246896927738,0.19893123512863792,1.1058752263788938,0.9681578326815672,1.288590476311724,0.09297841660613175,0.22,0.49158788979451484,0.10478371795524669,0.12020810197077618,0.10962593229502327,1.0304304186263982,0.26506882318159053
449,SSP1-2.6,2075,1.3297133909994865,-0.0613573648289506,19.445895096327522,542.362293712981,0.20979209340589258,1.2070877467612202,1.048962625242526,1.243236774885051,0.06530164990030278,0.8714924732113389,0.7938685312824209,0.06976697191016656,0.17973924355664836,0.1134272326920624,0.9613427006630033,0.1974637174474123
450,SSP1-2.6,2075,1.845284465251018,-0.0608967855270257,28.1933557776128,498.3410245830834,0.2193390863704265,1.2250021238113422,1.1610438731267243,0.9290246371403037,0.055848074869746675,0.6551271699530464,0.7616839910872094,0.06366612196374864,0.12221135571324186,0.11676868022964929,1.0177696894366677,0.27892064053609067
451,SSP1-2.6,2075,1.660064601632704,-0.03496507065873954,16.77636500721314,516.5859614348051,0.3133982574537377,0.9327516448021015,1.053526866966365,1.0979952617680873,0.1215315062478266,0.7840011353054624,0.8257089422352296,0.06632084194531619,0.1377344377634235,0.1496893901088082,1.0061796472025983,0.22778853770627355
452,SSP1-2.6,2075,2.162757846022966,0.018659500915645923,16.718584147185606,486.23912353857673,0.28762236495893656,1.0513399809965391,1.2625416794973476,1.2690436169548387,0.05632261725696725,0.5707851376303098,0.588332995258298,0.0861919378775912,0.07128059807674614,0.14999757819345075,0.9608250135469374,0.22620710029326124
453,SSP1-2.6,2075,1.4752681740816616,-0.06634807690793185,17.869960555074268,480.039937458893,0.4024508585292856,1.262762179388278,1.1673763422066474,1.0458718761735089,0.07414439692796801,0.7286256544143308,0.8408877027098304,0.0662829721501647,0.2609922476344012,0.18085780048524996,1.0321163810566965,0.2703964612021468
454,SSP1-2.6,2075,1.2166259790077303,-0.11829618351180836,18.254771437950772,463.0370404338025,0.22525897338099016,1.3622557985864152,1.3036612792412026,1.0920441230190743,0.06911926425608965,0.42156582553267496,0.622182179275527,0.08412216150131639,0.2075310462517317,0.11884064068334654,1.0272540051574421,0.23486743203569338
455,SSP1-2.6,2075,1.1737482201935883,0.020361014062044408,21.290114351887652,478.7462888049288,0.30499857284927867,1.1669396996732813,0.8813570247698934,1.058221762143572,0.03627670574773368,0.558906879025183,0.7278878861964669,0.07543390477954857,0.19560345479566837,0.15693000752826974,1.0332989568800408,0.16285679486453722
456,SSP1-2.6,2075,1.3954469990976286,-0.057839340354149775,21.718099530416712,498.5927404319624,0.3178296473382215,1.334148678271107,1.2726631012453817,0.9990907667908823,0.06300014910342391,0.7131238599233338,0.7093609029022487,0.06453907906180388,0.08455017299557085,0.15124037656837752,0.9727234601848782,0.2439082832022515
457,SSP1-2.6,2075,1.6320251107961263,-0.18483261757027486,18.152478130765402,530.4289409830011,0.24090374121813762,1.155955373965772,0.8429698488092618,1.1791929934119112,0.08003350489825219,0.709189455420411,0.73722098332534,0.07443361148962081,0.10523409785136051,0.12431630942634816,0.9877136026957352,0.33066282997370694
458,SSP1-2.6,2075,1.501268673540848,-0.09307319396889777,11.221263775773787,496.4017621783525,0.1666544030311976,1.1822617787778886,1.055268394463392,1.011826185520705,0.08375974940891782,0.6444771504125035,0.7088103864807379,0.06865716785356663,0.013109520456730528,0.09832904106091916,0.9953687264255702,0.19304514140644985
459,SSP1-2.6,2075,1.376575366269252,-0.03710952402565906,23.44132345793237,479.9795483519537,0.37075531339638745,1.027467279258165,1.1210564495478619,1.1407018972095047,0.08135751063797246,0.40818262349706536,0.6517645895317473,0.08741135559796621,0.13047445854989154,0.1697643596887356,1.0462438354536556,0.24888598172200904
460,SSP1-2.6,2075,1.7413951548632305,0.010722093485996113,20.059749330721242,458.8648106225944,0.22298261446764567,0.8699320352842458,0.72,0.8251146519814153,0.08469751477349269,0.5581811480541392,0.655048505021946,0.06291827001167694,0.05995239270994515,0.12340496180667404,0.997783704678519,0.18133696772152982
461,SSP1-2.6,2075,2.393675140444758,0.002380407149283857,16.647592619059377,514.2329796892179,0.24394391461380588,1.112626728435965,1.18718424794569,1.22316110759376,0.08484934358000187,0.8530677977493359,0.8317398859602418,0.06960720821373566,0.0587731739525757,0.126570573689474,0.986084584622704,0.23832445534248023
462,SSP1-2.6,2075,1.105906248943924,-0.012446079379088048,25.498021810361827,500.40473117210195,0.2799018913621882,1.1700310470432882,1.2405736777829086,1.1847987121176722,0.11901017178588519,0.3112311556081034,0.46408868924154556,0.09463337287208487,0.1923600555811996,0.13796566197676585,0.9864761925919445,0.18349418467783268
463,SSP1-2.6,2075,1.4556151948557015,-0.049114120569755476,13.697027342610445,509.8397823731586,0.24007576864791483,1.3143925657848512,0.966288314738371,1.0063360989671442,0.05383049308937653,0.44360827924950474,0.5323066827957369,0.07840499136652483,0.1299887398251351,0.1240265190267702,0.9757751350629816,0.18605535121740233
464,SSP1-2.6,2075,1.6989173174824912,-0.01580916612442379,14.129786341139457,511.03931943871504,0.34212506601681697,1.1524885412569703,1.1528593392402615,1.3127238488108333,0.08243797859646558,0.6762933886524205,0.8732066366549311,0.08326853781103921,0.1132206395562991,0.15974377310588594,1.0654515013459036,0.21450026327419897
465,SSP1-2.6,2075,1.3666218080913688,-0.06287694505227598,14.371901225019425,482.3833426138388,0.3105613930397413,0.745918089997421,1.3567559307482013,1.1602233572788891,0.03771924421814071,0.44188621005491313,0.46555011206067193,0.08677733181227144,0.06136576388352401,0.14869648756390944,0.9435785856187261,0.21493548759524206
466,SSP1-2.6,2075,2.0146958392584216,-0.00376487325492059,13.262913092023005,487.8319812987036,0.27041764033235866,1.08498717297204,0.9379837427858191,1.0414394969508494,0.07865317841879818,0.5541081175170042,0.7431831927072159,0.07477018242150321,0.15085319933516542,0.1346461741163255,1.0424094757360478,0.2057464989862841
467,SSP1-2.6,2075,1.1296520138592565,-0.0249534229535479,25.109466599514988,510.7818260741744,0.34929121990434076,0.7593425498878498,1.0592510885526587,0.9668972868608975,0.10848899002051365,0.4547479891140188,0.5820024556178325,0.07572437752911661,0.19405670319672913,0.16225192696651924,0.9964526040281471,0.21676131565433293
468,SSP1-2.6,2075,1.1270719254401984,-0.1902085482879713,13.53703051456908,476.8463370241067,0.2640793816196236,1.1040490949604498,0.72,0.9406151907482249,0.08145998733263973,0.7391928964359895,0.8626188878644674,0.06008694237233571,0.0984414811079277,0.13242778356686824,1.0392568798868336,0.28063095474867794
469,SSP1-2.6,2075,1.627197949055336,-0.1503622634086219,14.613735592047522,469.7192319530328,0.3150049164928743,0.9354360227638692,1.0150231576512707,1.0329828343053529,0.07371746019794549,0.6604067269972101,0.836602228477637,0.0689998931896585,0.11077076752055189,0.150251720772506,1.0527853211132259,0.3121461595368171
470,SSP1-2.6,2075,1.34207786697679,0.13601354836093188,13.439019419395834,489.64772287750026,0.391180597130785,0.8162111435878884,1.5146950338870817,1.2502788941077303,0.04511291308303654,0.7046426672367266,0.772721997384827,0.07848865324396453,0.06458239419869848,0.2449199831762407,1.0066591737986186,0.17518977298097932
471,SSP1-2.6,2075,1.9074003226976486,0.021878493232237707,14.980232899077562,495.3533053076828,0.29145077934419616,0.8083923858130949,0.9431210405348285,1.0544916234547634,0.06885249495258282,0.45890267813900937,0.6088013462167315,0.08023326120215217,0.24478761886863132,0.1529470193865875,1.0082215123130824,0.19841232304576067
472,SSP1-2.6,2075,1.6257832126228056,-0.11749791507808038,16.469589433228748,507.6271600243788,0.15479561097371008,0.9572743960216065,1.2204208760551845,0.939976213833658,0.07077377565624522,0.7454400103229251,0.75993613344806,0.05974018022874303,0.2218857029547587,0.09417846384079853,0.9867635820648857,0.2404150909042337
473,SSP1-2.6,2075,1.6446596054434475,-0.08429338632470351,15.769554656268678,474.11455061627527,0.25323555520169433,0.9444983095573734,0.9116552056066476,0.8780909740765787,0.06062933717984062,0.5673573691883986,0.6419908917495426,0.06531203014470352,0.14552050330435473,0.128632444320593,0.988310414162521,0.2437842485127053
474,SSP1-2.6,2075,1.3921093480005153,-0.06863561007288974,19.02143744000903,489.8219305297,0.3055498226506471,1.2646776544165526,1.2431562663326141,1.1671651685378048,0.07470255773710222,0.37897338965180843,0.5260033674137947,0.09029676266944522,0.14390924790577198,0.1469424379277265,0.9942570815666409,0.2381742733409971
475,SSP1-2.6,2075,1.3991902209693583,-0.1626157076758714,16.158491016106495,497.15136754097244,0.37642583070752933,1.48,1.2049753611605873,0.9945409738412881,0.04000163807970257,0.6310987035787854,0.7934473270914412,0.06839534802789932,0.08871094408041255,0.17174904074763525,1.0413837387956801,0.3280411202281647
476,SSP1-2.6,2075,1.5717232953931577,0.04098981683208404,17.94761340414335,503.03408646618294,0.3260065695663671,0.9150976795445361,0.8337572475348991,1.256527808806137,0.10202005464655536,0.6922302600287783,0.6828072239937214,0.07944575362658383,0.11425872826450273,0.1745972077642705,0.9666626813400383,0.1916006142031046
477,SSP1-2.6,2075,0.8704098403200199,0.03571309761732387,13.176079264772483,513.8581254319809,0.2224412003978507,1.1317071616697483,0.7594560527576129,1.0489527564707357,0.10551573324896718,0.4938757149712061,0.6831559003167771,0.078186362676787,0.18376058951691873,0.13571096894790968,1.0330482033033024,0.07847544889926214
478,SSP1-2.6,2075,1.943536703946295,0.015055350058265887,11.681611506597285,524.4702459805493,0.30701778684299624,0.971327200335423,0.9881864615122755,1.0647443659688578,0.07714609594099596,0.6627267147578181,0.7632766620109591,0.07059413012197066,0.09861671470296704,0.15498390042418161,1.0160146798425884,0.19390886637151744
479,SSP1-2.6,2075,1.007798924955845,-0.09780458311054438,16.895630741634026,481.3619642969143,0.2903204415323151,1.0552107337084862,0.9149972061036817,0.923177830204461,0.07064029213733647,0.7503779899841004,0.8314515278043532,0.0585887528964198,0.10765401087201,0.1416121545363103,1.02022275190199,0.21547973533637538
480,SSP1-2.6,2075,1.8116060071650648,-0.13584002196557782,22.50257381136381,481.9542596943263,0.27472182111287013,0.9731350659932647,1.2287285364251515,0.9100591101050157,0.058582207744895885,0.6104962551480857,0.6107485117540726,0.06487644701748117,0.0877889579251411,0.13615263738950453,0.9585727013243838,0.33366951023045643
481,SSP1-2.6,2075,1.2280881347981527,-0.031563724076378384,20.88660084555644,472.911693337295,0.17803798151958372,1.1962094304359114,1.428183008511051,1.0473334798449898,0.05778626435003789,0.5902828819029997,0.7346811004450705,0.0732788125118879,0.09998595094275677,0.1023132935318543,1.0261599272777786,0.1593334821462643
482,SSP1-2.6,2075,1.5798667648734668,-0.029442418151647054,17.79347611090008,488.0663245246607,0.25579249576589963,1.1479277220755886,0.9253658141525551,0.9533003786138363,0.041546931194854406,0.58266466839142,0.7994010484037974,0.06859640235194327,0.17644592791431132,0.12952737351806487,1.0604746362770192,0.20155262223243448
483,SSP1-2.6,2075,1.7025223998193684,-0.04742307977130187,12.040210407105599,473.82305694569845,0.1920876316077475,1.0730190633356083,0.9463509791203379,1.1649453329544806,0.07394169114972272,0.3808255992776777,0.4828170871173938,0.09008462257981892,0.21304695207414776,0.10723067106271161,0.9724382427169358,0.18441469278233216
484,SSP1-2.6,2075,1.7450594612976305,-0.021638009939584493,15.230360293085182,497.9763657769771,0.3142784391570616,1.0658053130921135,1.26775594167928,1.0190865474831952,0.08888067768198019,0.48192801952191233,0.6019476588842072,0.07717556696530718,0.12424296116249509,0.14999745370497156,0.9971706972991142,0.2185881190566585
485,SSP1-2.6,2075,1.238497158606958,0.027083891615838178,14.236517405329925,466.729635306522,0.3046211501150665,0.7769587707311174,1.0833258549693283,1.3370227223885516,0.07606964579512031,0.6670227250744233,0.7845237470637313,0.08504047187489314,0.09292447672546719,0.16015934834819237,1.0250109806973515,0.14127135868138435
486,SSP1-2.6,2075,1.383692561304563,-0.024447832974482615,12.395487444326964,511.67088329474166,0.2460607971941372,1.0303595947299602,1.2546306483175271,0.9937390738664804,0.13104966880534688,0.34972758009501753,0.6061615723618102,0.08242072497267498,0.052150032362886345,0.126121279017948,1.0433702560586247,0.15637343915196705
487,SSP1-2.6,2075,0.9239598224298101,-0.04561077474021578,18.34806499303274,508.72627977493914,0.2727312249757241,0.9124719790278257,0.9086501040520509,1.0724698476443517,0.06718571860795901,0.7173710192714633,0.7965337023989618,0.06827790237112269,0.0956493580315463,0.13545592874150345,1.0140996009263255,0.1650730223179668
488,SSP1-2.6,2075,1.4270627300833896,-0.03453973459924529,13.744535787066926,517.1925135040678,0.3170729302248411,1.2046974020751289,1.089701559293145,1.0156054952730336,0.0900614168294007,0.6081044402070296,0.7302513874453271,0.07067930465819648,0.07591485048930202,0.1509755255786944,1.0180361807058684,0.1965750938881431
489,SSP1-2.6,2075,1.7058658950426397,-0.16097779533076648,18.879102959667712,491.91757278996124,0.2700371195068448,1.1258967370163275,0.9735604480775459,0.9609486020674953,0.09238013674875832,0.8922928354192152,0.9146472456892385,0.05352682141728898,0.08496648056350616,0.13451299182739568,1.01369053046023,0.32967132571311547
490,SSP1-2.6,2075,1.8080666684865585,0.012641236096859007,22.880476169513734,508.05152761266004,0.2852962316508,1.0099325318359154,1.0200992824318542,1.0802745569607384,0.08318569635730949,0.5486468254176827,0.6495749669100326,0.07713436564238639,0.15376907570698017,0.1461742991262095,0.9982794253073132,0.21812084137681778
491,SSP1-2.6,2075,1.608770125267918,0.004576900051912275,17.894048693244557,536.5283016113925,0.23012378992507013,1.011928993462712,0.9787589310234677,1.2972421805905137,0.027165425452253568,0.6777069618403007,0.6941485642226929,0.08236423086285878,0.09405026289570544,0.12283177649973068,0.9770783893568142,0.16817234709194706
492,SSP1-2.6,2075,1.2489357485102628,-0.03840616152135752,11.954409899186363,471.3732058708027,0.330323196074374,0.9795771033017603,1.063197304811602,1.1025443762841143,0.059398011739055775,0.5063330486437617,0.6539055475189052,0.08044919859849499,0.1414587202213044,0.1556131186260309,1.0145304547256542,0.18156227902682234
493,SSP1-2.6,2075,1.8167781011594717,-0.015021414238770682,16.47588780530987,514.7707868357462,0.3366872603095777,1.1433164019525013,0.9907602146972225,0.8,0.0915994511544892,0.6516720929743108,0.7409316435948368,0.054841258264617845,0.10037810344269932,0.1578405411083522,1.008735540910041,0.2314336812955095
494,SSP1-2.6,2075,1.5034828979700334,-0.03610061495817267,15.802724227778716,477.67571250177923,0.20238929050884952,0.9229304319019311,1.1958873359204645,1.0784839992498638,0.07112664851969096,0.3415498198833864,0.47095376095124675,0.08739280127313104,0.1589448404768068,0.11083625167809733,0.9797253973204488,0.17546867636037047
495,SSP1-2.6,2075,1.0744655482263883,-0.001887051057608783,18.745014471613608,512.1044229723918,0.37019913507082397,0.8571432538325645,1.0661335316661966,0.9780035395538847,0.07203578931101243,0.7597094886137309,0.7245299228297047,0.06107433154529186,0.2026582051193852,0.16956969727478838,0.9646189400991623,0.17520249096544005
496,SSP1-2.6,2075,1.6837515375551182,-0.0530556447653478,9.51014549774973,448.1859181249917,0.34617535523520854,0.7713220342414876,0.9951264544253569,1.3280365421456772,0.08684603315528718,0.36549059190051136,0.5531411994371399,0.09963320728974166,0.10295566401732298,0.16116137433232297,1.0120800930456253,0.2273855236875264
497,SSP1-2.6,2075,1.7562184499418145,-0.06485252242522624,20.85337536914855,465.02661993967723,0.2545030823259812,0.72,1.0924066792574447,1.0427719382359866,0.06565941516207179,0.6075910421607992,0.6905697734497444,0.07216778302774393,0.16492676078632107,0.12907607881409341,0.9987274972558332,0.2574975605004896
498,SSP1-2.6,2075,1.648741074455399,0.11228932202482048,17.077900695006434,492.64711790753347,0.2602062838117948,1.1185595707019242,1.231396426043513,1.2650895316670019,0.09648276539824936,0.4378544703549311,0.5169455119714548,0.09262555895663047,0.06947638047142096,0.18721686034653842,0.97015492268205,0.17376872235924765
499,SSP1-2.6,2075,1.2760485378582043,0.031347209846062596,20.47198830016475,497.645394786093,0.25828165725915586,1.3397187968964865,0.72,1.3760693068074665,0.04913974427975265,0.7852850442246978,0.9104182522186198,0.08122986430916715,0.029946377733479204,0.14607218496373583,1.0473356254170414,0.15359146122871106
500,SSP1-2.6,2075,1.669901973139699,-0.07493951830747864,18.115904070023223,488.84215915231465,0.21725352183360433,0.8964358329140464,0.7420178098672097,0.988662165412639,0.08276409627967135,0.7209727398434302,0.8045403469965688,0.06358509499158596,0.12755944317196227,0.11603873264176151,1.0168278157342179,0.23570708354421668
501,SSP1-2.6,2075,1.6344165000106485,-0.1708048889722375,21.804783096524144,468.19172405269273,0.23704618977578285,1.1921214401605562,0.8988514577219762,0.9855722752551975,0.08356273568926983,0.8198648641498885,0.8842405171293674,0.058474110075477745,0.11767219075697913,0.122966166421524,1.0229413646672902,0.3321227848076031
502,SSP1-2.6,2075,1.567716195734512,0.16,24.406020541633303,504.18456819386813,0.35050794695794385,1.0178324011149014,1.1098342340852991,1.0007907351842908,0.05674936302077577,0.96,0.9192871205324454,0.05228680881761566,0.12487292687226481,0.24267778143528035,0.9933664046250187,0.22399369056117258
503,SSP1-2.6,2075,1.7796261713849602,-0.12775525668459517,22.009731835852058,519.0939109257474,0.32064955514208054,1.0381131571413984,1.0730259111221487,0.9713649925470289,0.11135375402248912,0.5557234560020474,0.6801885123863975,0.07091617295242995,0.13412741759662483,0.15222734429972817,1.010945585131548,0.3371330846178722
504,SSP1-2.6,2075,2.0008618830093123,0.017345476545069717,18.93385886621254,509.4942591687428,0.2824211471662098,0.835953375405656,1.2792555672033823,0.9171687586021933,0.07959840639907458,0.4601932999618345,0.5191020083547957,0.07277442200356483,0.0547282595253597,0.14752013978070827,0.9637564588778219,0.2188836787192372
505,SSP1-2.6,2075,1.1510983624343756,0.0030893394260414764,24.85687028777042,492.9862553680456,0.3128648151271004,0.9749713182765345,1.0366057280783982,1.2481200953149658,0.1081006030948335,0.598522610016186,0.6647884518197313,0.08367841309307347,0.16609929564985648,0.15104735500750588,0.9890984196224649,0.18282185411804602
506,SSP1-2.6,2075,1.4960235366628758,-0.007132443796970398,21.428000363043367,490.7953999720137,0.21189315194550262,1.0401959115434547,1.0177402055772067,1.0843891499191636,0.09601721286913985,0.5652789006828284,0.5710523269741768,0.07652431688458276,0.11202693264904469,0.11416260318092591,0.9541798583957463,0.17566128048679458
507,SSP1-2.6,2075,1.667441727879861,0.04151508457350901,17.753065945472905,499.4248549261772,0.18491695567556374,0.9674053379600581,0.9581371047351466,0.9236588085379829,0.08216695188761025,0.51024268728235,0.6277397800474928,0.0706214168648508,0.18222038954631561,0.1254784767732018,1.0003803331414247,0.1537149389148136
508,SSP1-2.6,2075,1.1763600048088383,-0.2462958129299773,13.993448506691001,463.8950616629771,0.28717431795351206,0.984886482573848,0.8196482786769557,1.2339280091544451,0.054479409210529545,0.26097782668978636,0.44515620433598335,0.09979146300459618,0.1544916702608661,0.14051101128372923,0.9939575385281286,0.3403386070299547
509,SSP1-2.6,2075,1.4420486878055654,-0.041198952270180715,16.605841248777935,484.8285606766057,0.220352078231526,1.059192554846152,1.2876355131732826,1.1969427083136241,0.05892854323393441,0.4720928456913427,0.602419619062588,0.08724419585539722,0.17436514450506335,0.11712322738103409,1.0006855466872149,0.18317517297021962
510,SSP1-2.6,2075,1.8873527626368793,0.037116969303981256,19.271181178204568,507.39315070636536,0.2474872639351734,1.246694458624916,1.0565007511657105,1.1067296590472946,0.08859617502350693,0.5123075494960903,0.5844586014512898,0.08037583493543443,0.23869390638776516,0.1451790270293013,0.9784439205533929,0.19898002960365407
511,SSP1-2.6,2075,2.0304205121326313,-0.09152252141563542,15.12058477650908,491.69657400209474,0.34384757236776087,0.7285672657178405,1.126070748376191,1.154133923906859,0.06657463825563087,0.283581759293441,0.4673163659159629,0.09436466178415881,0.13203565954564667,0.16034665032871628,0.9972905596200622,0.31022537817473195
512,SSP1-2.6,2075,1.6552738879808317,-0.06802683215018789,17.46192037131462,457.3510373172475,0.1978852241628456,1.216928409899647,1.474784353349537,0.9461877375721836,0.0675466139926775,0.6336025366879433,0.7496669123846227,0.06566652057333579,0.11453206535691332,0.10925982845699594,1.0190557101962576,0.2199711658515689
513,SSP1-2.6,2075,1.5170213066557217,-0.10971732349360634,21.098538347387706,489.95357669651986,0.23178982471443293,0.9026393470473772,0.7513104774570849,1.017270410092403,0.10018608635740217,0.5727725071497465,0.7005997203421367,0.07253555057056514,0.1437175940887966,0.12112643865005152,1.0152743494176062,0.2671313709333813
514,SSP1-2.6,2075,1.82352178766512,-0.019087171085620597,21.581635860477906,497.9873304601173,0.38221987948208136,0.9694975936852779,0.9822230677938322,0.858515591004736,0.09289469932544892,0.5848080497000674,0.7481969738569685,0.06338543703063626,0.042127761648921125,0.17377695781872848,1.0346225909389983,0.26969745839764503
515,SSP1-2.6,2075,1.9199668513054862,-0.09070481563129207,9.93800702753455,482.80117839592214,0.34110063083244097,0.8523580714324007,1.1724241967958693,1.2761012514185643,0.1259071560748013,0.3592326449037836,0.5417783058539207,0.09714958898504121,0.04026644658985071,0.15938522079135434,1.0085909617749527,0.2790681765738863
516,SSP1-2.6,2075,1.6937781982175866,-0.04290229626939199,20.363609815831772,512.6480731717783,0.26066931752582573,0.8934311610724149,1.0464866709399496,1.2142322771701588,0.06437209027051949,0.7146654855450659,0.6657848490567907,0.07604654064729371,0.05362440976830678,0.131234261134039,0.950816956544108,0.23406277610278234
517,SSP1-2.6,2075,1.4604712390169237,-0.211257790307167,18.855088297990555,491.55219705064695,0.23614757079290577,1.0382948286688736,0.8482925841842908,1.074337047215556,0.04658266939562715,0.4863057669682099,0.6425905811192323,0.0799317065016579,0.06437452744292155,0.12265164977751702,1.015661305612417,0.3385818714255717
518,SSP1-2.6,2075,0.7622855191818978,0.00979056410754034,17.430465002654966,502.6284125682733,0.24305050571290554,1.0807303926433596,1.0409696698088866,1.1684874508409204,0.07580901233436858,0.5165839963583898,0.5454313489791833,0.08348743215043775,0.12933724322019444,0.1299629590532871,0.9578575318054167,0.09219823249063136
519,SSP1-2.6,2075,1.433894635124886,-0.1421073958174473,17.357074945490055,523.8599795492314,0.23367941984399299,1.007786466061868,0.993133446917289,1.012891614784008,0.10256686824110343,0.5817278572790944,0.7762797419532012,0.07185200177826108,0.16099667535554307,0.12178779694539754,1.0494369013289502,0.2727512673448368
520,SSP1-2.6,2075,1.7295477603860578,0.02290618325913786,22.15294970476155,474.87140551258153,0.35574611895962177,0.9214554655709133,0.8888689956866584,1.0214614075974282,0.05327941743653297,0.40589484107277957,0.5366995168747808,0.08110510297083792,0.16682639524311982,0.17596423326543656,0.9905210486095063,0.23117802830705855
521,SSP1-2.6,2075,1.644918468483985,-0.022864887100522056,20.21406542742329,502.9271342450686,0.32861434210616836,1.1297690741563886,1.0097308433183725,1.097207103551341,0.09221037866511927,0.22,0.435924150164012,0.09447845942199529,0.13823030774848316,0.15501501973715892,1.0031045828077876,0.23462873310494264
522,SSP1-2.6,2075,1.2447757407905764,0.0013488352305467896,19.208423819321656,499.20178162677416,0.3033947227603266,0.9538960268762536,0.861965145638397,1.0691215620674712,0.09496225368303739,0.28105199428632127,0.5104106487932388,0.08991356132008622,0.14264738025484364,0.14686257058138769,1.019290416405829,0.1676723185056741
523,SSP1-2.6,2075,1.2645519432127657,-0.016668569662879964,17.024575310487332,489.4120829975559,0.3396424562639163,1.2913125356226551,1.1169374980882047,1.1831073578305085,0.07539291197953434,0.5043712009471676,0.5813790751801995,0.08488529768197668,0.12668504483117607,0.1588748596923707,0.979581450554098,0.18753399898857795
524,SSP1-2.6,2075,1.673281739208738,-0.008547718922692623,8.92126709086326,454.1297695562156,0.21291604831281985,1.1344482447250996,1.3220106482550003,0.8,0.09016090713220234,0.6294979911899168,0.7185229415692567,0.056283806362906585,0.02481127448886508,0.11452061690948695,1.0051370237113282,0.1445640401938153
525,SSP1-2.6,2075,1.3724275890578792,-0.02672508241396128,23.817543817528176,507.1758535509487,0.25181085093505473,0.7204163288473019,1.1909597410689081,0.9136313212534595,0.06792714127863106,0.6791093877046976,0.7331116576770824,0.06163814022072063,0.2738912320369738,0.12813379782726916,0.9957375708913268,0.20304897806794875
526,SSP1-2.6,2075,1.6756848632038592,-0.056342959041765665,19.8355426670628,485.4362657274978,0.3359734123062483,0.8252594973025019,0.9494330817354866,1.145000057144886,0.11095008957557298,0.7986957590511194,0.7869145631156842,0.06811713820139942,0.04757456191252786,0.1575906943071869,0.9822298012353622,0.26580900637803223
527,SSP1-2.6,2075,1.409902052276018,0.043056423513737715,20.086351106761462,538.4340894783589,0.29648617250044,0.9366097617035883,0.9543830438782677,0.9341641343866515,0.08813573675354752,0.45140574857649207,0.47401782371396306,0.07412893519199508,0.1449462905496713,0.16529837213202286,0.9445576672075019,0.17614446094024952
528,SSP1-2.6,2075,1.7825005987445848,-0.09643695652902867,21.21577936622466,515.6369021692553,0.23095399123365906,0.833125352208535,0.9987130068131143,1.0862404143186548,0.07229657469427149,0.8072546494889716,0.7362311836572604,0.06452521291194051,0.09344463059994224,0.12083389693178068,0.954491756256882,0.27960533948885
529,SSP1-2.6,2075,1.3528679454503678,-0.059084198157986545,15.865803182360324,483.2943279436669,0.30884355907371863,0.72,0.8159230849183907,0.8673537739048933,0.11374389929504611,0.6461546545718909,0.6710427605075818,0.060794008943207405,0.16395925797861316,0.1480952456758015,0.9762682741048144,0.21580022276529176
530,SSP1-2.6,2075,1.5865843616027915,-0.04088213572623062,18.02315004673546,496.0842389332616,0.3086667923280051,1.0206116234305251,1.1668618143357938,1.121731996157277,0.06335884928065066,0.22,0.418790318262224,0.09579903056231491,0.18726749898276224,0.1480333773148018,0.9946934289650917,0.22950094182032946
531,SSP1-2.6,2075,1.3871218441821234,-0.02734052886686242,10.97981606068922,501.605232608898,0.20068738405578873,1.3490846814952886,0.8973987669705008,1.0380191728282988,0.07246634172222023,0.41699926151101185,0.5009441141509458,0.08144145392289627,0.15991749443106412,0.11024058441952606,0.9692615389224247,0.13897424673001285
532,SSP1-2.6,2075,1.2091878631918718,-0.033575967468689516,14.60073683649016,533.5289264221906,0.24963843261689095,1.0149445044093797,1.0078032476639445,0.9506870258975391,0.08590133068014828,0.4351035156437143,0.6025211476787137,0.07583374099691254,0.14672627095718926,0.12737345141591183,1.0130830989110304,0.1582573696718506
533,SSP1-2.6,2075,1.8575996824939334,-0.006627500853151055,15.624304736013023,441.8230478276452,0.33759976235945977,0.8890370931104176,0.8072685676384315,1.1515758905882143,0.06049897111610962,0.5351746680884694,0.6276304162848124,0.08164727608878805,0.1632606763610906,0.1581599168258109,0.9920038969742844,0.22511197111207806
534,SSP1-2.6,2075,1.450007305421023,0.045138698392168164,12.209361584519918,465.18412895115625,0.20927612002837787,1.2009838597020077,1.1556194944310019,0.9047358182077667,0.07836561077653224,0.6183810266019442,0.6652308485649892,0.06419556965032099,0.10955836917198557,0.13581599120601634,0.9826864956880548,0.1212252820523668
535,SSP1-2.6,2075,1.7558839234501316,0.047348574468955185,18.774699167831084,501.4812976068672,0.2217130003722839,1.1414165054322183,1.016692595970803,1.2027023798032217,0.10428414506570463,0.24460829163556014,0.2791814666607394,0.09892855971531854,0.10334270142939618,0.14127383736477694,0.92,0.17725268141239542
536,SSP1-2.6,2075,1.3587163711530574,-0.05211249940728566,23.64822958999873,505.0357888092241,0.1592174465919703,0.72,1.1082251723043357,1.1165816216395479,0.09936432528140962,0.878839583625677,0.9016127593038127,0.06257972352238411,0.08039919904732735,0.0957261063071896,1.0117827226515548,0.19223648240592123
537,SSP1-2.6,2075,1.2923174198338656,-0.08125675901564082,17.292633992355043,487.0949689335149,0.28825240937786656,1.1381610295154965,1.129686990117204,0.9768624686431844,0.08026280201019442,0.5439811753898763,0.6525530152412785,0.07179930492667765,0.16775669333755636,0.1408883432822533,1.0012988551155708,0.22760731222844033
538,SSP1-2.6,2075,1.4734193197056284,-0.04380612964706999,15.298179778652711,501.9843381925628,0.24272645148665728,1.1981856042382741,1.1236458447189945,1.1499860565216782,0.052584829150299627,0.5303771690311505,0.6062090473630957,0.08180154459191744,0.07992152656008794,0.12495425802033006,0.9830894446434847,0.19025526307996143
539,SSP1-2.6,2075,1.1417137239791746,0.056009200414763066,14.842210411243565,508.80554886015983,0.19563760672735897,1.057898103913879,1.0434309786429987,1.2832464514719764,0.09930294979541796,0.39858419975981846,0.5201482013623561,0.09556675278357703,0.1993677550944724,0.13647776256195718,0.9848362823489699,0.09997641489776635
540,SSP1-2.6,2075,1.8850924906037474,-0.013109306442596533,23.844489832621242,472.591580189994,0.2651845719028302,0.805153180313359,0.9168030559813518,1.2063782787177393,0.11627241737678685,0.6414021643089542,0.7272715598011122,0.07928679910012286,0.082140089173058,0.13281460016599056,1.0054579705075932,0.241111907034375
541,SSP1-2.6,2075,1.0881421309853887,-0.11123594420014243,16.116432327222995,504.2905559826523,0.33365478720237474,1.1893271169605741,1.0936644719316742,1.3165428530709875,0.08070198748646887,0.6481820522722254,0.7610590145488867,0.08487974332098036,0.13532343243692857,0.15677917552083115,1.0197812893291252,0.24455279096666271
542,SSP1-2.6,2075,1.7470378345492323,0.050439133818337825,15.435615639431738,493.87243932351555,0.31215532350107833,0.9179934816890103,1.3820847211101774,0.9687522326495172,0.06426876173703416,0.3363240825918492,0.4442239111537298,0.08174545455153538,0.07842369146948729,0.17447393013454632,0.9683479171775337,0.19281096262295702
543,SSP1-2.6,2075,1.4235806473162478,0.008181093466300075,10.30776991349282,500.08478974460036,0.2859664019286201,0.9530896214508947,0.8209691777917456,0.8,0.05700885119898556,0.4743928873971046,0.6775143751382893,0.06560048034700645,0.12307013733223501,0.1441787874081671,1.036782449384054,0.13783585898959824
544,SSP1-2.6,2075,1.4372807128752088,-0.03931329431032614,24.30722408392502,480.4986638561422,0.2659093242464672,1.0488893312180945,1.1141295981195758,1.0583381552726483,0.06612994521501586,0.5012618020281177,0.5448578912721989,0.07832242595173672,0.01666219187745524,0.13306826348626352,0.9626908432566024,0.22552166939672044
545,SSP1-2.6,2075,1.8042776626035821,0.028041948117281022,13.847904465520815,525.7129854330877,0.31034712864854064,0.8848202592474891,0.9398971163643626,1.1380425664717198,0.08402771177298854,0.5791943813583711,0.6013999383636958,0.07871757297286636,0.10678885518554053,0.16264246908562974,0.9644325362560016,0.19112957747748474
546,SSP1-2.6,2075,2.110729507425215,0.06543701704525764,24.14712421579093,503.2987698854241,0.22855481972672742,0.9993965376452394,0.9553316958110816,1.2100301545550705,0.08746846396079462,0.7480736777116304,0.7340692278833467,0.07414986289815303,0.13929301390002527,0.1527126954269834,0.9731861169102696,0.2311718817730326
547,SSP1-2.6,2075,1.4549201577043969,-0.0046618479025585,21.880593022189554,519.5126269360657,0.27674799163000635,0.7939603755066121,1.0616229616321915,1.099888459044361,0.08760484225480296,0.36757236221748313,0.5915600555727876,0.0872442219915145,0.20514331583970494,0.13686179707050222,1.0302453260027686,0.1926917834682697
548,SSP1-2.6,2075,1.4054120791564169,-0.02823509015552069,19.769705045395312,520.6106753155065,0.2950190481808871,0.9074033413619887,1.132659745641286,1.1908284312320703,0.07525618640534576,0.7619145339452529,0.8126990231774555,0.07242388113831036,0.13491387977873448,0.14325666686331048,1.0071658687737537,0.20554817422050478
549,SSP1-2.6,2075,1.4449315601239214,0.06566345301422756,15.71315914593482,493.4997932220269,0.2708060969592634,1.1797213812757348,0.8682011568245576,1.0078075339410313,0.07151582067387206,0.32612315286619215,0.394561947264785,0.084358478799669,0.09205836583344562,0.16761386044285598,0.9473736634459256,0.15410567846097517
550,SSP1-2.6,2075,1.548058424091114,-0.08522508035604776,13.327922049408047,494.3990792131731,0.37923115379622585,1.2145232268581883,1.2251918516769,0.913904730384149,0.0625756829512381,0.9211577704806704,0.8890124298052674,0.04955044311203603,0.15713418923761988,0.17273090382867903,0.9914705261584928,0.267351769422289
551,SSP1-2.6,2075,1.486104664828452,-0.030522821084884317,19.063549769353997,487.48370986682767,0.2331009900555587,1.172616000508428,1.218603913560904,1.119355494943607,0.08970045010261377,0.5275979561911968,0.661763985351454,0.08029116730278824,0.13321018276025146,0.12158534651944555,1.0112896205239796,0.19180324020521178
552,SSP1-2.6,2075,1.4698130010595756,-0.10764053839559735,11.60995588062541,517.7712939619947,0.31604280569007404,1.1083505413816133,1.2377665479317141,1.1959514237798445,0.07266368961481638,0.6345339102993555,0.7032109842954268,0.07906876576548538,0.16163839991919457,0.1506149819915259,0.9959391633250974,0.25197418359439194
553,SSP1-2.6,2075,1.3325326576473073,-0.046136028683464655,9.154446581174952,481.83157001392135,0.22667400136717955,1.083467376820815,0.9270727246115167,0.8733301165041871,0.08620063801171488,0.4966864681095594,0.6724052383572541,0.06858922132936286,0.06849741702931343,0.11933590047851284,1.0268323251118974,0.1510384677495889
554,SSP1-2.6,2075,1.479191761051113,-0.048461251602551186,17.60977678935763,514.6525037770137,0.1655656046092829,0.8235368554179898,1.1847490618705885,1.066434511060757,0.1073208300446434,0.8656453559301222,0.8300671841569152,0.06053920587599618,0.06681036375852417,0.09794796161324901,0.9810648224974484,0.17859414350996722
555,SSP1-2.6,2075,1.9850947755783324,0.05000885614983282,14.736544570303654,504.8029756171686,0.18364014240532656,1.0443888733160236,1.1400953367864717,1.143129712736009,0.10660296903983292,0.40361115549375315,0.42176782344421987,0.08777065752648204,0.11836375273845753,0.1292784779167807,0.9348623712387023,0.16949570005085376
556,SSP1-2.6,2075,1.355332094995207,0.03269571674322799,22.73465821170968,510.3885024408895,0.24645911562249898,1.2724253400189132,0.843505258747874,1.1110521177362545,0.04803127106007668,0.6573063701657164,0.7255760298427653,0.07335864167751249,0.14176792059802912,0.14260854883948865,0.9993165063547657,0.1654176259524649
557,SSP1-2.6,2075,1.768737680965765,0.09421963494019792,21.664476749487303,467.85902714534194,0.2693095158082934,0.9625934443789744,1.1359970398449513,1.0099535438332907,0.12156732400300144,0.5377325651577898,0.6538318724737829,0.07389356256390307,0.046552351922896154,0.18136814800300163,1.0040125574635477,0.20484562901200679
558,SSP1-2.6,2075,1.8661679766820307,-0.15614952978165472,23.213584655253108,488.47358344685813,0.25270403348041304,0.9973520204554948,1.0290393221869503,0.9977806293975138,0.04272461117733624,0.39252308403454383,0.6073707778364357,0.08049857199660046,0.12099837932156275,0.12844641171814455,1.0296779487038097,0.3508013045405751
559,SSP1-2.6,2075,1.7943162995528843,-0.0319554532393169,20.445998665686748,491.3024207089217,0.27551930943710284,1.2534234019500057,1.0957823340500297,1.259889278964543,0.09071073169218644,0.5346436710623034,0.6441610127775752,0.08750608531420638,0.12198482743988401,0.13643175830298598,1.000296173532557,0.2389520129315122
560,SSP1-2.6,2075,1.894223724333669,-0.07094852042005176,19.58879992421846,506.186570988093,0.26115078384659324,1.0882099324141252,1.1460671742639392,1.0284389320299108,0.0851266308176608,0.38573053059429147,0.5841765459337539,0.08248903134881908,0.10863907981477988,0.13140277434630762,1.0205591672454575,0.27187392378666353
561,SSP1-2.6,2075,1.034478128117902,0.006300507709878521,19.14267789867947,506.8641186665384,0.25053804003050684,1.1016745781310304,1.178685434462638,1.053387291601408,0.0766310202724484,0.7660345110947346,0.8005466450793614,0.06481720553149291,0.0363226154929943,0.13083856786561665,0.9998248326080623,0.1278900177310418
562,SSP1-2.6,2075,1.9817827807012782,-0.025805232025877287,15.954071075737817,527.4695274645962,0.14,1.289425362376429,1.1490512303788114,1.0958904369687203,0.0894633152011016,0.7966312504365269,0.7560663020411502,0.06557599946879705,0.09663063037407865,0.089,0.9677752799472077,0.19252369757872298
563,SSP1-2.6,2075,1.5446269295560953,0.01638158571041074,22.384984110571114,484.9684852384617,0.25128254195653016,1.1697082830092245,1.2924883310067514,1.0359511838827526,0.0961679403568057,0.7315536292782083,0.7402331658238096,0.0656023822836224,0.1405775167043873,0.13613968253999092,0.9817267426126355,0.18219196756626788
564,SSP1-2.6,2075,1.7746296749996953,-0.11484695237111497,11.831112211427603,518.1320558314154,0.2563872432891639,0.9653938130914795,1.1351589141765823,1.0028137357466247,0.043148711067472,0.4921768023068568,0.6002264993293719,0.07578689950178309,0.07226358799618438,0.12973553515120737,0.992904534391621,0.26618720789191436
565,SSP1-2.6,2075,2.216817063304859,0.054700320223673674,15.174091859717734,494.2126319806065,0.3637468390387517,1.1235088299181972,0.9727050051732822,1.1912854230571912,0.10045979886205691,0.665642585501423,0.7766603202607708,0.07726208581262377,0.18466939578942715,0.19466155377539993,1.0216114686769941,0.24955320881485804
566,SSP1-2.6,2075,1.876358383283116,0.01419657520504837,17.236476907732637,503.7756944959633,0.29067349475324183,1.4133242707510454,1.1061787688483484,0.9590799850518724,0.06379282700362765,0.902783537753739,0.941196780128425,0.05290166846126002,0.029259819508005894,0.14883401076615882,1.0232219510965241,0.2041232779539154
567,SSP1-2.6,2075,1.2965860058505758,-0.13362334887631722,18.06733153307498,477.44562596028624,0.26371695891802466,1.0966386889971862,1.0685558718603172,1.1576973458893902,0.11526607524815372,0.5508036462748823,0.5580856630575852,0.08119544400337689,0.17343160476350042,0.13230093562130862,0.9526465083081447,0.26617118493617614
568,SSP1-2.6,2075,1.965323826640557,0.038851333699165755,18.687759425202113,513.4019321392515,0.2345679921461819,1.0636224086481167,1.2105341809831105,1.0886264538126234,0.08567857026275236,0.6251371485192964,0.7241572641951142,0.0737595670100995,0.1575286554830746,0.14152446410074654,1.009358692480978,0.19939106085602873
569,SSP1-2.6,2075,1.520090092961354,-0.07798972618527787,13.59753833603281,500.69485958126893,0.1731781003847398,1.237257694923218,1.069392135133621,0.9570895558261987,0.04550547512576871,0.7009195660202594,0.781874135545533,0.0628876900896285,0.23557697841908848,0.10061233513465892,1.0123948805017715,0.19351427229512813
570,SSP1-2.6,2075,1.7991607002933738,-0.00898981446886718,12.5737388773321,493.7757111059186,0.27907315251951637,0.8781715394904154,0.7897450031229476,1.2298922669968162,0.047684491907997215,0.5755184021711808,0.7141557848415505,0.08384712503742336,0.08314976602774413,0.1376756033818307,1.0210125150337996,0.1913314977403003
571,SSP1-2.6,2075,0.9673537018291913,-0.07899808740159792,17.011834536607225,501.2331050949389,0.4252595536806101,1.1003168119515274,0.8843273616192329,1.2282309104041496,0.09454062024687929,0.6127641588471757,0.7176035825723667,0.08189537954094156,0.08657652717576933,0.18884084378821353,1.0102717595094501,0.24042875949151155
572,SSP1-2.6,2075,1.3630633986428355,0.07824730305095279,10.228989854298941,500.88254441638634,0.2815582269779198,0.9783214220192327,0.9693132617205602,1.0698744000271976,0.07863298382240423,0.5940196236270431,0.6737889994396483,0.07430571728165078,0.20032584580017027,0.17766903096774833,0.995020049001418,0.12931768455567227
573,SSP1-2.6,2075,1.1989839928442234,-0.06351459723842762,11.059143111744714,479.64487352189127,0.14532700524348519,1.0249477990949512,0.9497037957414307,0.9005083838141896,0.06111798469397346,0.7378484385815978,0.9260391570864102,0.05799456796860724,0.21339525931879136,0.09086445183521982,1.0708392710722716,0.13625692897738462
574,SSP1-2.6,2075,1.7249019510026444,-0.054922766090074696,15.522412157951155,485.4897085096274,0.33419731755215865,0.8752071111549028,1.258029158596525,1.0901185360139312,0.06012134867136332,0.4775896174028382,0.586388714307679,0.08121728645368514,0.01,0.1569690611432555,0.9909809074689313,0.25178403360610246
575,SSP1-2.6,2075,2.05730849217895,-0.01737373396017349,15.600764298948116,505.7286702758249,0.2591499493391097,1.3883889394458457,1.3970927820021968,1.17430481558943,0.06843954486849958,0.4521246884737193,0.5556496628276097,0.08702364026189872,0.10903903481690884,0.13070248226868839,0.9843914839266905,0.2260393995493852
576,SSP1-2.6,2075,0.9452677107461123,0.04641466046728926,20.139444350512452,466.4997922093956,0.26801849526047883,0.9893359058053067,0.8750011900067574,0.9740054496416212,0.09857289184080607,0.43239765416234843,0.6565935468919111,0.07722464150335448,0.1683501818268814,0.1570138035748122,1.040530997012016,0.12651003914973036
577,SSP1-2.6,2075,1.017683944639991,-0.10671288065691466,14.781762132497327,505.2099024228101,0.4014175321496416,1.4279552242672968,0.8913075130718819,1.17049202499625,0.08052245553920967,0.8396486628107522,0.7997483401494306,0.06744213743618353,0.15216600005501213,0.18049613625237457,0.974859195178713,0.25138842688250995
578,SSP1-2.6,2075,1.5140632203474624,0.09245685598492277,18.53837381076998,499.6686418802611,0.2924140639717266,0.9474084170923245,0.997005628794748,1.039687487367896,0.06992941299597717,0.561339759436442,0.6082069490473992,0.07431426134798769,0.15567706917726454,0.1885733503825657,0.9737343571095763,0.17799122091940528
579,SSP1-2.6,2075,1.4306316697163748,-0.018834219629645366,19.683887264628922,492.1895149952771,0.21683719321576542,1.0720167616611487,1.2976996602789803,1.1265236263684673,0.07352680340410249,0.4670103835246904,0.515826690672183,0.08370652224360602,0.15542098282604835,0.1158930176255179,0.9598729092115568,0.17446297341813244
580,SSP1-2.6,2075,1.6043531885137605,-0.0104409953109919,5.0288392837229186,505.54909287568387,0.2549891872671603,0.8617764232267378,0.7685187559572857,1.0048617183287747,0.0750687168114964,0.5091321199218763,0.6612065487700581,0.0750494096062248,0.01,0.1292462155435061,1.017180201727744,0.13869306492491165
581,SSP1-2.6,2075,1.2871733284906557,-0.07371546239958802,14.934679166426795,497.02738299804366,0.26255410359364484,1.3237795469330027,0.9845531977160369,1.3013041671804264,0.09818402575306913,0.6194236191672866,0.751371559592068,0.08549712035135093,0.21747138826386436,0.13189393625777568,1.024625717474081,0.203587891587521
582,SSP1-2.6,2075,1.4977971143428945,-0.07942052916737444,15.004348582821002,526.0372638512432,0.3004707507877786,0.8871415287510461,0.7409722274704209,0.9528616343745511,0.09536443573512704,0.8251099136002837,0.7830133231938214,0.0564505154016924,0.11523953581394777,0.1451647627757225,0.9714971220460358,0.23921489893700598
583,SSP1-2.6,2075,1.5586510582104554,-0.14870352256467922,10.52510789554558,486.5732863130764,0.237821536739433,1.0621287761723979,1.145347808088825,1.175191481331878,0.07760746099961072,0.6816380064094585,0.7101164644137118,0.07559571790508973,0.06787943935312907,0.12323753785880154,0.983604922572592,0.26415892913942174
584,SSP1-2.6,2075,1.8486486383383602,-0.14401931860271305,21.419879674283745,494.81223892816837,0.21453104092929448,0.9416494811073844,1.0229186990134629,1.2218239922135563,0.10438146747241023,0.5258117476962013,0.6892521654648069,0.08589801219591989,0.18148806364994538,0.11508586432525306,1.0253800869063188,0.32006604288243085
585,SSP1-2.6,2075,1.9273900366789034,0.06253659706281278,23.069980330831527,473.5338792136343,0.27973120949828406,1.1611815161289676,0.7746653554002654,1.0774966337904541,0.07671739538148684,0.6378038467132735,0.7351618810522691,0.07252693409920692,0.09033723066313738,0.1691742218558058,1.0105325847773738,0.22749532981626705
586,SSP1-2.6,2075,1.3387689383430728,-0.011095220939527865,13.05815606603315,522.3434408986825,0.2941513158857856,1.2126677833868666,1.0308251339925707,0.8893201762687251,0.09171651371453482,0.3735390577747293,0.5189754276427423,0.07560759506419489,0.1163247221949894,0.14295296056002496,0.9926210808292729,0.1595081494219618
587,SSP1-2.6,2075,1.6405853223763134,0.0738009839057484,8.272356950063001,531.1079954778559,0.2619238785798927,0.9597367068049709,1.0513186143192053,1.062468242701612,0.0650161700953204,0.4263485047408194,0.5572205455322022,0.08229048013919966,0.17173998001346938,0.16857384945583664,0.9937672033150547,0.13974168093865622
588,SSP1-2.6,2075,1.6204743372874404,-0.12297615543685587,18.527172513872202,490.21937273613423,0.26724740114347784,1.0894055259570876,1.0396511134194149,0.8974748509559143,0.07793827995638411,0.6842232126369188,0.724677706865355,0.06051248518885713,0.08972977394250917,0.13353659040021723,0.9898901800245592,0.2886506084744609
589,SSP1-2.6,2075,1.3223907232433239,-0.08277286819765461,19.995287507010314,506.14860426027843,0.32035456992161604,0.8722818503313304,1.331840332800729,1.1094386442829407,0.04950627164175253,0.6980125592894605,0.7313399122014272,0.07123645288153146,0.11652707943139466,0.1521240994725656,0.9885575825615279,0.2522376436490894
590,SSP1-2.6,2075,1.055406045599589,-0.04989009254816167,25.805593241934453,482.7128006425281,0.29905821525039566,1.2579643136773282,0.7857023030734314,1.1346374724047321,0.061660836530012905,0.96,0.9625932292897931,0.05949394082179326,0.01,0.1446703753376385,1.0146257671058985,0.2172740893877272
591,SSP1-2.6,2075,1.5952479799673545,0.07200720082362191,20.2735894141351,488.53127610777057,0.2760745923505017,1.0924981332086494,0.72,1.044866246288984,0.08642619826822284,0.6886601915243505,0.8123021312286907,0.0682270959931893,0.10134043059238244,0.17262970773448655,1.0314246623052286,0.1864979962557654
592,SSP1-2.6,2075,1.4894276377321654,0.10526114209971407,22.084869515075066,479.13065070495463,0.18970594029018711,0.9831700977667347,0.7946707494409493,0.883955762677816,0.0616735326530916,0.6144136393734496,0.6763202523986875,0.06327501294474837,0.09746270389423979,0.15902765015142253,0.9894547708339642,0.15634432273355126
593,SSP1-2.6,2075,1.5530437509837005,-0.10052182110042787,17.178263922276393,497.34475988601474,0.3277842878317101,1.1218715289554957,1.20108054590439,1.1296905617769166,0.0877865320734932,0.6539578607350718,0.8358550913688104,0.07452967567431114,0.12855119476806198,0.15472450074109853,1.0545712935247629,0.2785985454215068
594,SSP1-2.6,2075,1.1639619324165058,-0.05112994930932724,24.69540555828245,484.2984808343448,0.27406124955332095,0.9910244393950014,0.9230263284990714,0.8913751106469101,0.06949006226800548,0.3539304328080159,0.5962261979102729,0.07669867662520205,0.08198313912275806,0.13592143734366233,1.0370899017676762,0.2154602980423348
595,SSP1-2.6,2075,1.4847604348800805,0.11566810115210574,12.315334523206833,516.3346516696739,0.24796939838912116,1.1576908296967259,0.9339920003704538,1.1630868860046837,0.05224797385630938,0.6041566413050204,0.6463586770924348,0.07881800025807809,0.04378640318377568,0.18462334001224529,0.978170333584283,0.13715547180276721
596,SSP1-2.6,2075,1.267759935586761,0.059571087836087666,17.146305907186257,503.6946692805275,0.1866644965066897,0.9881936413033183,1.0269137376839719,1.1060013171199818,0.08335004820575437,0.4893132079708436,0.561054636335234,0.08148633360022606,0.15808829026605972,0.13511811769538523,0.974630630594666,0.11697281248296905
597,SSP1-2.6,2075,1.231287922143282,-0.0052713471136351005,19.55866625116363,498.958752267478,0.3026204772467064,1.15188875801665,0.894184639095857,0.8074733880470086,0.025,0.5408642080176235,0.6183207664546934,0.06283420280165006,0.11154959546715418,0.14591716703634722,0.9855344333649664,0.17304137890473348
598,SSP1-2.6,2075,1.958626558435806,0.08524709260203542,22.620683201872342,470.06988058933604,0.3530902582983464,1.0928417156037316,1.0054735991415948,1.112242080477179,0.06358220381229465,0.6226339294543741,0.7106754569382238,0.07515633862989861,0.11888340054048321,0.20620513670543894,1.0035759707736316,0.2521646688797265
599,SSP1-2.6,2075,1.4647037161194483,-0.05547265369377889,10.655586277635225,483.67669807985044,0.22413873391663883,1.048065690585896,0.8720414949194446,0.9304498963729447,0.0772492131544394,0.484494620318108,0.5792316206571729,0.072274494173407,0.10197414758368997,0.11844855687082359,0.9851624096127856,0.175248206675816
600,SSP2-4.5,2035,1.0073050120061484,0.035010560496532034,10.890867318711841,446.4855282030007,0.16198916573142852,0.8379764297825238,0.72,1.1137473807262699,0.08360655534150593,0.29854666607782393,0.45261864310250355,0.09192637181213871,0.11891385868524179,0.11420148825426599,0.9850797559014317,0.062163843362173385
601,SSP2-4.5,2035,1.1269270023865299,0.012724187361728694,14.591527512683614,479.31220586424905,0.2825189802324662,0.9897183888634953,1.2501567876002981,0.99584666707227,0.0809186299905451,0.41768185958577825,0.6064476827906119,0.07962111217075639,0.08577497952824632,0.14524373676222752,1.020826336242757,0.1257446612817251
602,SSP2-4.5,2035,1.0362053793781596,-0.040352339587845815,7.550079766938616,447.90522139418374,0.2773715820604665,1.1653104895086281,0.8007366018224606,1.0544469882053928,0.030241605409810808,0.4382777046469464,0.5838257792455439,0.08174672182486613,0.09793588092004908,0.13708005372116328,1.0028457705874865,0.13053020951723393
603,SSP2-4.5,2035,1.015159301143675,0.020089708592643085,13.115062810296251,437.48008693073456,0.26496377007698935,0.9945363458426492,1.2146232689176168,0.971256833143386,0.11406088965444533,0.4556056485508061,0.6278791033141028,0.07640085474171894,0.10865283806430479,0.1427821738232678,1.0186875651288723,0.104623306011282
604,SSP2-4.5,2035,1.7638663098570395,-0.11442612184913062,15.161753302206034,476.6891763659879,0.2869411644263493,0.8801854481408291,1.2685472248884562,0.9234073119984485,0.09504449931100341,0.9568472705596102,0.8549467061362042,0.04876226096424363,0.15589351589909115,0.14042940754922226,0.9628335486946012,0.28756510876380553
605,SSP2-4.5,2035,1.607119566755497,-0.15912579921153802,20.246177785570964,468.07608669671885,0.2230625062633819,1.041848215787836,1.1810315082304268,0.9492662626047832,0.08853565146709762,0.8026979117294829,0.8081706628157863,0.057862133938398785,0.1724692679190416,0.11807187719218365,0.9913286224849622,0.3096107277666813
606,SSP2-4.5,2035,1.6622254739203322,0.008223657046279378,21.61385240808396,410.0,0.23057636758223077,1.250440362231287,1.1526965834890845,0.8964280585924602,0.05376047438138888,0.37908921401013285,0.3936434247948992,0.07619743476216428,0.01,0.12481355717692047,0.9292417181861135,0.18429940861401273
607,SSP2-4.5,2035,1.3849048528952834,0.001280539441824654,15.536307883398864,455.7609600135828,0.3677666345724791,0.9917115106502056,1.0039481870631826,0.9214985171749288,0.1157205036613782,0.6125960941581753,0.7069771746356157,0.0658720385245874,0.16027834408850705,0.16935859182128002,1.0051112622985003,0.18663146941770592
608,SSP2-4.5,2035,1.8266245589368908,-0.005577753791180775,16.36781268878085,443.2851370733718,0.2934674112702274,0.9548451940217284,0.7505916898810756,1.0692740873286413,0.07163920179111835,0.2679084256880627,0.5000175405752886,0.09106356803329291,0.06767730935346151,0.14271359394457958,1.0185759072709084,0.21016055390572558
609,SSP2-4.5,2035,1.483862767888737,0.08902220383418741,8.939651391724002,465.9559989061578,0.3607068468353271,1.2769973110898283,1.1339885006830472,1.0024691639149619,0.05061154979594226,0.7032883761459002,0.7298430429099195,0.06569738232658755,0.03155326938525174,0.2107584983094582,0.9860615922278018,0.16046044813509014
610,SSP2-4.5,2035,1.290825280399929,-0.010960758580394239,13.975595609563381,470.1063012674112,0.14,1.0249700529458512,1.0743527440075324,0.9650858054852384,0.06329334223262409,0.30161570592584186,0.4131938208240915,0.08376806576829765,0.06672008474764013,0.089,0.9647012509354912,0.11223053479409165
611,SSP2-4.5,2035,1.0859455213558658,-0.05754928278632021,8.996859239516535,456.5071710807992,0.22582368595003277,1.2699473111032429,0.8758147380712336,1.139664221679079,0.10726976313669745,0.7753763212667157,0.7571788725936867,0.06948041125784538,0.17620173943539563,0.11903829008251146,0.975416732755866,0.137980843305655
612,SSP2-4.5,2035,1.5718096408300741,0.00486531454698446,13.256722686819092,490.0110422953848,0.23621753827881684,0.9149493744992498,1.0985838663766379,1.0851351837724696,0.06533855887171226,0.4613783886299643,0.7032471164043792,0.08224412892548091,0.06451786019811906,0.12510879567107813,1.0537593623213108,0.14883064290408413
613,SSP2-4.5,2035,1.1937323451506396,0.03714022680129461,10.608572639585834,455.97040728792655,0.2200019977621127,0.9758645868010869,1.094537082489465,0.9144249457577969,0.08891771788507985,0.3434045908217844,0.4915939998343184,0.0789507290766383,0.024194297091593195,0.13557081261738674,0.9892387219643388,0.09610430303053878
614,SSP2-4.5,2035,1.238000210358991,-0.10675984207038744,15.254152554163682,457.2544493429068,0.2094233375582755,0.7298713606288874,0.9308000253157422,1.201381850422754,0.09101879185111904,0.4924318757033424,0.7417793780255759,0.08695089046836578,0.13604585747062647,0.11329816814539642,1.0623089812504942,0.2105880493168084
615,SSP2-4.5,2035,1.2767509418379566,-0.03493089818431364,10.455999446525723,447.2843599088509,0.2551314590829859,1.4131355835528978,0.7580032264069334,0.9548603464543785,0.08465793907879669,0.48008219021307935,0.6142092158190662,0.07429413991381256,0.10909482343600027,0.12929601067904506,1.0038061784509573,0.15111561071621446
616,SSP2-4.5,2035,0.8612854032677482,-0.08186648198659445,12.449627323193502,473.5181684449059,0.3248146238577634,1.0302741836216873,0.958617902546764,0.9786647823206848,0.07559023342457168,0.5786608874190657,0.6527915267760943,0.07064698236939128,0.09746787029778642,0.15368511835021717,0.9898392241807363,0.18356144958642012
617,SSP2-4.5,2035,1.1490983356383004,0.10995704553896316,5.361574359440411,486.6574173531404,0.37518741352031854,1.0927268469488498,0.7798367755439208,1.286738815595251,0.07097996493813702,0.46355576585299296,0.607118777125072,0.09299084023940232,0.05427010018396707,0.2262941175015931,1.0058422385693817,0.12207787611717028
618,SSP2-4.5,2035,1.6777761560962419,-0.06994945728114611,14.289589495582172,468.83806611419925,0.34974142738283137,1.0114430639945702,1.116725282969668,0.8448991506937502,0.052285478500544914,0.5250836299984315,0.6640007797138596,0.06612308046051113,0.09652038464052529,0.16240949958399098,1.0132270110091455,0.2603080520622854
619,SSP2-4.5,2035,1.3010762738520918,-0.024486729283859348,18.15634099751251,449.78391528122427,0.2612086213169668,0.9498216982917718,0.7977494264471268,0.8822600048344372,0.10040712465597076,0.5639829561059154,0.6697280212861388,0.06618985245502008,0.07823348496708579,0.13142301746093837,1.003053263647657,0.17622007018370245
620,SSP2-4.5,2035,0.9912185692770555,0.009067982343050694,4.13646139598184,440.612686999046,0.24765603691355856,0.894519671316701,0.9241467982177984,1.1627189919252996,0.08635585923625069,0.8390972185247139,0.895769834264447,0.0675357771005112,0.063567504958812,0.13121360409127084,1.0221811016913875,0.06650111615599465
621,SSP2-4.5,2035,1.1823408632858174,-0.05579119024068163,13.856559108105172,452.56871318925937,0.2813949544741698,1.0092156566732629,1.145493658414755,0.8366874332458223,0.09296581100060824,0.6222517846349301,0.7077925310111228,0.06082250332764392,0.10746351788181736,0.13848823406595942,1.0022882831164182,0.18158496379826108
622,SSP2-4.5,2035,1.2277980429995805,0.009774103619946496,9.920299475954483,452.1227504520436,0.2833546562950385,0.8449650090231808,0.9821128472565652,0.8,0.07113242446617524,0.6836853379014447,0.685468180602265,0.051760157097221655,0.01,0.1440611815132367,0.9708214194980114,0.11706022089203527
623,SSP2-4.5,2035,1.1161097050596331,0.05742809555298068,15.416426358752933,424.11851909610874,0.3662633885609614,1.1116230078390887,0.9931727291445955,1.2550618283864277,0.07182160971250019,0.6081626743182623,0.7261354422546374,0.08405481088950989,0.011403553249330498,0.19690623377282684,1.015996186188944,0.15498516090237557
624,SSP2-4.5,2035,1.2570084398796324,-0.027358274041503733,8.082308375397979,453.1623928661072,0.2709949522690911,1.1295905987298998,1.1310369629210806,0.9853692934415392,0.04560620233015883,0.22,0.36694774368245076,0.08894103887762134,0.12898893297890113,0.13484823329418189,0.9692434378077486,0.13913953791270417
625,SSP2-4.5,2035,1.2126814187545123,0.04434762164498041,10.660786669771806,448.83562716964616,0.262270846514448,1.1500577471741067,1.3269967406591583,1.0360601748066256,0.08188760518477257,0.4715241442880035,0.5786821362310788,0.07909434065980273,0.166689698656872,0.153968607102547,0.9892224434383888,0.11159828266465391
626,SSP2-4.5,2035,1.8990482441506105,0.007169141643142293,9.708611579779648,469.03831271916215,0.26423465309451694,1.3854786049963101,1.10318287909399,1.1323818792830203,0.09446948395122018,0.6144334126521096,0.7079507172556967,0.07713543055955714,0.14987857993466316,0.13606669940465208,1.0049758529020196,0.17095794911321013
627,SSP2-4.5,2035,1.6204950370017175,-0.0061722359387845135,19.48329591445895,448.4998013796382,0.34096461630996594,0.9168854742341932,1.3602486207676712,0.9740228929654056,0.10658873372573684,0.33093709483128464,0.5255372414987206,0.08278322411041913,0.0821677944856973,0.15933761570848806,1.010063644715692,0.2199181011058652
628,SSP2-4.5,2035,1.6164532175063924,-0.04757830996576383,18.458393746924973,454.733548031492,0.27999165902607426,1.1694287789691769,1.124705125049158,1.266282438766806,0.07348497844757493,0.5368338356639888,0.6590932061578836,0.08822543953501318,0.12042289535435066,0.137997080659126,1.0068954062449458,0.23005293437532656
629,SSP2-4.5,2035,1.2159983749044077,-0.00670718592405611,14.51192992003645,464.75148027230387,0.17418784849166835,0.9353079813366436,0.72,1.2185086730660442,0.08246299664793155,0.7182975136016317,0.7415609876210746,0.07657982210039771,0.01,0.10096574697208392,0.9868037148371464,0.11204559441821715
630,SSP2-4.5,2035,1.3078643233102762,0.005889306429208364,17.835128386347076,444.9017110470708,0.262533291174858,1.0873376226366942,0.8483461550489917,1.175196120773006,0.06974080305811459,0.6748516328486844,0.7441196393187237,0.07641990178380455,0.1618524960690509,0.1348313051258045,1.0025628051364308,0.15099034542628442
631,SSP2-4.5,2035,1.3721866097560818,-0.05050416657675299,12.561841600762078,435.15767218979937,0.2241068473731478,1.1855171646642637,1.0215421393218893,1.0455440301148122,0.05502320349632024,0.7799780954427866,0.681611318158533,0.06418231223404286,0.10468657015458277,0.11843739658060173,0.9367837774172878,0.17038272985720085
632,SSP2-4.5,2035,1.2422134301803058,-0.04687156701864378,9.781586539760518,466.55499683456355,0.22913713891050702,1.13439736907611,1.1703088431641877,0.8765352199848974,0.06144813287406194,0.556442271992767,0.7917586276072016,0.06625862901493304,0.13510646220431594,0.12019799861867744,1.0654764151201317,0.14694791006036492
633,SSP2-4.5,2035,0.9538540668479454,0.026655651426179712,15.869271060297411,471.96748066048474,0.2967347463066138,0.8731886072184722,0.9925840781984216,1.2275241737497251,0.08997170953576143,0.6330189416265684,0.7601437371303681,0.08132920073596447,0.03681218186033437,0.15718498692040467,1.0243936933501117,0.12010090867381254
634,SSP2-4.5,2035,1.0684246464432428,-0.1645829932202956,11.192891457597586,473.19112167016226,0.14890062927534098,0.72,1.3164790031253633,0.9644892993675391,0.06045305196841429,0.6967705853986006,0.8394003238718989,0.06397820223447592,0.1769278365130697,0.09211522024636934,1.042020014484054,0.20858019957306767
635,SSP2-4.5,2035,0.8466274679090916,0.06351101189241698,15.327945573463667,439.1372533309487,0.24085900628240892,0.8285546007330862,0.9664882082020858,1.259861881772744,0.06747080946525304,0.42220953237958053,0.6409449358072439,0.09361093239955333,0.04457878598565862,0.1560561581450516,1.036249931860118,0.09061212789758359
636,SSP2-4.5,2035,1.538256526591066,0.05479442882849638,15.909880209147953,457.8313562045238,0.2960058940169082,1.069442267802468,1.1486070142452747,0.9408084116271975,0.09143372277965478,0.6465425622118579,0.7421277572874292,0.06521447866933312,0.2449324720780168,0.17099927732016607,1.0110350546281976,0.17115719929353562
637,SSP2-4.5,2035,1.52604188688837,-0.029524666990240225,19.296090528386276,451.1681363468126,0.3030020492439254,1.151158242243748,1.1591403031001735,1.3005920039805223,0.07397180684072305,0.5182345007833528,0.6913636676892829,0.0910028444059374,0.1339741883512338,0.14605071723537388,1.0289460653314233,0.2179188541862222
638,SSP2-4.5,2035,0.7266598340839365,-0.14180242443821692,20.428418576604454,461.7351848088238,0.2848203420151986,1.0349304639885908,1.0872238302428971,1.1360651064154736,0.03955341055337286,0.6735067033820346,0.6538457645708753,0.07438009363788531,0.14539725621417757,0.13968711970531952,0.9586955012603542,0.2389270011410127
639,SSP2-4.5,2035,1.1791442298976575,0.10175744603000605,13.485138536962687,483.8630574632574,0.22247227939654496,0.93317141588218,0.8628621164581125,0.9069192393728239,0.07696809978885386,0.5199009606654742,0.6577278164138167,0.0697217571637245,0.12777343545631287,0.16874402080379378,1.0118776255519082,0.10668842297917908
640,SSP2-4.5,2035,1.5123201521220566,-0.07424083994985523,16.650499517652356,462.88846851841316,0.20225820542069228,1.0393217119966673,1.2339206966337486,1.0435000092112807,0.04140023075423425,0.4992743834053841,0.64486469638093,0.07810743517187667,0.08664329405095655,0.1107903718972423,1.0124485295084047,0.2108699218301593
641,SSP2-4.5,2035,1.0907113938409556,-0.019802127713120378,18.865038266074254,457.93444430756074,0.20396442820389699,1.0438826605856273,1.3122286136089674,1.1605433344345748,0.07737783146540086,0.527843848806619,0.6216412387383322,0.08298129479845383,0.11643497614268686,0.11138754987136393,0.9915109160335535,0.13821512598591126
642,SSP2-4.5,2035,1.029723916438694,-0.12845031738886675,10.043772329777724,492.5274108656376,0.1929256980550439,0.9780162364425591,1.2287775154580254,1.1898392573149303,0.0793403987962734,0.5922095639102557,0.718372928953662,0.0813404818137527,0.07340940114417605,0.10752399431926535,1.0175109361519377,0.18486487484416977
643,SSP2-4.5,2035,0.5760533742986487,0.05330506667544709,15.353972650902262,432.47877707162553,0.2916454054324136,1.2256080563893827,0.9346023700897079,1.0881209683231026,0.08527122451901173,0.6886093683853963,0.6937567934328803,0.07104335295197416,0.13703781754669767,0.1687284252390683,0.9732466439842162,0.08551503800275999
644,SSP2-4.5,2035,1.253403449930785,-0.007535796372238727,13.008853876711681,473.81669106994605,0.3125411314942961,1.1472621438662245,0.9994402101936357,0.9617375186497386,0.07883579005570628,0.3220042470581884,0.5781347393853291,0.08256834634361496,0.1568633909357851,0.1493893960230036,1.0388661815893736,0.15484995314407402
645,SSP2-4.5,2035,1.7033412725191581,-0.033558276455251584,21.184389671609296,442.10487187198004,0.14,0.7921741556389209,1.2591475193378565,1.1205163745117876,0.025,0.8642325972543643,0.848421130676044,0.06400655953407035,0.14395709470468587,0.089,0.9905465462302374,0.1946615357152168
646,SSP2-4.5,2035,1.8791605052917966,-0.025129135408589257,14.347294244142944,440.67593618354937,0.30491183054080867,0.7596610470751167,1.3849617512765664,1.034214961827019,0.05667144605207648,0.6317933101934772,0.7511079854501622,0.07098152474255023,0.15541541228643393,0.14671914068928302,1.0203670987636753,0.22677911037908305
647,SSP2-4.5,2035,1.206106642738508,0.015270521098039641,10.980336281315275,455.35749130662947,0.21493782294565933,0.9937865687870623,1.2194576667589736,1.0562334349526832,0.11055997081737326,0.596410137426191,0.6443660971222265,0.07393629347229647,0.09363119882554238,0.12286349858000059,0.9797780818028227,0.09698330945047404
648,SSP2-4.5,2035,1.7882453201742092,0.1257638078213995,10.012389661010026,436.2851710984106,0.195208622974131,1.1759329806412344,0.9410990265393315,1.3385424128815995,0.0832932259801161,0.22996425446207247,0.39766910276640505,0.10745984027821326,0.18473433429950115,0.1712049219516456,0.9809985829594415,0.13783331405420748
649,SSP2-4.5,2035,1.5604134681904225,-0.17615600359636152,17.473575195604933,443.91205793896523,0.30701493641039057,1.3597082738136672,0.7844131422242262,1.0899308623932285,0.06208780598124812,0.4440600880783178,0.5259005126294353,0.08336827280187334,0.1304794521699657,0.1474552277436367,0.9724794658886697,0.3359663913059299
650,SSP2-4.5,2035,1.3356703982185758,-0.07746485830852182,14.606163702204581,448.10928281402033,0.25810978794301154,1.0271533700878892,1.0135744761426175,1.1291378780309065,0.04725815088339728,0.5054572409695559,0.5460854726099319,0.08240956215318639,0.18256213982119002,0.13033842578005403,0.9618929602957657,0.2082219517699503
651,SSP2-4.5,2035,1.3697120346550156,-0.07247324713965951,20.714608616618744,445.8584962266182,0.29751268947855886,1.2183110313487224,1.1397784396738726,0.8176774104659427,0.07619026845653638,0.5659938220038654,0.6314890446902311,0.06261178484797286,0.13109249929426314,0.14412944131749558,0.9836101388117322,0.24329448864864403
652,SSP2-4.5,2035,0.9379547048261878,-0.016880688533821072,10.210384859505607,461.28845545168616,0.21102412314912378,1.3625811790607611,1.066638977416298,1.1236998286504045,0.08631784244098895,0.7538021411571247,0.8208291595971281,0.06969949910024247,0.14060692093614496,0.11385844310219331,1.0138650908632298,0.09143321707155502
653,SSP2-4.5,2035,1.5453950806289416,-0.14690076352237977,11.996563205260522,459.1624633467719,0.2652696989845515,1.1531653762877243,1.2629162286648856,1.1675819445719664,0.06849151396338109,0.6560169556280381,0.8224367987386209,0.07695164154170399,0.014094755210483756,0.13284439464459302,1.0472967683747634,0.2760280953918066
654,SSP2-4.5,2035,1.3649805274064888,0.05046996713369587,13.736286212229825,459.47974707146204,0.39609295857937454,1.0890223083133703,0.9641829848862895,1.1839936930782047,0.04201226684378152,0.22,0.42921181336722214,0.09963619885805716,0.11805094871793712,0.20386751906962902,0.999809435653,0.17992172231252168
655,SSP2-4.5,2035,1.532916695844147,0.021883523591175562,11.934831255020022,444.4176389317364,0.30809740260064217,1.2627991430828327,0.9030366350601506,1.0537649175150416,0.053396571912924184,0.560388440263867,0.7213902205513899,0.0756044581606935,0.13159220376633354,0.15877585270581254,1.029614621666235,0.15930180091952542
656,SSP2-4.5,2035,1.3461332368214953,0.11683581743108332,21.84521354912321,445.37381439450485,0.216429434530109,1.0661007872713069,0.9974647318813321,1.0769274284887933,0.0903224458982185,0.7372652845787908,0.843018363216326,0.06800782807430317,0.04110550005789079,0.1741682108010798,1.0302782760358946,0.1515047909515462
657,SSP2-4.5,2035,1.2875052025692628,-0.06076066823052081,13.71005820912875,449.204411261003,0.1997706411475424,0.9867824533822549,1.1286908887972564,0.9438765635586361,0.07044911115801425,0.5151953896650466,0.7002596515121575,0.07194704547759731,0.18515269146428923,0.10991972440163983,1.034327695210509,0.1679854661214985
658,SSP2-4.5,2035,1.4573071700625604,0.0453715654029729,16.51479068038704,466.3136382427786,0.2574334095809776,0.9200789017273894,1.2975732105973306,1.0191070364879313,0.1089807594362246,0.5117368770239248,0.6850755873424534,0.07617084272892313,0.20054393979859517,0.15278747605482862,1.0280282144743087,0.15395797241801001
659,SSP2-4.5,2035,1.250545435556186,-0.02617854967084765,15.639884403166535,446.23562650065065,0.26738278148814754,1.0190126922068339,1.1930784661172147,0.9518194319778961,0.07993917996381311,0.6516271280502792,0.6752184870857388,0.06555315147321891,0.06918160778150761,0.13358397352085163,0.9764913650965785,0.16550487104324432
660,SSP2-4.5,2035,1.466213316934897,-0.062404714825278054,16.20855162683185,464.57007841757473,0.2663762573944587,0.9981529063242699,1.0915982286799868,0.931153303063151,0.04481944027672071,0.5312563933904966,0.5247123364825109,0.07045889664926022,0.08771752785328799,0.13323169008806054,0.9427884673159687,0.21607161958197013
661,SSP2-4.5,2035,1.5041383605573593,-0.10991173825445355,17.875049831899638,451.3180765962639,0.3214231156731971,0.8011007210237814,1.23296477564928,1.170585334786679,0.10111479647617488,0.5333822057608949,0.6718519788401701,0.08324510004662258,0.027037441131538067,0.15249809048561896,1.0143110205620829,0.2826801514969441
662,SSP2-4.5,2035,1.4257616881942365,-0.045960812045570607,17.59426495439358,429.7777925170143,0.20053036080145178,1.0978101267225135,1.0318748401846591,1.0161060676977958,0.07599480638943225,0.5534271454236723,0.5506703489033802,0.0739247386817746,0.04585945670153303,0.11018562628050813,0.9481304914620481,0.1830791193241463
663,SSP2-4.5,2035,1.9390650804004346,0.09594293552018351,23.90752437594332,479.5998860150345,0.24199078461002088,1.2880302670006676,1.068806209032223,1.0122864254024537,0.0688607839004915,0.469450563187487,0.6251401760315844,0.0779178947469116,0.09909676165353788,0.17266824237359907,1.0127213165951003,0.21956388878321384
664,SSP2-4.5,2035,1.4672974637507663,0.010517361217591718,14.671020407596792,412.1068259817531,0.3012256046979384,1.2275439626346276,0.8605632315199028,1.1517197901293623,0.06484655173187026,0.7233211606011583,0.702344746470921,0.07273231528460004,0.04035811360507473,0.1506876422530743,0.9658751208377745,0.16186721354347003
665,SSP2-4.5,2035,1.9882416821665576,-0.18786672063048596,12.27235034150901,450.6214708928565,0.14,0.7436386880026,1.1074309747672253,1.107488556330794,0.09610682526443706,0.4824779573288034,0.5504409098820432,0.08239279362829487,0.06324762124816366,0.089,0.9717019867319697,0.3123907894747824
666,SSP2-4.5,2035,1.3163830541375239,-0.027617377713803033,15.966507820956476,481.30915264072223,0.2753094316460228,1.1388309952599636,0.8947719558105445,1.288779657671708,0.08458827330565095,0.40323227581899435,0.6226766190584698,0.09611690623752686,0.21682410826521215,0.13635830107610797,1.03361680237349,0.17626380771742894
667,SSP2-4.5,2035,1.4322123427407896,-0.15240393668937402,16.44061473272572,458.495108545518,0.2329137051994341,1.0164574901038832,0.9278662851383781,1.3130539042613452,0.0729130657029324,0.7348226152043109,0.6687397238435148,0.0808444640846261,0.22357497219827133,0.12151979681980193,0.9455387150658863,0.27731171931247567
668,SSP2-4.5,2035,2.1876520096794545,-0.04454682100338024,11.33700718541681,435.8548540575856,0.35783373204987207,1.2124494578547735,1.0837007040549262,1.0983861764397713,0.07633858973864353,0.7269724277083265,0.8051167485501876,0.06967794196134058,0.10793654533746731,0.1652418062174552,1.015107971602367,0.2752567061917226
669,SSP2-4.5,2035,0.8020391710640717,-0.01395058501620492,19.426674568844465,482.7488617101544,0.1716703522733028,1.005216080421161,1.0193228154846927,1.2050714386219572,0.08245073335962438,0.452899352701809,0.5846957270213691,0.08912618675224569,0.13306834778472806,0.10008462329565598,0.9983918638903955,0.09988008475528756
670,SSP2-4.5,2035,1.3373111914042475,0.06959297843176646,19.92209131395588,477.0318973778641,0.27688283457616125,1.2031424876002887,0.9884375415744557,1.1966932652976092,0.09759077540642112,0.5751278143352608,0.6455497240710524,0.08256363126080052,0.0957705773961076,0.17170548131753968,0.9874635614313277,0.16283733478517337
671,SSP2-4.5,2035,1.24480218103345,-0.22782635562477016,11.480926415565836,452.8933812709199,0.4361394369734811,1.1887877439214647,1.272614142091797,0.9691996275935716,0.09233681091093071,0.8887915707176619,0.8823675035731863,0.05463078602684768,0.11973908276866091,0.1926488029407184,0.9990128974199955,0.3695068738351001
672,SSP2-4.5,2035,1.3965441924376456,0.030077377287787782,24.42838312812874,415.6219542904776,0.268952535567265,1.1324369972874406,1.1960822683397405,1.008263096292233,0.0812294429581293,0.9364066732376428,0.932845792001027,0.05435344844616117,0.13425309919842565,0.14917207609243663,1.0078983611524475,0.18279395299795653
673,SSP2-4.5,2035,1.4008342799700775,0.16,12.92882632669969,461.5218993559119,0.25370769208217764,1.0212532964486918,1.1220564337547005,1.378682559211673,0.09687727744365589,0.6813837029459592,0.7245762423571179,0.08705026034871519,0.07117732224064566,0.20879769222876218,0.9907882501373522,0.13402257958936098
674,SSP2-4.5,2035,1.2627707536424813,-0.11767386871221786,15.586020687408796,452.72389238719,0.2890166996719088,0.72,0.72,1.2408848173768825,0.08276504440465231,0.8302653931296025,0.8724067869425285,0.07218629743304432,0.19040157533683494,0.14115584488516808,1.0136601932652503,0.24869518779271335
675,SSP2-4.5,2035,1.5071867917353554,-0.03172477819038404,10.330720113557561,460.94226683063147,0.3191862804428274,1.014275929392133,0.9590960909680035,1.1383633148783767,0.06392413569672656,0.8784901719788998,0.8350071785505329,0.06425466989450605,0.12256222515689486,0.15171519815498957,0.9792020775151233,0.18881941548119874
676,SSP2-4.5,2035,1.0418038854405547,0.06721472017557012,13.523203543726781,510.59321423775936,0.3568970550644507,1.2395962574039838,0.7408987044031377,0.9456295011458826,0.10825470433355323,0.546428616306977,0.727840762975515,0.07047977309250636,0.05312641742611908,0.1985213293603428,1.0374412946353238,0.13818037757196688
677,SSP2-4.5,2035,1.12993464475663,-0.004117652425774419,4.0,445.1238375282388,0.2591750837084774,1.0803491843195272,1.0461667095144889,0.8,0.09881641338077561,0.5613770044334363,0.6747272144747497,0.06025651015433986,0.14597188480906106,0.13071127929796708,1.00637732708037,0.09321335235212024
678,SSP2-4.5,2035,1.639876442702507,0.015973316389936307,17.678000400004567,442.80132622092736,0.25423860492279077,0.9838539369630004,0.8647688054935647,0.8490687535250548,0.058193327177508254,0.4503125678461203,0.6013575842093135,0.07008615064365847,0.05650380774265224,0.13697016991794492,1.007434836872667,0.17337608516319364
679,SSP2-4.5,2035,1.5289291775081548,0.058829641439346485,17.219685045851705,467.2082809694128,0.20779469382382731,1.1813302299989374,1.0792232536081903,1.0771132045357457,0.08589474786329876,0.4890889412554231,0.5990438691137803,0.08042664856607669,0.12113069475962243,0.1421429635580128,0.9933547546295,0.14692354129044416
680,SSP2-4.5,2035,1.218877188443093,0.10008217273368741,10.719486398657695,449.32163940434765,0.3390765842478124,0.8238967498549379,0.9808306356917222,1.0904226634628058,0.08387779874808744,0.6525795532638888,0.6943277717216257,0.07296878113864895,0.11445938160778948,0.20871789085357803,0.98555434979198,0.13714222513054491
681,SSP2-4.5,2035,1.5908253971811133,0.0826162930150457,8.58432771077882,499.03806455729847,0.2726020330905937,1.047330622633718,0.8409772323490683,1.1413908070850947,0.07660084403280903,0.6296956706927046,0.7746729785797712,0.07685741376994679,0.1779425585332744,0.17671885808923066,1.0326355983224684,0.14003214099648478
682,SSP2-4.5,2035,1.2072268971254023,-0.06860285266117408,22.614547081612216,467.686697149231,0.19084186368787076,1.178835191221301,1.4174751535002348,1.199917049760674,0.05118992810237259,0.6609470038703193,0.7426832578371814,0.07844626017821262,0.20424096718675733,0.10679465229075477,1.0064992903735424,0.19878716725778092
683,SSP2-4.5,2035,1.4986227254484112,-0.012062152542574102,18.40035755090735,463.2811331864721,0.3297777900959567,1.1731288479633144,1.1875316333753227,1.1681643704354772,0.08022084064739855,0.4972305529783202,0.6071671925321156,0.08492232306684043,0.19369104531306897,0.15542222653358484,0.9946247499215484,0.20633099223146906
684,SSP2-4.5,2035,1.2947188475412226,-0.0649082982540564,12.026734123672506,454.3947870942045,0.31078341677130417,1.0551244553318202,1.017535279475031,0.9671108889407337,0.08828372001501882,0.31541268013539336,0.4487583080436638,0.08318726001311598,0.12447797931864754,0.14877419586995647,0.9775545001798746,0.20136860474630258
685,SSP2-4.5,2035,1.7250278269996182,0.0028020594322882113,14.216518449661335,460.6281659492081,0.38029677410549734,0.9389006858935147,0.9845797278209694,1.0414742166459632,0.0560613461580788,0.22,0.4174324446427811,0.0919620732040134,0.1485253605294244,0.17450490065306817,0.9940268364610017,0.2141050804769397
686,SSP2-4.5,2035,1.5422918172523457,-0.04862804971901194,18.955685278414464,478.48458831517075,0.19742507004489043,1.2444116740829323,1.1143251004071713,1.2130192425245718,0.12245392805378535,0.8469426638212899,0.832208548131955,0.06985197986795089,0.10124947347504407,0.10909877451571165,0.9883593362146164,0.1997065796087766
687,SSP2-4.5,2035,1.5772297403261486,-0.0429083572798824,5.895802801194208,424.95598732043425,0.34376397547210485,1.1429334086154337,1.1481879147144576,0.9887108538795412,0.10346868170160287,0.6041029864504339,0.6551208855341419,0.06991581973253051,0.19272207229199434,0.16031739141523668,0.9824896923307611,0.19502909423269293
688,SSP2-4.5,2035,1.435649494665185,-0.04249272014150142,14.447635229034905,481.6151097201554,0.33292829847647376,0.7749778996845873,0.8352338545370812,1.164586035729657,0.09550122680179257,0.4043337754932417,0.4343100376166839,0.08937448238001174,0.08347723911897872,0.1565249044667658,0.940778234501719,0.21169481683727287
689,SSP2-4.5,2035,1.3775909469520198,0.0025072616405398436,16.560777546824898,429.0180091851313,0.3368053634603798,1.3270981673580233,1.0031684452059224,0.8984680113705436,0.07465072359285571,0.6441138667616183,0.704989448046843,0.06305604573571758,0.22846546622667346,0.15913550803140286,0.99361426370039,0.17893402196286307
690,SSP2-4.5,2035,1.4165370416974186,0.0042846368656906456,14.785981405626421,457.5707473765338,0.24366320690246984,0.8343792802660123,1.1856277678272227,1.1071152825738921,0.06447336972351753,0.5439328225733263,0.7136428836961879,0.07929995100992786,0.03554968022067821,0.12742444084870977,1.0313045679518327,0.14400608852065783
691,SSP2-4.5,2035,1.0965279738687204,0.07828959843095906,10.537235318713162,471.35719770598973,0.3134870915969248,0.9487703404688603,1.343815436986119,1.1120226455108349,0.08935181749697374,0.6074484140518536,0.6948755511333113,0.07638841405568303,0.05603154732438058,0.1888652812744032,1.000888854520134,0.11748102811451953
692,SSP2-4.5,2035,1.1038958357538657,-0.06680406842135303,13.295395562408247,471.6763533421712,0.2513048153661506,1.2135161402559518,1.1634303103492243,1.0323478618954804,0.0798284067788337,0.96,0.9660012910442368,0.05447065410206432,0.2613948153185365,0.12795668537815272,1.0162988156035344,0.17192563516311862
693,SSP2-4.5,2035,1.7980111583489338,-0.022722900964666184,14.098021429505426,450.0882946958434,0.24386756802715434,0.882231761638341,0.9527939379626407,0.9043009059646316,0.08164972242504155,0.4947840632137666,0.599973008406633,0.07083661485279184,0.066283314626585,0.125353648809504,0.9919097422977152,0.19704649850560113
694,SSP2-4.5,2035,1.2001351036352714,-0.12025972343287408,11.5798828022958,457.10111020460056,0.3224481635415636,0.9455642540490196,0.948741414930443,1.2464515234063775,0.10466826313800193,0.42089744881683244,0.49174090573607665,0.09295444035796331,0.15247840783209737,0.15285685723954726,0.9634423144472186,0.24072021638280316
695,SSP2-4.5,2035,1.342479046041453,-0.0025468611424550244,20.471181422574084,466.9623439965319,0.24959162592039863,1.008427352051302,0.8914479528151584,0.8889000973204159,0.05865419612886623,0.6995583118373038,0.751037284890003,0.059768628110003365,0.11171403830609994,0.1273570690721395,0.9977112015763124,0.1669305005798079
696,SSP2-4.5,2035,1.3219725286473254,0.025040302386080793,12.668595122055496,468.6775950921701,0.22724504458746822,0.9624977734993542,0.854099377098035,1.1569021283219671,0.0997302911025582,0.7123093120600088,0.8640962504691936,0.07356195669125933,0.1714996284531234,0.13205591679865428,1.0489563598772085,0.1175849491984695
697,SSP2-4.5,2035,0.8839415296012463,-0.013580729149029512,7.22172303146222,452.2744919176968,0.2732813170448468,1.1183836663019624,1.0114930639281852,1.1033693972112777,0.10209003787205942,0.6702837192830743,0.7049701690530574,0.07278070465491508,0.09513098026584937,0.13564846096569638,0.9848688268799147,0.09257756321639946
698,SSP2-4.5,2035,1.349717353201719,-0.09543234222645555,15.756151024327524,441.5066890703647,0.20475172925735238,1.2783288544358513,0.8977793895435415,0.8858016640102527,0.07268384860690386,0.6115504067681223,0.7908924220628906,0.06400218464676133,0.10588100787757423,0.11166310524007333,1.046655089589733,0.21145856295944046
699,SSP2-4.5,2035,1.304724568827665,-0.038788223033225926,13.774888377135735,460.18838529516125,0.2776758569886424,0.8889715882759488,0.8087377731744398,1.037153427024088,0.052766508547144396,0.8774055194803838,0.8959258346360153,0.05885913932727785,0.04856469483711057,0.13718654994602483,1.0094696763184103,0.17677726738822672
700,SSP2-4.5,2035,1.5520123740013276,-0.08065463526080979,10.837258136946986,485.9005077943588,0.23403122271502097,0.9085151184710076,0.8997314366512768,0.801675656696342,0.09334545274524363,0.3274122597916416,0.5013632147567139,0.07367923006329788,0.05060373837136667,0.12191092795025735,0.9993730492483043,0.20751568004670984
701,SSP2-4.5,2035,1.1473337843074647,0.06479689470247438,9.4811582483153,461.99744299039156,0.2530885005368027,0.9252926309445758,1.2524313067086894,1.1547802261228524,0.08722465844318265,0.2564471664511673,0.5059822200139841,0.09624080769944136,0.05261027242229348,0.16097942253911812,1.02532999935153,0.09838128517075692
702,SSP2-4.5,2035,1.3764896005167904,0.01796410360556408,12.508563981425024,446.94462070753997,0.2758872903560259,0.9658227389297399,0.9518351807027023,0.9580548908219697,0.08414180801892192,0.38207242891341453,0.45108873615639206,0.0793666419062815,0.07521160782278363,0.1455426034273911,0.9564462923885871,0.13743073562212277
703,SSP2-4.5,2035,1.323870779135211,0.036806159726057434,18.65319863149075,444.20075010129085,0.24286117443578228,1.2585128604860776,1.2880799469287585,1.209602421731448,0.04985074702815231,0.8088421169130245,0.8532768942311726,0.07157302455527288,0.07624434056605237,0.14340449091555252,1.011420634140337,0.1458062131630713
704,SSP2-4.5,2035,1.5644388776552778,-0.10450242843441104,13.645692245640845,437.1015421328988,0.3267311437449065,1.158822020331091,1.3351107682953762,1.0281565330013807,0.0784126399938642,0.5727637797720287,0.670095083911173,0.07360677817301135,0.07176616220945786,0.15435590031071728,1.0003022594361313,0.26894722818161637
705,SSP2-4.5,2035,1.5186936736661862,-0.028606397091084642,16.92396115534162,454.09638777675906,0.32564914939902956,0.8849152965931846,1.1049596940798743,1.1007952920655897,0.10372928225117023,0.4856571878266337,0.6583425956852326,0.08187342556604621,0.058346169443381564,0.15397720228966033,1.023610620272805,0.21470160492674395
706,SSP2-4.5,2035,1.2336377128465088,0.03306054259831855,11.56716217923264,446.70522843883913,0.18966228645292177,1.0779437652865702,0.8532320594698579,1.174801843970661,0.05157241215191209,0.46599098166567066,0.6455897105487027,0.0868417040535982,0.07898853460139256,0.12291207155768188,1.0239150502078773,0.09349590190059663
707,SSP2-4.5,2035,1.35405162552982,-0.07584833370739474,16.73151548234514,460.4102124740171,0.2714175041868897,1.1934297678446226,1.2044899419306883,1.1193485390143785,0.0653622299599939,0.6369660854447813,0.6667552311400667,0.07530700167468898,0.16873225433479003,0.1349961264654114,0.9772307984002839,0.22096629522100594
708,SSP2-4.5,2035,1.4120759190346288,-0.06431851431799954,16.83979033337984,455.56782710925654,0.3064284491529168,1.0323192795527634,0.8318594422673773,1.1913526226593614,0.07432402035801751,0.4091610125485179,0.5831664515289596,0.09057439828500125,0.08451793651539474,0.14724995720352088,1.012241781834384,0.22825857047277104
709,SSP2-4.5,2035,0.9692491806850098,-0.12682624790778496,18.266903953817703,476.204414073557,0.23013092026982856,1.1138282617951987,0.9788437516969373,1.1434988929975651,0.08078241249259893,0.6350477032192893,0.727660938204574,0.07670332446198133,0.15058673928309446,0.12054582209443998,1.0077703545530425,0.22186498038994718
710,SSP2-4.5,2035,1.135765506277931,0.0856058167405459,15.030269213072662,438.3327450255285,0.24866340002472273,1.0579904893648926,0.8834370117636676,1.1273291813035047,0.07419682187687317,0.5043836729868683,0.694378511106233,0.08236584919007606,0.04802418764460008,0.1698350983789259,1.0350497375241707,0.11728434354491843
711,SSP2-4.5,2035,1.3828334644921463,-0.018890055016759492,14.898013060870367,441.69082557357854,0.24560071515440896,1.2370253863455933,0.8858636035134084,1.2264016133388886,0.049207778977668606,0.28170421442705246,0.5221800772284815,0.09883449153535676,0.0754239062469481,0.12596025030404312,1.0248504128779694,0.1611979595326023
712,SSP2-4.5,2035,1.8064146110175872,0.012216645377023244,11.250556970278163,434.7808894214002,0.3450288100712353,1.4228855806034393,1.0296720844550475,1.1531195505651362,0.06829368733837932,0.7420954536992246,0.840303907738132,0.07186897234546918,0.12179073408964326,0.16686840621344398,1.0273333268911236,0.19251440157369581
713,SSP2-4.5,2035,1.6929544446138012,-0.009267106552562437,17.233797888582483,439.7200696793439,0.37285264098105086,1.045796997860701,0.9963725511763803,0.9596219457596775,0.0676372505688579,0.9237026301867162,0.8731946175002415,0.05236951172387759,0.12412474956817177,0.17049842434336782,0.9828558978596075,0.23044156033515237
714,SSP2-4.5,2035,1.165287839455707,0.0003952868416886926,6.192896746088477,426.95190496825387,0.29053778173451633,0.8519163507289931,1.0288135668278573,1.0587539222407198,0.10141766287530159,0.3965066831710453,0.5681331642380936,0.08406718473133265,0.13793459506916356,0.14188586702792505,1.009086049661966,0.10729528243929669
715,SSP2-4.5,2035,1.0220269141124223,0.02912944876523605,9.257058495732846,475.72955682392285,0.26089122240382956,1.1555447203982423,1.0471118900563021,0.8154703022126849,0.09412983627120207,0.7934573191769247,0.903065955350308,0.05111976569875987,0.1580887167040061,0.14587665222395838,1.0409982620794542,0.08907201895725322
716,SSP2-4.5,2035,1.601020498889316,-0.07093612184242476,16.2731129301705,464.35603924460116,0.31019006047057585,1.0506711207897246,1.1104988719285054,0.9760956260447239,0.08760182958052246,0.716326129066073,0.8483220148771577,0.06362538110295071,0.14776915370637683,0.14856652116470154,1.0398717576732757,0.2492749101737502
717,SSP2-4.5,2035,0.824101173314283,-0.03591019887960438,13.439829572235952,418.59666538460164,0.2505772095311031,0.856569286325266,0.9429092595763358,1.4129821630148145,0.07211829996037941,0.48787334694304746,0.6510289075958005,0.09857267989210686,0.1155710572759206,0.12770202333588607,1.0192804700947684,0.12232239585152482
718,SSP2-4.5,2035,1.3108565561689343,0.01888900288615665,13.381450387270279,430.7791941689018,0.29070500067672916,1.232979515030751,0.9191987446239054,1.0125863622850368,0.09354587843644056,0.6784507357644947,0.646604481256537,0.06748403656558494,0.12675739269840403,0.15119125167993352,0.953490281550734,0.13982500620384805
719,SSP2-4.5,2035,1.2300854045136322,-0.09019378820000562,14.021808113378675,438.9835135480473,0.213113115998348,1.1954933582293368,1.0715654652294653,1.3250006504181593,0.09245236297139563,0.6494630605139625,0.6941896062998595,0.08575572815066429,0.15362188966149262,0.11458959059942181,0.9865268650738155,0.1927033360051908
720,SSP2-4.5,2035,1.1629189215275157,-0.00047142476072423167,9.40558904004135,453.47606022924674,0.3167795245785901,1.256613978361226,1.19063661190887,0.9985230337805695,0.059958949405711316,0.2321640299870174,0.440829346324223,0.08904111570421826,0.20252800379514801,0.15087283360250653,1.0014520138216796,0.12862335177637838
721,SSP2-4.5,2035,1.1066732867611997,0.07019979920830227,17.412107107027463,462.55377324508885,0.2568462105018296,0.7837235082394967,1.1662319442841935,1.1929583634054466,0.06608802336149582,0.5515853858307851,0.6452462340733393,0.08353964258413862,0.07758477434518896,0.1649960732797915,0.995173466111399,0.1265393055968914
722,SSP2-4.5,2035,1.1776437485763487,-0.09358017966207652,14.972187817124501,450.30365310085983,0.30561225768420835,1.0045617491348946,1.0587008572810925,0.8718457244396697,0.06117858062030608,0.567384546714318,0.5648757038703912,0.0654590039802663,0.1869109385165073,0.1469642901894729,0.9504447950331942,0.22439722343420176
723,SSP2-4.5,2035,1.1946869068063135,-0.040876288074004334,22.256564016113288,435.5850746066844,0.25595663465148666,1.1248762747807888,1.0610520613998817,0.8,0.07324900134603789,0.3933955623582016,0.5399844660190048,0.06679534031296423,0.033789861755753464,0.12958482212802033,0.996306146502119,0.19448418356287883
724,SSP2-4.5,2035,1.388560314771792,0.04231744815075796,9.087992144810329,456.1016914085769,0.31999555751493364,1.0719353927994792,0.7930185042856666,1.1486445224926107,0.060965396019848024,0.5806960318499135,0.6316657316028763,0.07969798038787566,0.021707363935402027,0.17315716920560575,0.9787890110638773,0.1395593508710613
725,SSP2-4.5,2035,0.9818482393399457,-0.08950986111495329,7.76589667413008,444.71240533829877,0.3352518329514942,1.067369806481372,0.9385167218335992,1.019598012724349,0.0735992126743881,0.6921149492711064,0.7421423828112784,0.06717837629852501,0.01,0.15733814153302295,0.9958293430415819,0.18575773825310443
726,SSP2-4.5,2035,1.0536772874757008,-0.13801672238740834,19.096194740280026,450.58824080618456,0.21955786399626379,1.4608784256514562,1.0635296932963751,1.117537296744871,0.09050144869953085,0.4777421069692196,0.561027476343178,0.08317067216857052,0.21410016034599344,0.11684525239869231,0.9784799414056533,0.23824704123358367
727,SSP2-4.5,2035,1.632276587547746,-0.08521555105208409,8.476804974806615,447.5215961016949,0.1571646239290209,1.0198275809792456,1.0529204957637626,1.1861962832642916,0.07523972726112803,0.6657308496398485,0.6920677382624335,0.07746825738608479,0.09193276757186546,0.09500761837515731,0.9800547369763287,0.18442050399474375
728,SSP2-4.5,2035,0.9220171423558529,-0.021282930814443077,20.09678172676173,436.958052808013,0.252168280192884,1.1975405822946643,1.0240725414811749,1.3617595962917157,0.05882279127207904,0.3609324981365255,0.5096493043995307,0.1021615841242661,0.14139989713366663,0.1282588980675094,0.9922511009636494,0.1449609684106012
729,SSP2-4.5,2035,1.4777024665939855,0.05259431623161089,13.056478875109223,459.20950286280925,0.33119813831653777,0.72,0.8892494565632947,0.9795353729847663,0.0362847718241052,0.6249858018176335,0.757565748309415,0.06837761460829804,0.1894849713171308,0.18221650652659366,1.0258097433269537,0.16623643539910576
730,SSP2-4.5,2035,1.2918651365583984,0.027410314813134093,19.799636148768492,453.89382684680925,0.2923862864997749,0.9298322275621569,0.9622033313959901,1.0496855429909409,0.06378425638997602,0.6030121175000267,0.599520668116514,0.07325361567066471,0.1699372867737354,0.15604035768148825,0.9555591920335524,0.163390937105341
731,SSP2-4.5,2035,1.1400977091555518,-0.03925586794966735,11.412648288941927,480.2296311480705,0.2588749590044224,0.9818865733765116,0.9554039513272186,1.2689027532992532,0.08669934922829803,0.3357440130594579,0.47125284581869875,0.09842102452467918,0.12607053073542895,0.13060623565154783,0.9818103046787857,0.14760719190776186
732,SSP2-4.5,2035,1.0816569944728784,-0.06586456413667674,11.047950682795129,478.18186836796525,0.29910307204891895,1.0569371847020523,1.278702454445614,0.9368901973857983,0.12730685228534744,0.41182847381761867,0.5396924647438606,0.07673920232220051,0.15177992230433193,0.14468607521712162,0.9900095594325956,0.17598080085069195
733,SSP2-4.5,2035,1.6678172726509302,-0.015301127534210502,16.403796158376984,454.93279701420903,0.22782547872468822,1.1085673805717677,0.8153586570494966,1.0255751379733924,0.06692782064350539,0.38681607310898436,0.5110969488731908,0.08276516531234882,0.1171879683494648,0.11973891755364088,0.9843213548599127,0.18323598162448085
734,SSP2-4.5,2035,1.2839572653830902,-0.11874765124985462,23.493861683872172,467.4183519478755,0.23194712966233844,0.9572310692550761,0.9092483369661215,1.1230865543883144,0.05642140215695397,0.7688873440883387,0.7382085877320227,0.06891221649341538,0.16344354765261637,0.12118149538181844,0.9682701860236856,0.26343853342215595
735,SSP2-4.5,2035,1.8506817826719102,-0.09522168964934535,21.457896899411743,463.0695541602577,0.3040269196582791,1.0524622942921527,1.0343692182832187,1.1782818875085808,0.07058791324066777,0.8044766309591121,0.848728650149555,0.07010480854866026,0.14215858628489556,0.14640942188039768,1.010645138356885,0.3090735187404558
736,SSP2-4.5,2035,1.352447009229889,0.013756578882824097,22.691744083676806,482.8192449959679,0.27841851335244827,1.3057378178522387,0.8794016883323388,0.9919964435095145,0.04305741490333877,0.5941980447325818,0.6021794540653087,0.070587983183114,0.060964301653517364,0.14432476911476894,0.9598067119722388,0.17530960974810494
737,SSP2-4.5,2035,1.5878346639564822,-0.13030164273248246,14.18781042300435,493.6001234487678,0.3158352459217521,1.1413706126014105,0.9175533446836679,1.0623108198342537,0.07808011585933854,0.7789247072463343,0.7512814884632609,0.06513780878260463,0.06988342401978845,0.15054233607261322,0.9713371375175517,0.29081103542138603
738,SSP2-4.5,2035,1.481934113828389,-0.021731891076300417,14.29400297670143,475.2690543357251,0.28074314143549145,1.0257091225891388,0.844109543727362,1.000635523565411,0.06792480626165683,0.39220625334373227,0.5018956582247405,0.08115275398633551,0.2403423762202973,0.138260099502422,0.9780050174668558,0.1812227527619116
739,SSP2-4.5,2035,1.332504620445683,-0.0770173771045217,18.715934865464536,445.8939123146712,0.1848075133775981,1.1608797522628733,1.0654769982459038,1.0641749808636578,0.05428527277163894,0.5574209241381257,0.6793803796014953,0.07631337583959835,0.08942746589295054,0.10468262968215933,1.009982219673898,0.1997373494273995
740,SSP2-4.5,2035,1.3149168909152438,-0.1060026223744743,17.741004797505994,451.5991744122618,0.2671766393900905,1.1166110217629082,0.9699078182617462,0.8634780327563973,0.09470247875623056,0.37428988604368774,0.6081096531600872,0.07466316900008316,0.13742333391297232,0.13351182378653167,1.036127242319277,0.24488957986037752
741,SSP2-4.5,2035,1.2229656910057298,-0.0498175110201067,17.31691185700654,484.5028246900043,0.3001401551349379,1.0845913110229755,1.2244859901699057,1.1450865987873442,0.047839939872991746,0.47344120476987817,0.6581573831912725,0.08486914123467076,0.17398951461124046,0.14504905429722825,1.0275976150288981,0.19957602364622679
742,SSP2-4.5,2035,1.7666110576540381,-0.06214572001611858,12.70940186570646,465.2465276824529,0.39211809556574584,0.7484215775875531,1.2076752480196504,1.147464057568019,0.0693493585150868,0.5130345145572586,0.6627376038575631,0.08301749275656885,0.13900368845259584,0.17724133344801105,1.0166291203069624,0.2692467470210974
743,SSP2-4.5,2035,1.7118310373871815,0.07538000796749214,14.065397423886255,440.06759009387366,0.21204221063062467,1.3472804337420026,1.040694993645038,0.9968527996332414,0.08211960789588353,0.8242395410249075,0.8291847150510594,0.05934740446746761,0.13998473146454665,0.1519047777044647,0.9944536242392964,0.15216574527263124
744,SSP2-4.5,2035,1.6245174504332847,-0.043698395668095455,17.13490576591362,453.4537872422775,0.352917139298347,1.2004161111597362,1.211398210449049,1.051085405962566,0.07544380584283283,0.6266273801975989,0.6504770637498505,0.07214822977271976,0.11178821248583107,0.16352099875442144,0.9726909458330554,0.24599734130359485
745,SSP2-4.5,2035,1.462170730415333,0.06159776877029296,11.65672865237896,470.7879142423216,0.3137826196765987,0.9030889849163563,1.1180451318595055,1.214002106572058,0.09842373878958902,0.9061842645644137,0.98,0.06694282327950551,0.20885179748112548,0.180622801271956,1.052121096753578,0.15387584454197495
746,SSP2-4.5,2035,1.6564244931808796,-0.09831841905222927,16.086156407029726,447.7828285244697,0.31859640325448874,1.2966446969516072,0.8204656466008007,1.0146553853217948,0.11854030780317254,0.5876438213840132,0.6566960508510475,0.07213579121735751,0.14659777628679005,0.15150874113907106,0.9887573238612327,0.2786655467163588
747,SSP2-4.5,2035,1.1527692324685144,-0.03247008356943476,14.497463185839406,426.1000339265096,0.3092361096716503,0.8971626917644596,1.0788243663577977,1.06011292716043,0.07135436394270928,0.817911474255092,0.7965460116266737,0.06307012236511468,0.19550208769908572,0.1482326383850776,0.9805434117563037,0.17123786233230526
748,SSP2-4.5,2035,1.266990975667385,-0.08647756231038026,19.660144757831524,465.62335414289606,0.25991174887387863,0.9266277005516703,0.7701200330870683,0.9932574134504287,0.04424326198290769,0.5891249813262733,0.6826940774690019,0.07090953473486326,0.12718149498323256,0.13096911210585752,1.0010255533547758,0.22965439551690375
749,SSP2-4.5,2035,1.1602326112761618,-0.030324403702126478,13.201300498143867,470.5832815184218,0.22522732309704036,0.8616713784778471,0.730593745971849,1.1001392131172036,0.06968311494973933,0.5411426466459616,0.5602930621365934,0.0790638252970898,0.02886784091104469,0.11882956308396411,0.9569551579139667,0.13803902782003852
750,SSP2-4.5,2035,1.4425691317876352,-0.11251670279793416,14.74089987864643,459.9143152975349,0.23185602864762925,0.9231749896883502,0.8251986260967039,1.0938799308523346,0.06670793817637846,0.5281466887285838,0.6488061181697055,0.07937658491715804,0.08001365360295706,0.12114961002667024,1.0047453088277318,0.2384910772827009
751,SSP2-4.5,2035,1.4452772804951666,-0.011170430649383537,15.456046304929167,468.3580736826961,0.26941504337146205,1.3151789602445652,1.1273970396215516,1.0670806689791115,0.10554371074020097,0.6673880707707701,0.7316320293822406,0.0709714786372598,0.16285256524557334,0.13429526518001172,0.9989239966176211,0.17013277878681513
752,SSP2-4.5,2035,1.2713187074343237,0.03405650021214255,11.723859370493269,439.8465298523673,0.2684200747885727,0.9810907577270573,1.463423291767529,1.1339383794010605,0.09773282036195174,0.5427411409180708,0.6896800555523543,0.08080385569107663,0.09061268474065327,0.15097527628207172,1.0199388027755962,0.12280140860466963
753,SSP2-4.5,2035,1.4229045771139774,-0.059540714928759564,6.647671304752893,419.3779496187887,0.1949907777249826,0.9517254510963379,0.72,1.0043005645165453,0.026959764088134344,0.7062759757437282,0.8141759968680125,0.06564661622524294,0.07384458869880343,0.1082467722037439,1.0264640909232996,0.15012332598725725
754,SSP2-4.5,2035,0.894747315038229,-0.03791198764409329,20.004221683848904,431.144474909095,0.2057879515120971,1.0385861807753463,1.0071081569513725,1.0243896646427288,0.09628083116741752,0.6846933412291278,0.6663329556048018,0.06780746872699822,0.08827549481564992,0.112025783029234,0.9610912737520519,0.14095197939574253
755,SSP2-4.5,2035,1.0631550243292667,-0.015840069586661787,16.02014199582472,459.8561214255616,0.28329416046338235,1.3367748359016054,1.0431131580232123,1.0634860596287825,0.04813797315158162,0.3471163511210396,0.47889803886946025,0.08679150873165169,0.21047814613641447,0.13915295616218382,0.9817671062344207,0.1471893997363867
756,SSP2-4.5,2035,1.4922106801082662,-0.0338364879907545,21.110029830037117,474.3299603315682,0.2948924058579828,0.8052364162994028,0.72,1.0059405496035985,0.08700590482617668,0.5492867564693213,0.6042378244254992,0.07358438407826616,0.09247867651682265,0.14321234205029398,0.975809389285668,0.22287021063142
757,SSP2-4.5,2035,0.9553188892204837,-0.050976991670956616,19.02955300935161,440.96933570786405,0.3333567916731093,1.0822177156084332,0.973672782298042,1.2232762396643804,0.08552887752123703,0.7504195033219888,0.8203104738309741,0.07523043773890564,0.10333013709296404,0.15667487708558825,1.0147396493171743,0.19441392030810947
758,SSP2-4.5,2035,1.6432457645575198,-0.13392145356434287,15.815001039170724,442.5965942735948,0.23968116304921838,1.127419695035372,1.1605404309040952,0.9479113289712507,0.07730512834614144,0.5229591423016657,0.647266091697135,0.07177611444490713,0.09980026596883784,0.12388840706722642,1.0057209931484374,0.28033311967114377
759,SSP2-4.5,2035,1.4029673955601025,-0.008491449692227086,18.540506287675758,433.24656298657385,0.22116070798804127,1.1661772808822832,0.87119004651197,0.8299916657711445,0.06469795009368415,0.7893200329016347,0.7660447703665871,0.052108549588749116,0.10487615246236365,0.11740624779581443,0.975114418105888,0.16052183722935642
760,SSP2-4.5,2035,1.5571451823505633,0.043232414124502704,7.887008625384736,477.74547278551785,0.24075021358411317,0.8991021201176026,1.0267678337704322,0.9361220442959948,0.0831368515433733,0.3682847493190875,0.4618163402871742,0.07887502645767612,0.12337572776943262,0.14587878181669095,0.9663151489137319,0.12412834523056523
761,SSP2-4.5,2035,1.8395310248947034,-0.059231268905318143,11.892620201380165,433.88748344794857,0.28448104794651374,0.8657228399791135,0.9891407117506605,0.856439172589701,0.04644431181154961,0.763220682327078,0.7667447141499907,0.054837613638476154,0.10373934391000836,0.13956836678127982,0.9841704646277198,0.23536401174177624
762,SSP2-4.5,2035,1.60521486871338,-0.0824693856334127,11.099594784422063,465.6975466867816,0.24725599710953372,1.0958588943543568,0.9071836183770337,1.104115530181741,0.038235311699224575,0.6174367062750314,0.6475810610423156,0.07546323169603446,0.0940450871930096,0.1265395989883368,0.9743372858351443,0.2189404420028317
763,SSP2-4.5,2035,1.4281591879836,-0.01777024550790007,12.869947180177107,463.52649176329487,0.2941255222168553,1.0643579028704837,0.8281645828723652,1.0299290111899668,0.057089458760485476,0.44671795365549466,0.5851120804234912,0.08000451061206963,0.10014433707059851,0.14294393277589934,1.0006597189512614,0.1720946744532343
764,SSP2-4.5,2035,1.5669307963651355,-0.09202187950326621,16.860937272027716,458.0730274443631,0.18679337470877141,1.1235908568179647,0.9363045634895684,1.0968352088726605,0.03764722119932323,0.4295957117561616,0.6086842208451266,0.08446326412071978,0.06218824365041425,0.10537768114807,1.0179472126359144,0.2261122831554194
765,SSP2-4.5,2035,1.5838802247903068,-0.023648023383654206,17.08038524800824,427.7639220240006,0.17950048034158528,0.9044674269042273,1.08253476276647,1.0726189254299587,0.07859733068343436,0.44045773122613757,0.5642011378803732,0.08261620942338319,0.08913451310987165,0.10282516811955483,0.9924841232265125,0.16977896073914128
766,SSP2-4.5,2035,1.27713199615005,-0.08384117926780624,7.294514801811079,454.3099925139726,0.20811412565201515,1.2202915681457556,0.9766053023747518,1.0100668416197902,0.1115552907916621,0.7441580285976798,0.7934929583494887,0.06406300542656625,0.11044074263306362,0.11283994397820529,1.0036648812796871,0.16410156990070612
767,SSP2-4.5,2035,1.1882941506394036,-0.05189934880326613,12.832382743153444,443.14492177648805,0.34774050660691325,0.9709541347847015,1.137268702278614,0.9269514995599966,0.11304966838961823,0.4275387822979716,0.6630642456534066,0.0754185262460243,0.15428928790994983,0.16170917731241963,1.0453295016300221,0.196363481697427
768,SSP2-4.5,2035,1.414107207636803,0.04095047396132113,9.566413370060516,464.0602449068027,0.27946087647840945,1.1370560342836158,1.0760508620337232,0.8,0.06727342234615574,0.5833253268555458,0.6713556407717881,0.06044329360167386,0.0846994870252707,0.15828654374810386,0.9973954418140083,0.1305590820721583
769,SSP2-4.5,2035,1.4541488391939545,-0.12398018500115335,15.215901616933595,458.7156499700031,0.23795678541159307,1.0911310371510163,1.0542840580060986,1.06787580400636,0.07249047903961472,0.7027956605903322,0.8040551408372395,0.06924391410928739,0.1294493692672574,0.12328487489405757,1.022657463166672,0.2527397322518806
770,SSP2-4.5,2035,1.7370008767142324,0.08592389227905436,20.81886663434829,428.4243534710082,0.2631148486403053,0.8675784601405672,1.0950888808751769,1.0709614706083639,0.08506969064078353,0.96,0.9248266403675078,0.05654984841737343,0.15892603224361582,0.17505214316363404,0.996085805271322,0.19681803231170017
771,SSP2-4.5,2035,1.3633568387446315,-0.036504052641710326,13.918251608981013,450.9593090152288,0.3524789308175205,1.209159390417955,0.9120985990923416,0.9175810039696598,0.062032385828646994,0.5845594556883579,0.6435580840539292,0.06706292742933301,0.1681227000363497,0.16336762578613218,0.9833373938730516,0.20470793036839197
772,SSP2-4.5,2035,1.4739903839475201,0.020728598598480565,6.803697052898558,472.91568774033937,0.2876829118086341,0.969245305612907,0.72,1.238131284335912,0.06292073732191629,0.3654652397402055,0.5755620218254263,0.09527803793876959,0.16460800309680226,0.15105331843226222,1.0230951415937515,0.12782529747162438
773,SSP2-4.5,2035,1.4886787332178881,-0.09907052843091924,17.938327341894,469.40511388526977,0.17788362414128595,0.9733932152825395,0.9259594844456072,1.0931325268286154,0.05009779359456761,0.5707928551163883,0.7328533846151227,0.0772040317657214,0.19738073846680432,0.10225926844945007,1.031768810266753,0.22633969220989977
774,SSP2-4.5,2035,1.6470067246846947,-0.0017411943727384076,13.161323006393992,471.0007802721817,0.24607374311776745,0.9434776406725842,0.766276144155861,0.9118821946069375,0.09187662537890805,0.787379364310495,0.8094953797629842,0.05661507303254111,0.18066333021211273,0.1261258100912186,0.9970925477247251,0.16366354121384274
775,SSP2-4.5,2035,0.9873333207183586,-0.05498252972615035,10.139243880140322,431.75886914911183,0.32868446225507786,0.72,1.088503810476445,1.0489753782004492,0.06258069915453869,0.2825917215733855,0.49011515281209006,0.08923639582443182,0.042450229326268255,0.15503956178927725,1.0088131839607104,0.16481316177368105
776,SSP2-4.5,2035,1.745823073686891,0.04978674901967562,18.31232758513171,465.12198458487785,0.23846128327941582,1.1837504156882155,0.9452262108885687,0.9331559680644359,0.060436764407009104,0.5775030981816289,0.7347819838300128,0.0682543972174651,0.01801029829451546,0.14835482365763333,1.0304755760144662,0.17999667672248687
777,SSP2-4.5,2035,1.497059059693223,-0.05397099509708364,11.820139518695594,461.04436332070594,0.27034091500502044,1.0773592704943813,1.0385459979673766,1.1096744570269512,0.06645011035191573,0.8373675428175897,0.8403986689051847,0.06476601669903327,0.1068721399700267,0.13461932025175716,0.9955762904419825,0.19622561952821757
778,SSP2-4.5,2035,1.327833092094829,-0.10006313182257473,18.010510412531623,449.65520000768726,0.3026093336482238,0.8131970558570751,1.1006286217590198,1.0223021575179216,0.06999766026200703,0.7456302938505666,0.762614703398221,0.06464821686612898,0.08292224745766454,0.14591326677687833,0.9880149963028284,0.25359486373458556
779,SSP2-4.5,2035,1.393269856521098,0.046877547465913945,18.137022152671275,469.71922804235163,0.213992423874731,1.0986262677331229,1.0368265791750808,1.0869430098710924,0.09071055225025278,0.7097664306734551,0.6980776774382969,0.0699220713055399,0.10148829308455037,0.1383361220891128,0.9683051931576251,0.14058083810404645
780,SSP2-4.5,2035,1.006034791491436,-0.10150185285524058,25.86958095032904,488.5574061299848,0.27428903054082054,0.8222574228073258,1.1768827079703341,1.074336747371747,0.05557256289986202,0.4574646651547117,0.5769914169656966,0.08185836083151231,0.10235649350304278,0.1360011606892872,0.9930857637424236,0.24771395424610804
781,SSP2-4.5,2035,1.1729749019892615,0.03846461695013947,12.09791781543387,463.8043110426434,0.23598932151012386,1.1211026756395497,0.9714895958706833,1.0408435928383368,0.07499016781609949,0.6193974051081849,0.6394736813338239,0.07195824628203966,0.14896627581136243,0.1418285710036131,0.9697027825132176,0.10517347863929265
782,SSP2-4.5,2035,1.9798982370235565,0.017355202332900603,14.847058707067124,423.46093621014035,0.3426425172557097,1.1050873662444831,1.176629705185254,1.277188759234806,0.12166248420368375,0.6919035309474891,0.8406722912929955,0.08105921818065355,0.1794094850618299,0.1686024822059487,1.0442691461220905,0.220757145960892
783,SSP2-4.5,2035,1.4082001597705764,-0.06834806622844405,12.166184955057515,443.5424670055505,0.2859207850566573,0.9097755377103776,1.2995155062772832,1.0472161676687823,0.08966456999633249,0.6421719987273496,0.7598004252768744,0.0711626552457977,0.08119070645247084,0.14007227476983006,1.021169701560754,0.20664711523548807
784,SSP2-4.5,2035,1.6840868929159618,-0.053428185957507944,15.665746157406891,434.4970753302438,0.2370966338429027,0.9653499388219947,1.5158010217070577,0.8661612130291171,0.07778683517759512,0.3566207696988135,0.5156900432608129,0.0756911037550887,0.10972769852469583,0.12298382184501594,0.9966558879340315,0.2162103687428669
785,SSP2-4.5,2035,1.2614067270526395,-0.07391937655904031,14.933538815922587,472.6057861644811,0.29947738027485676,1.1008246254004455,1.242974811904693,0.984116393261725,0.06899786688706683,0.7567197594781281,0.7211788627986313,0.06203758704787879,0.15979635213374013,0.14481708309619987,0.9639719002099021,0.21340759171929527
786,SSP2-4.5,2035,1.4399703574511515,0.025319836292182346,8.241323437442597,456.7122728829156,0.29800532911627015,1.063046265783372,0.9142299101850679,1.2316974417893511,0.09920152209899699,0.43474668015516493,0.5929562024811944,0.09146752824243758,0.12549697690557607,0.15696178333678573,1.0085066985335167,0.13370768943615974
787,SSP2-4.5,2035,1.7305631220443072,-0.05738212788534551,16.10448628459496,438.6517748794666,0.16640913728013196,0.7845613448673373,1.156266669058238,1.0798153126239447,0.05784406937803373,0.7306667451444001,0.7803446468942892,0.06849325649945393,0.14342658891214166,0.09824319804804618,1.0017138913689931,0.2024182700431723
788,SSP2-4.5,2035,1.1227928394330138,-0.003755122964576644,12.256494463809755,422.04663051131445,0.3240039053507132,1.035453405489858,1.0497245864742177,0.8911863978016697,0.07927863083346622,0.6581003187641599,0.7716480527253348,0.06196463625111268,0.09103557009652627,0.1534013668727496,1.0216686467468012,0.14111200791435086
789,SSP2-4.5,2035,1.517984662695491,-0.07868388559760342,12.425013263728534,432.8763664572263,0.18284380742411288,0.9597725277744107,0.8734843663845882,1.0268445862247062,0.05976296290095812,0.5094579545952135,0.7064612061305577,0.07670142614387734,0.14282935394039195,0.10399533259843952,1.0392873548937627,0.19250996603551462
790,SSP2-4.5,2035,0.7738789276547341,-0.0191404935197753,16.787271586245836,456.9275096316964,0.24508553094659918,0.9997487510103561,1.3762246517959513,0.9100284121590163,0.054614682041509086,0.5383873789340533,0.8094897503400708,0.06896485324647512,0.1661026430795709,0.1257799358313097,1.08,0.11522087152202018
791,SSP2-4.5,2035,1.0737140385309976,0.07342127220745465,13.565737569960156,437.72089771340706,0.2883838345002473,1.0006191438223881,1.112614877073315,0.9811946387131205,0.10299082946775129,0.7203023203954375,0.6733026509238174,0.06370113375708845,0.11255430967641737,0.1776449781788139,0.9526258358633243,0.11903506948429204
792,SSP2-4.5,2035,1.448948420927431,-0.17265503032348892,12.783241793835147,448.6218980684993,0.27365791358990477,0.8502915481041907,1.1417317514910659,1.0387597634872523,0.032862620490883475,0.433509524861464,0.6895874039287183,0.08114043409854807,0.11466330910511625,0.13578026975646668,1.0563568187203438,0.2945299714153526
793,SSP2-4.5,2035,0.9238258985889308,0.14304442872682446,15.112923903428447,451.7693256836833,0.2182892465732563,1.0736304537547452,1.0552974320924926,0.9903026939908104,0.08036037035352961,0.6000273779055956,0.6968911384531762,0.07020531462730231,0.01,0.18792345066405194,1.0043556014525277,0.0892594165107434
794,SSP2-4.5,2035,1.3586787894096968,-0.08796103142598094,19.178755656867395,430.10345239868934,0.16766215129405637,1.2959912158394264,1.1719031105990212,1.0823691439581324,0.06344534943193784,0.6402900163237147,0.6893442695336861,0.073149606935406,0.059986154099264166,0.09868175295291973,0.9872103741401113,0.20728932842215958
795,SSP2-4.5,2035,1.058408087425267,-0.11157656006191877,8.720548832449216,442.2456113027603,0.2892214060831095,1.109307404590843,1.2410920473901128,1.116094090145735,0.05913089008408593,0.7669413819157663,0.7978833157761783,0.06863299729667433,0.11770483223145706,0.1412274921290883,0.9982146500724245,0.19945251483815846
796,SSP2-4.5,2035,1.6960045896068698,-0.14513877064500919,17.560946453388905,474.60618113129306,0.21757785405551391,1.1026566126533823,1.0163004513340448,1.1809888279865708,0.07782318094159646,0.8541490766926452,0.8956086794281911,0.06776694459541385,0.11327565509336784,0.11615224891942988,1.0170774053906217,0.2937723823946626
797,SSP2-4.5,2035,0.6934380079076944,0.1180847753780104,16.99324368475686,458.92184296862644,0.31473039887675724,0.8751584974410095,1.1995120249015212,1.1262823230775911,0.0576038362015599,0.5024540038548424,0.5687214790964324,0.08240596335758969,0.13198630350100057,0.20919802729587025,0.9740077168150685,0.10744252436525223
798,SSP2-4.5,2035,0.9034958584923525,0.03188268599036012,12.370151740672368,462.22685745342096,0.25015317789018265,0.9410410769487174,1.008153314045809,1.2517408144037947,0.06575116248171514,0.6639438655057304,0.6653682839469193,0.08108692750030243,0.22940262602136746,0.143494955256744,0.9675442599251202,0.08721010182097394
799,SSP2-4.5,2035,1.113200156290299,0.0238427157105437,16.235440974629302,455.13612474033255,0.23482593643014538,1.0601950183903555,0.72,1.0811813310044607,0.08789528538613156,0.5989539794940643,0.7190553011186838,0.07515244961784466,0.1745696543943399,0.13411043560582273,1.015594510303517,0.11548145349325306
800,SSP2-4.5,2055,2.0815297325579336,0.006301377412793255,25.355316058461305,521.3916331717496,0.31457822701744437,0.986508616167179,1.011379177195169,1.1073349075991408,0.09362735714951424,0.6130262315913185,0.7750143375748985,0.07391864498346473,0.09824067438929586,0.15325306816250214,1.0383677364091937,0.2640592038811178
801,SSP2-4.5,2055,2.246500669572839,-0.06403237978292592,31.197630949459413,474.3443614376049,0.2466316923293017,1.0484365326367162,1.1586049045537072,1.245003409924952,0.09989781196285369,0.5948620612129035,0.6216620375230918,0.08223977285839071,0.10186849142272016,0.1263210923152556,0.9691492285319012,0.3369682834527935
802,SSP2-4.5,2055,1.9681443909432372,0.00418939624178144,20.977086064065485,530.1264904070161,0.28391416728620555,1.3353194356048428,1.0346580775894656,1.088487256989887,0.1129992893242272,0.5479667168416781,0.5951342374591657,0.0761567472266023,0.19647813745987197,0.14146465667106267,0.9717810089124411,0.22914628679759444
803,SSP2-4.5,2055,1.9909948896096648,-0.003912158276280886,29.63717643727353,471.95969934799245,0.16332415417842178,0.9923499443039991,0.9573256410948898,1.0454661645983037,0.10181776131388602,0.5362227541321345,0.6497396934607123,0.07442742500253269,0.24828009203828386,0.09716345396244762,1.0025076719558772,0.23222560952618307
804,SSP2-4.5,2055,2.110052895134674,-0.029467116122567034,18.84314768234399,475.2418145725339,0.29951699897904416,0.930022034495289,1.12822403886878,1.0993109227713758,0.09486215332162405,0.5237222656722184,0.6180545940289209,0.07795178255792469,0.09766994154978476,0.14483094964266546,0.9911260589279807,0.26610612494331404
805,SSP2-4.5,2055,2.2197445023693416,-0.034639851251688225,21.821906394707387,493.86467190340375,0.21806884966502127,1.3265226685068863,0.72,1.2072952730216049,0.08250759924927309,0.926559683093354,0.8862855672030578,0.06362445362341872,0.10779028216239656,0.11632409738275745,0.9883286278707014,0.2651472078198574
806,SSP2-4.5,2055,1.8039310451220232,-0.039637123282198,26.717152422628555,541.2119994650237,0.35505193589535416,1.0933746798738309,1.040142166103885,1.1494835290383878,0.10255406968806276,0.4535926770485226,0.6190321596819867,0.08415986386502552,0.1496420103389623,0.16426817756337395,1.0150164865600502,0.29589489247695483
807,SSP2-4.5,2055,2.3586057374209637,-0.11691492810193653,30.866040164069034,520.8091447743384,0.3150116429847252,1.1352492297826142,0.9745195847008274,0.9814592147357238,0.10489024289490413,0.6941813353334861,0.7658159471147155,0.06308296787294158,0.0705289138764294,0.15025407504465382,1.0067611137340822,0.41111051022322326
808,SSP2-4.5,2055,2.529202488716634,-0.057439606014331804,17.568674495220097,530.252643746848,0.3657311699726567,0.9278540713723391,0.8936634704779114,0.9090524032576596,0.12402782140741164,0.3352529643743897,0.4130979665035659,0.0771305581105391,0.1254545554669329,0.16800590949042984,0.9534254667214996,0.34227547257535773
809,SSP2-4.5,2055,2.3345000857340685,-0.026774536154300102,15.682135738218399,494.7887403128733,0.3494454185224248,1.2445739216025797,0.9642740535404845,0.9753881852039645,0.0773559531175201,0.2511181275133312,0.4939554338143308,0.08490922667377768,0.029079506586865853,0.16230589648284866,1.0212048707607668,0.2874760388649152
810,SSP2-4.5,2055,2.407421285301703,0.13710185996558452,20.564694247885093,515.1654393854085,0.300365565716529,1.0830980427589443,0.967318828981869,1.044688776162131,0.08620637111305965,0.42115988831301765,0.5470872918980805,0.08013870891615618,0.26426500303867895,0.2136788779835774,0.9905247514876576,0.26651859230849123
811,SSP2-4.5,2055,1.847462641010923,-0.016874116532639934,16.736008552253253,513.455036175148,0.3020107735083075,1.1758467582108683,1.2385236922487004,1.0774519615988785,0.09214653863134921,0.6535188181250715,0.7156606708503039,0.07028493394907065,0.18979740759616442,0.14570377072790763,0.995713320221489,0.22545883428979682
812,SSP2-4.5,2055,1.9374592985046082,-0.025660273009031842,24.962141116685704,519.2146827440246,0.26105644996293387,1.0227679337145075,0.9898140141690447,1.011184639956193,0.10596788633480028,0.394682995218327,0.507092297697672,0.07965848469826327,0.01787883519835959,0.13136975748702684,0.9797293135568846,0.25899709938542237
813,SSP2-4.5,2055,2.4939557624987696,-0.17675483584620985,17.370326853255506,516.6727934746496,0.2975782374993135,1.0219299829976258,1.1033041063118674,1.0754021697385903,0.03738838672814718,0.5325377120589644,0.6130122627706955,0.07622361584451433,0.18281133492056084,0.14415238312475973,0.9857079763892035,0.41470329259640926
814,SSP2-4.5,2055,2.4178960103640406,-0.014668989634579278,23.668706586605694,484.341176339423,0.2674125462517727,1.0251652843089674,1.0885161245215231,1.1672893258638766,0.06535536295613537,0.7161406291486865,0.7006400519171645,0.07199123993523596,0.16098811669649638,0.13359439118812044,0.9674352627380647,0.28905927199016607
815,SSP2-4.5,2055,2.229391751520526,-0.0808834776643169,20.071178235278005,512.6066366963246,0.18568449735967044,0.9777718921850146,0.8520507076005011,0.9659912613787026,0.08312779260313291,0.8592128321702601,0.8395638246183669,0.053998503234955586,0.11686187969247927,0.10498957407588466,0.9878741030190896,0.2868941934742952
816,SSP2-4.5,2055,2.315128896101127,-0.02105886134108135,18.14141213735538,501.920255006151,0.31213076058241257,1.1431036142658262,0.8617217671042854,1.2297612317941333,0.0820785036711405,0.4297631281114117,0.5471134473116674,0.08967398684488276,0.14897649592132603,0.1492457662038444,0.9876656735507182,0.2784958024042985
817,SSP2-4.5,2055,2.0007116678319257,0.04851216448193617,19.85680717498485,533.6146923335575,0.27327630892868515,1.1261788211886123,1.3898622879281441,1.1702462937407843,0.12873667079681622,0.39998460087482435,0.6079665743335504,0.08795826269614715,0.21408896826257437,0.15990279036600788,1.027479640635347,0.2194703882602453
818,SSP2-4.5,2055,1.8439975337074608,-0.023263559307444788,16.919622042208562,497.53114181103626,0.39590586096152464,1.0385513236583441,1.03267982649077,1.0480895693522887,0.09505875529068888,0.5626701404523171,0.6534742429572228,0.07324631594250738,0.1537043240939097,0.1785670513365336,0.9955123778389177,0.26141247506931503
819,SSP2-4.5,2055,2.415437104651126,-0.0847929425445145,21.10027277447102,499.7112525378691,0.2568996152527486,0.9753685687155725,1.0843100772079157,0.8,0.09053094357631392,0.4445368238319388,0.6021970291356662,0.06449693659752614,0.01,0.12991486533846203,1.0097749763837924,0.33332339578148623
820,SSP2-4.5,2055,2.4758941152112146,-0.18800150970185858,28.442080568470594,515.7711383332773,0.32247337459574227,0.9659228105272015,1.013974139599149,1.039631463816288,0.07424354674117917,0.8809769332750342,0.8680075703997491,0.05687553984943301,0.13958262037408378,0.1528656811085098,0.9945721437429744,0.47299922268478756
821,SSP2-4.5,2055,2.4923705015294577,-0.14426212764373147,27.78808599756538,497.10893683273537,0.3198295353457274,1.0531423426330973,1.1869199536048867,1.0309176165838172,0.12323881273481913,0.6992024621173333,0.819891277681341,0.06549505624864656,0.16552808082184173,0.15194033737100457,1.0316310416894903,0.4350520238051293
822,SSP2-4.5,2055,2.4624608111527673,-0.012190277564250243,15.648178468143314,511.9608104920068,0.31292350098883887,1.2426259009361729,1.1916456929820611,1.1208867801752298,0.10381037575970042,0.8448316218473202,0.8841704960158178,0.06305809168630021,0.13578948770616747,0.1495232253460936,1.0145726330056415,0.27475016783594747
823,SSP2-4.5,2055,2.448262757466336,-0.11080546582217968,24.828371233246656,506.18482686376245,0.25235215141437806,0.7434719637383993,1.5325227668399939,0.850743820074447,0.07058098545523527,0.2814695244102818,0.4772156996884202,0.07668003716810998,0.09670066956335571,0.1283232529950323,1.002855334971174,0.37048963480341934
824,SSP2-4.5,2055,2.55258483805492,-0.0841690385546075,27.345494295922062,555.9939883250232,0.3385940076209163,1.2082217280300964,0.933462643719583,1.2160355050509788,0.12604496158831727,0.7724157335395038,0.9170807698689577,0.07180227897961598,0.05031474738544078,0.1585079026673207,1.0549023257941195,0.3951831317395073
825,SSP2-4.5,2055,1.9153185817585272,-0.08565142398303864,27.300772636376507,524.9373622986383,0.3266669671362556,1.1550216274951381,1.1379358147551712,1.2381593349491358,0.0843251539192781,0.4022663096458172,0.6695528754157498,0.0915010333226626,0.1507304682319957,0.15433343849768946,1.0569512398386915,0.3366236835161832
826,SSP2-4.5,2055,2.202524805265809,0.11429896346135435,28.20893716293642,495.91134336071883,0.34033901135582967,0.8813536175729,1.049243247494127,1.0140961506453146,0.04858672752847797,0.7377072884246259,0.7460154084716023,0.0626640436904395,0.09960090679576725,0.21626813570521755,0.9825110947864932,0.29088574447765486
827,SSP2-4.5,2055,2.833233806539796,-0.10974400618482717,24.009623805875133,523.6328765632356,0.36664537109396045,0.9598976292589321,0.966083510613782,1.1570744395557298,0.08343242386692308,0.5261172974575966,0.6932733214550006,0.080942374180121,0.20179387338089894,0.16832587988288616,1.0272521108720645,0.4370202103415735
828,SSP2-4.5,2055,2.346272685019751,-0.045072353769008144,18.286416926958378,502.2749129393007,0.29588690463709894,1.120364766844704,0.8720249377796627,1.0601494199701487,0.09860907473464274,0.7089076552140647,0.6233833847102904,0.06658381677615093,0.21295781832875427,0.14356041662298463,0.9319237606808657,0.2963144584267608
829,SSP2-4.5,2055,1.9143474338159683,0.03598184001280018,17.457134644588553,510.07709417953816,0.2631100063472017,1.1699247444009033,1.0987357747674258,1.1457925973481382,0.11454792553154709,0.5425161465125049,0.6945892878889334,0.07951494791619758,0.11468378810155155,0.1500794222279207,1.0224238967823929,0.19940455560591577
830,SSP2-4.5,2055,2.2818640616165546,0.16,31.64536573968426,525.4133442888906,0.29204350627800085,0.9421670363357466,1.0965480994362347,1.028945965471189,0.11063744007339464,0.7477599392614218,0.849300064284711,0.06296101656230063,0.08379340528906025,0.2222152271973003,1.0298587136517725,0.2954657672094404
831,SSP2-4.5,2055,2.158095760441888,-0.09492883977475355,24.624341076345754,500.90643018936714,0.28985025821577637,0.8477190348583061,0.8218436355636065,0.9422587724042895,0.10219118030206858,0.5156896183098976,0.6393491414528013,0.0698967606755053,0.08490641755502554,0.14144759037552174,1.0042611895828348,0.34333658616576146
832,SSP2-4.5,2055,2.2080742534942592,-0.08680560206521692,25.058768614989116,508.5518706394135,0.43910832803127675,1.1172572426324199,0.9145809207169268,1.2200524255076521,0.10154067371686294,0.783499427242512,0.7350990281983717,0.07146439001136337,0.03377287390144361,0.19368791481094685,0.9618658959487911,0.39083861874052567
833,SSP2-4.5,2055,2.0077132480675983,-0.1395744990860231,20.461396857792476,528.7641123910499,0.2830886800799132,1.1964107743158383,1.1233799200630536,1.3052939296252042,0.05422864855930602,0.47052771011854533,0.5971121929154477,0.09170290301235295,0.2542613213284342,0.13908103802796962,0.9986025536534654,0.3487526517285805
834,SSP2-4.5,2055,2.2357930727133777,-0.14816741164074426,23.43042282732367,498.05283486941323,0.21186846541592314,0.9187122547644373,0.941728452241374,1.0338847806429734,0.08885021922263192,0.3085780688468215,0.5338117945666522,0.08518604628458826,0.08986558881103751,0.11415396289557309,1.0215895474413084,0.3642312204638289
835,SSP2-4.5,2055,1.6733713293375028,-0.08136956370896307,25.322587449463793,550.5588199515425,0.32770481790012984,0.8614973144716839,1.107140473467316,1.0066224467233007,0.025,0.5919459517961666,0.745042859405086,0.06954968031067708,0.21923601895278327,0.15469668626504543,1.0306914459810854,0.3046534470605183
836,SSP2-4.5,2055,2.2499345005086937,-0.06100220561872834,14.115093435639466,503.2817786333055,0.279524221107903,1.1881659949775452,0.72,1.0972891642880815,0.07708910242148431,0.5720679528592506,0.7206312369336831,0.07542563428024186,0.12037443522251706,0.13783347738776605,1.0253431960493382,0.27968173190623613
837,SSP2-4.5,2055,2.468609828782134,0.04607291386767247,16.405320562640625,532.6508099958786,0.28123073220945644,1.0688095924811438,0.9285008472156765,1.1018803699820179,0.06505393457994751,0.6222954804265852,0.768467024672219,0.07316147667001015,0.09278557765883552,0.161467213207146,1.0320593571912329,0.2497024718281695
838,SSP2-4.5,2055,1.483103099505377,-0.13594033003166384,24.53171488531887,487.76512662001954,0.33004008466656426,1.0670563165042268,0.7941958499706755,1.20445686238751,0.09778724360990752,0.5282383937712836,0.6687555928691249,0.0833876805938402,0.06863311066471602,0.1555140296332975,1.01450807450592,0.3306571023452268
839,SSP2-4.5,2055,2.39026118263636,-0.165677444996993,25.58569093442475,547.9682529873063,0.258397341303382,1.09636949208272,1.0622515353036752,1.3590625428685363,0.06009604189563904,0.96,0.8904124242212181,0.07012452153907503,0.2718983344370377,0.1304390694561837,0.979191553708598,0.41546601507396724
840,SSP2-4.5,2055,2.8016835769610484,-0.2183622006375814,27.95755946411475,494.9809983731039,0.2799356749503535,1.4466474429459457,1.0633068759802353,0.9145670295345965,0.0855121614194872,0.6476961121022615,0.6990618129705352,0.0618053421390575,0.20602588528682725,0.1379774862326237,0.9895085151273986,0.5109233412306162
841,SSP2-4.5,2055,2.117665218590134,0.019763607970101613,27.003158898024786,528.1106483891651,0.32636586318264804,1.2604006443968045,1.068469776166216,1.0370355864351182,0.0743691442781265,0.5890945791299089,0.6540959664267506,0.07132987954385706,0.17852139293820518,0.16410985609897763,0.9869966294672207,0.27431545477969543
842,SSP2-4.5,2055,1.454118674293429,0.1113234361238769,26.61224612904367,527.8287889390377,0.32069431016126143,1.0985141226986914,0.8447126868490689,1.100068510601407,0.07981219207394553,0.96,0.8559529831295646,0.05617868903238345,0.054937933003943284,0.20790472661837997,0.962275100809059,0.21292208827110104
843,SSP2-4.5,2055,2.403871011903848,-0.04231830395442439,21.582256642560317,520.4691724821936,0.2698402278465118,0.7255586635574541,1.0366800344292566,1.1396275238513038,0.11507863092063925,0.7184599893384596,0.8073786879201693,0.07038579027891648,0.17385552104734237,0.13444407974627912,1.0190599849016446,0.3033604238003983
844,SSP2-4.5,2055,1.8705475162831835,-0.15429677379577184,22.93674596222359,526.2666689722386,0.2416244935622515,0.9537029870871676,1.0066097534539549,1.0098042044239428,0.0719236214462452,0.30056583018730465,0.48503342833706825,0.08429001180577014,0.11841295613937719,0.12456857274678801,1.000318434961126,0.3450199058696278
845,SSP2-4.5,2055,2.10993491224694,-0.04415373883858231,23.966905813792497,467.5433439564381,0.17101572021354444,1.3665388026249965,1.091700790077788,1.4296648317965446,0.06119904820246885,0.7617852198628585,0.8493719725467453,0.08383692225744024,0.1948435300091615,0.09985550207474056,1.0252121204014553,0.2564454038425746
846,SSP2-4.5,2055,1.8878980152446403,-0.05055493603775291,27.23290460508744,505.7324804410224,0.3878989535948334,1.133485755475164,0.9967339778782318,1.2896049124508295,0.10023772195363082,0.616278723368023,0.7408361430935253,0.08357055911741273,0.12308669730190691,0.17576463375819168,1.0205036091361506,0.324812616680372
847,SSP2-4.5,2055,2.0261688689470834,-0.07414561486530194,19.42894308005428,503.8350221694573,0.2742291250434516,1.1068227418973913,0.9017423657849288,0.9212103452238711,0.08099319646879745,0.864829233851891,0.7531188086876585,0.05130640305022927,0.14046727019818162,0.13598019376520806,0.943562601837201,0.2896560109730963
848,SSP2-4.5,2055,1.7947263538821994,-0.1600094177054005,26.30423500913515,519.4407047775355,0.2008687982581852,0.7979267814215523,0.9206765048522363,1.0187201081655617,0.10417387527283901,0.3674677431818746,0.612604076190305,0.08142500328059037,0.06540073844316009,0.11030407939036482,1.0406109507694365,0.3428949669025366
849,SSP2-4.5,2055,1.9549598829125572,-0.08955764974658319,24.149659246971044,514.5070770139773,0.2872499237646478,1.0339058534137855,0.9121538358033402,1.0646804818534865,0.08602096560119679,0.4907356328361414,0.6315732474892559,0.07773639815030374,0.10050763889134565,0.14053747331762673,1.0087740266061518,0.3184743470089403
850,SSP2-4.5,2055,1.7808061339119998,-0.14274168761003475,23.672858046726553,521.708078380536,0.31697979379241625,1.48,0.7318779658320038,1.192993037322119,0.07657719721200103,0.4274179174847412,0.4498157405210743,0.0878114215200309,0.12925432725164804,0.15094292782734567,0.9406842187099846,0.3547909432722993
851,SSP2-4.5,2055,2.195504074625308,-0.0016844157877435526,11.383875201617965,534.9254287823296,0.2924977943700418,0.9721464224236231,1.327345969085761,1.3941432359482226,0.12115148994163673,0.7221754762687406,0.7779679171257319,0.0839047081222365,0.08777471808358013,0.14237422802951463,1.003381673056376,0.21974946319222718
852,SSP2-4.5,2055,1.6539195783562166,-0.09376301716891079,20.403234188194983,509.6294616368097,0.39267889014124957,0.9997932787984478,1.10049472790276,1.1793823270560806,0.07953362627817613,0.5054118221073707,0.6379870361906522,0.08317884188995887,0.0802212446685758,0.17743761154943735,1.007023434968296,0.3151965809631379
853,SSP2-4.5,2055,2.3656635736493703,-0.09102215179230323,25.468661758164043,537.9451927791476,0.310179917375639,1.1581974944495617,1.3603690678318143,1.1889771776934952,0.09002556951229539,0.6579543166026197,0.6632672738671889,0.07606836296874953,0.09434272295417437,0.14856297108147365,0.9685122753016364,0.36808683917074075
854,SSP2-4.5,2055,2.118463058737575,-0.1270656713886751,37.36494778997468,553.6764072229241,0.28171909729410355,1.0418783995401018,0.9432883081912368,1.0610309508341949,0.08788265901601608,0.6488028267411002,0.7284964080932481,0.0696365252463247,0.11955842687122961,0.13860168405293624,1.003588783991838,0.41271372917956217
855,SSP2-4.5,2055,2.292343216370858,0.05910272347329777,27.57496154342921,511.1799133429296,0.3445779044067523,1.0200040891290543,0.9789357987346944,1.1470459569086282,0.07627161209929134,0.4661967706732876,0.5126586829272034,0.08339840529987715,0.23874501786186852,0.1901536282790122,0.9585893041722351,0.2976738725371475
856,SSP2-4.5,2055,2.018516059281613,0.03348430936130291,28.773478019610597,525.9200261679766,0.20699732017548111,1.010565127476804,1.1347361233858337,1.0930889964884605,0.1432960264075856,0.6258380359941838,0.7716064174266624,0.07251096724197714,0.1445853766891003,0.12919121674206985,1.0324179441757575,0.23394284142339167
857,SSP2-4.5,2055,2.19138446493795,-0.09220957878833184,20.141846657640134,522.0703856543518,0.33936926663050976,0.8774566080100328,1.2779703031789338,1.0627753496610688,0.0618838098014398,0.6368263448778518,0.7253304032576087,0.07032927850708803,0.14200387414445784,0.15877924332067841,1.0060325308363285,0.34274346694188856
858,SSP2-4.5,2055,2.2990400460396248,-0.04596960414571577,28.25107777568711,512.9906624806708,0.3677767390596463,1.2031668762160788,0.8951311587530539,0.9349091063192362,0.06826434530596764,0.7845279669156437,0.8537639626225029,0.05605909199448437,0.15571346274331324,0.16872185867087622,1.0197762457861155,0.3544364024084558
859,SSP2-4.5,2055,1.9771243683783881,-0.09593756439370922,27.14408934398107,526.5381657287899,0.26002470524577803,1.0765309838059345,1.1830757274663062,1.0022509124858239,0.08704783915335641,0.8426146074110382,0.9135013619476201,0.0567808572248386,0.17321700709951976,0.1310086468360223,1.0297115014639833,0.328402497123837
860,SSP2-4.5,2055,2.7311203625084772,-0.06283045589901314,30.458875667042687,499.8739457748499,0.39112579354582977,0.872085256301188,0.9536300329282863,0.9799450978197154,0.08066503276316782,0.5636587670708288,0.7527846565779082,0.069527566913674,0.10609539529864487,0.1768940277410404,1.0439347411669655,0.42215232083715204
861,SSP2-4.5,2055,2.2428590459322564,-0.10850992743577004,32.17848025195046,506.24894442257994,0.2888184533454931,0.9326670714219949,1.162613083021884,0.9444069526980429,0.07824728216349537,0.5542871571388089,0.6909298972856504,0.06808255498064648,0.13468919207633268,0.1410864586709226,1.0166980913026187,0.3906593399426674
862,SSP2-4.5,2055,2.9544397528040722,-0.05841797677866321,28.90044468328431,517.6985402817958,0.4202302923385826,1.085249702420999,0.8369946505166497,0.9744721917374888,0.07750956407183987,0.4755678514060721,0.5066553375880272,0.0736374177540227,0.1773694135861349,0.1870806023185039,0.9525139702374773,0.4414535438291254
863,SSP2-4.5,2055,2.0981331631647193,-0.09822060235995127,26.78687415951661,509.8167061272157,0.2906391690677133,1.277892504629836,0.9079721074603987,0.8914442730879806,0.09902943236815974,0.6246904377283067,0.7799306632878723,0.06171055435678362,0.24379314456803777,0.14172370917369964,1.0368874813105606,0.34937264451633115
864,SSP2-4.5,2055,1.8164815346885523,0.10120674598795226,28.03734450562115,485.7072579582191,0.29899187836138336,0.7859378121197693,0.72,1.1556002658429425,0.10065524893879665,0.22,0.45197724434775277,0.09616886046846615,0.19993685324950045,0.1952505304204603,1.010985192679806,0.24310920170632183
865,SSP2-4.5,2055,2.1521706944296435,-0.0522094368744629,25.18325610327817,518.9996033716026,0.2339581853261699,1.1273737564577637,1.0453346412551294,1.1306684538933227,0.08681220868397722,0.6557481274211607,0.6910831314731793,0.0730389719155055,0.14572089160978074,0.12188536486415946,0.9829037987331515,0.29175743039665236
866,SSP2-4.5,2055,1.8554959561793818,-0.16285154356259565,21.11512252176496,536.943852745043,0.3466913984869614,1.1997982981974438,1.2580189763541194,1.1335977606560297,0.09974733137451569,0.5077083202381947,0.6445646250834581,0.08059869417726111,0.20981007500298451,0.1613419894704365,1.0094858203214567,0.377634304848349
867,SSP2-4.5,2055,1.8826389156150602,-0.14078802972185633,22.67767758394285,549.6488016023833,0.3242877804574052,1.378603104902724,1.1136030940342407,0.853327130225166,0.10279137110680009,0.6767484650914273,0.749889548765878,0.05705519144986066,0.15805372653806274,0.1535007231600918,1.0047621090472745,0.3606222148285457
868,SSP2-4.5,2055,1.768912257805205,-0.048482916240324386,26.860295423150706,552.3247460949448,0.21707634458728964,0.9088431050361309,1.1106608112136007,1.0385408310416524,0.09417780996233202,0.6174476822429285,0.6996557294279284,0.06999327602086562,0.010168546651041804,0.11597672060555136,0.9998975499740709,0.2561578139994737
869,SSP2-4.5,2055,1.971121377642528,0.01285230330697422,29.257156576935824,499.30963347995345,0.2776711788914014,1.1942468839975373,1.0652054323390303,1.0547535252991451,0.07139900901671128,0.8044963802255273,0.7776823807404334,0.061513832350985294,0.12435960483124461,0.1436110642654776,0.975761286164564,0.2544541278641498
870,SSP2-4.5,2055,1.9282590377781152,0.002428141947576283,19.991322661023933,547.5558765124957,0.3095931306517138,1.3190187747925064,1.0836879047153964,1.1602961524983404,0.07315281593793431,0.5785463300853221,0.7144200492661231,0.07849439939949068,0.18402814499591147,0.14957166670188796,1.0201314674512512,0.23159890197403393
871,SSP2-4.5,2055,2.755529074740025,-0.21197731540563947,23.525679065883402,518.8033981191554,0.3336693996896496,1.0287185220611448,1.2415968843669238,1.0345531903070069,0.09184426149211568,0.43793386308547877,0.502688282615625,0.07875424786225721,0.18121008744868627,0.15678428989137735,0.9631294164431361,0.5019144472610003
872,SSP2-4.5,2055,2.3759436258826376,-0.059427809472446594,31.533559912490436,533.0746797090504,0.30887625762839443,1.0049485847112176,1.2744735245378933,0.9100502989642746,0.05880612425199952,0.5038047013677045,0.670420849103003,0.06875670410661416,0.11237924661570489,0.14810669016993805,1.0234819747030914,0.36587346955584427
873,SSP2-4.5,2055,2.16581975557018,-0.03626729275699578,29.16956209433862,527.3185363596275,0.35231471433495065,0.9468492604982525,1.2106596595836376,1.057421593448358,0.10969352323754043,0.596054609522147,0.7242710337365202,0.07207958609418885,0.21683151025382214,0.16331015001723273,1.0191228232738079,0.3333343702852902
874,SSP2-4.5,2055,2.289861787412537,-0.015606952462732124,33.45550852234882,543.368006661977,0.3697496260810563,0.7586489830641854,0.857789565698065,1.1278969218121664,0.08480521845137587,0.34451363308583416,0.5176577951486995,0.08845146028944033,0.15258643554900334,0.1694123691283697,1.0016634575556176,0.34928222459999253
875,SSP2-4.5,2055,2.3533809874010307,-0.20092576277634805,27.46024940892437,518.0513087080353,0.2709566984376884,0.72,1.375351547026969,1.0852934056537737,0.07874779085594166,0.7516383631594334,0.7307116126252676,0.06580118830030846,0.13134870928559972,0.13483484445319094,0.9703478762413641,0.45252827021113623
876,SSP2-4.5,2055,2.1227110711691792,-0.15363978057521,22.35534832199664,554.3091719340044,0.23665356457314082,1.0407404075302908,1.0553896900393942,1.2215064887310743,0.07787341887193003,0.22634994862601754,0.3783487233159714,0.0994001596542185,0.17787744294922592,0.12282874760059928,0.9727205540501371,0.3627034934312279
877,SSP2-4.5,2055,2.382540069614051,0.029850507667124132,28.5156796971284,526.9392099829331,0.21546537466416366,1.2367612251249522,1.2147294972570555,1.1825799145479288,0.0593944130454879,0.7400990175301629,0.7796368379083736,0.07161665990684186,0.07166738114368552,0.13033813496601934,0.9982177574849508,0.26753504079815327
878,SSP2-4.5,2055,1.7135915569087252,0.0730309280437291,26.650828956761742,504.27676838812613,0.29682347756068167,0.9690367542920019,1.0423857174885856,1.0190826755411313,0.07153001220781742,0.6204805180630836,0.670110585102943,0.06879388739521441,0.15773663811581395,0.18040368116810315,0.9843811542934772,0.22807409241033064
879,SSP2-4.5,2055,2.430743093855972,0.025938367342807384,29.00230478221946,528.8983286309203,0.2307334765849719,1.2104608890018869,0.9826213873570162,1.0861999109438727,0.08025071711512627,0.8094069455584318,0.8239477117338653,0.06296157100367154,0.19113629310304597,0.13372590047614386,0.9968341217520281,0.27854963452998194
880,SSP2-4.5,2055,2.2006244921947986,-0.182634703146623,18.58304825114407,524.0359341783821,0.14,0.9841366474038964,0.827672317949792,1.0530269657726576,0.11994788480909888,0.7270541541316364,0.7041143651580071,0.06529297506579206,0.1515098259560013,0.089,0.9654977016256244,0.35093748010848314
881,SSP2-4.5,2055,2.2760074804173964,-0.11399225911349148,20.678315226571407,479.3596138602598,0.23531401005841115,1.2573950862578211,1.2021289670908655,0.9544657187201923,0.0464212529581892,0.34797207202991676,0.5524817262253041,0.0789399350988222,0.18598080835157832,0.1223599035204439,1.0176043521020717,0.3365837875634619
882,SSP2-4.5,2055,2.4394728977960574,-0.07197068379397277,14.648277731257043,465.566072956467,0.3518761232665394,1.162117736252343,1.0194494297190233,1.192775345106637,0.09442138660927064,0.6028128909282171,0.6908765553421192,0.07902995095933113,0.19234452610026823,0.1631566431432888,1.000473133032639,0.33068923815477136
883,SSP2-4.5,2055,1.8606680146005126,-0.07124220145706968,20.89816995610541,503.5474648927619,0.3031329774828827,0.9213491458162579,1.1901630762676074,1.2418307372294108,0.05184941794100903,0.6341618611772548,0.6553892762904119,0.08010394663810554,0.10870818132464921,0.14609654211900894,0.9725872488841222,0.2877583358493352
884,SSP2-4.5,2055,2.052434774738695,0.06316638005364053,20.802976406685364,516.9672011347476,0.37751166999776414,1.0881306526658276,0.8645047450749221,1.1222042837844286,0.08645384806331086,0.666997044406624,0.7669438567400182,0.07202076306036881,0.13117320801132581,0.2037122745260377,1.0163894253940886,0.2612595825664885
885,SSP2-4.5,2055,1.7602185063423101,-0.13007785488065354,27.672994758247686,500.31536106400927,0.29172552295677473,0.72,1.029868309715874,0.9717194546966658,0.09729507443136332,0.6363610807408078,0.7085087237465082,0.06544953198508775,0.10529370127374221,0.14210393303487115,0.9979299290682634,0.3497990893605566
886,SSP2-4.5,2055,2.17590384599018,-0.121410605315069,36.066585615682115,484.9643583760469,0.23210512073756695,1.2395661763339214,1.1398941965623046,1.1761812219795822,0.042166697757331145,0.5839627656863561,0.6297209717486871,0.07907892751458277,0.18528146636239676,0.12123679225814843,0.9767438156220556,0.39208447559009696
887,SSP2-4.5,2055,2.2712474814603363,0.008256250955450822,25.64099949156741,518.6047048382513,0.26376600855582544,0.9143592148808404,0.9986678934512081,1.136667960274186,0.06199131164020766,0.4408126115536184,0.6491240020450935,0.08410879805246756,0.1767652349423254,0.1364462284722643,1.034055063765329,0.2637573552730169
888,SSP2-4.5,2055,2.0392945847271724,0.009157894296735095,27.8348052499906,504.5148560146656,0.361023500941252,1.0745284983618457,1.4109679282669858,1.2104553431934582,0.0800003734031863,0.4647993160756843,0.5253401271023159,0.08688262959894046,0.12070425389189134,0.17093717247780574,0.9652812361565993,0.28253004609432963
889,SSP2-4.5,2055,2.3979232314411885,-0.10748837414097107,24.696790605359645,489.4560970381452,0.294699307857342,1.17443947464268,0.9714032487351407,1.2588642194855162,0.10343446029683043,0.9051552808358283,0.9239589676109956,0.06747146316127484,0.10071825569804871,0.14314475775006968,1.0139680212609286,0.3765074974233141
890,SSP2-4.5,2055,2.630307646527474,-0.006648088381648952,22.088375604257973,488.89141328652545,0.2492209214810442,1.0354412360006546,0.818458549368188,1.0952464342350872,0.05348004411402228,0.6292236444435174,0.616968429095887,0.07245785654432882,0.14298936876794646,0.12722732251836547,0.9553745722473812,0.2890933799227915
891,SSP2-4.5,2055,2.064918514531294,0.013667711091867013,24.753462272636135,506.77488041125054,0.2437692255529276,1.0720100785066247,0.7972183349233612,1.2852538627083672,0.06438346086467463,0.49957803861377237,0.6056084775959477,0.08917130606130039,0.16011832338908347,0.13215308448945817,0.9930759292025768,0.23440336219138053
892,SSP2-4.5,2055,2.7175710141481106,-0.07345302170346561,24.137086054081102,502.77750685324116,0.34139143798191524,1.1390178418109198,0.8812643128940276,1.263107415518099,0.08758405093966817,0.6040113482066969,0.6927727217344163,0.08275713957910125,0.1038045108338268,0.15948700329367033,1.001003911522805,0.38935683228503637
893,SSP2-4.5,2055,1.726233928722575,-0.145162733171185,25.714136173172598,509.4769950966628,0.30460316379578706,1.1306133502776337,1.0322730391989567,0.982956772447026,0.08902903566788967,0.9380319827431869,0.8797783822628334,0.05097107322537281,0.12591106963510199,0.14661110732852548,0.981304529416938,0.35586828597291925
894,SSP2-4.5,2055,2.361252784716188,-0.12565621529904147,26.938434055635398,510.69401324209826,0.27337104897987075,1.0898315857926357,1.052872539360864,0.9257129448533378,0.09840374908869526,0.5390352158322869,0.6353853892186494,0.06783855162356536,0.1569005109159767,0.13567986714295477,0.9945221626585954,0.39000220694593885
895,SSP2-4.5,2055,1.9644732178374287,-0.15040386140297815,25.1226366603658,501.5678165166979,0.30495236400346604,1.0283996958094614,1.2193406367824193,1.0721567579942872,0.10132494882211063,0.5657236789055777,0.6252283196406146,0.0743895645621058,0.17546650013539317,0.14673332740121312,0.9806268706470943,0.37886809412228456
896,SSP2-4.5,2055,1.9021495855964863,-0.2360148934431491,19.637002016182826,529.5268614759474,0.259533223153102,1.1442927069890994,1.169372013755992,1.1097207262670683,0.08532323900359655,0.5692554429328949,0.6509567412966916,0.07623565157542816,0.23116254154267596,0.1308366281035857,0.9920782196865949,0.40816804861431233
897,SSP2-4.5,2055,2.136409237159899,-0.04784794946873104,27.065240286516413,516.3401658946617,0.34219894532134676,1.0517197876956548,0.8316248336152615,1.0276554228236228,0.09289387612848954,0.450386529146391,0.5597572235005606,0.07776019631010629,0.10246911275688002,0.15976963086247137,0.9869881519888617,0.3289412646246431
898,SSP2-4.5,2055,2.564630284884841,0.08991903573868709,22.189830188424914,506.9562431766668,0.2685333227066707,0.8237832178025892,1.1192760957667482,1.0225944362788781,0.04336576436311829,0.37542738507941464,0.5154985188974941,0.08123563885335348,0.16825894430006505,0.1789461808166783,0.9902838767304416,0.2762564371331948
899,SSP2-4.5,2055,1.1986749288433316,0.08138995481478159,21.654891388405265,532.2917803856989,0.3429990610577794,1.0502572324239203,1.2875067995483322,1.066111285952833,0.081255797862771,0.6060605820209025,0.7248557280051966,0.07204719398872281,0.11525830509425153,0.20074464877761358,1.0160696794588462,0.17869909247612276
900,SSP2-4.5,2055,2.512353207976795,-0.0034999745068602164,19.019646416029104,488.08827170400883,0.22145225274054448,0.9006856979949003,1.2987252161434206,1.1143809033821193,0.10803360595060005,0.575542586869319,0.5847274507116967,0.07617222699249432,0.23576687189726261,0.11750828845919056,0.9574668958962748,0.2554193625344424
901,SSP2-4.5,2055,1.5915010566623544,-0.031603503284832184,22.818350325237546,513.3469868575048,0.29341754271593373,0.9799862854978539,0.9466278160921318,1.0897724757218201,0.056792093181202125,0.6856039333956409,0.7383320959562584,0.06934409048446982,0.07843933920011974,0.1426961399505768,0.9961323340668183,0.23581389113774676
902,SSP2-4.5,2055,1.5275430944096857,0.023986567287557645,23.75438470102902,495.5067865949441,0.32940088360946235,1.0084922333217596,1.1324127213401365,1.0553516012339803,0.11646088413131425,0.38102313685116235,0.6972838842096231,0.08271969860850235,0.2105876761740927,0.16728359290709063,1.077656001474045,0.21116352238820504
903,SSP2-4.5,2055,1.8345393497150861,-0.1317105445032683,19.384000752027045,560.54987359651,0.26528311059819704,1.0132745457111625,1.2285487729938642,0.8,0.09321346031312544,0.664654135863518,0.7699052742710952,0.05083661520929389,0.1934812976436194,0.13284908870936896,1.0186253176520979,0.3172361744641582
904,SSP2-4.5,2055,2.1571968413181772,-0.10098072904182775,23.90229221806137,514.0375674640308,0.30725542475887074,0.9723836146185069,1.232588944150436,0.9579382381377844,0.0724748030194195,0.47114957648433237,0.5774620544333289,0.07296804169089485,0.19706139129010022,0.14753939866560475,0.9887485317354098,0.3510792984098251
905,SSP2-4.5,2055,2.102421967564806,0.03171840398023609,16.18627894959308,521.1955756419336,0.19523620681479778,1.1121336814334257,0.950147246470397,1.144373954486302,0.1174671261755474,0.754478968811838,0.8639502305859654,0.06884041833943974,0.26091736291147066,0.12419187437529727,1.0348076792442857,0.1890783967470148
906,SSP2-4.5,2055,2.5205186196976146,-0.000374672499950629,21.209470770735866,527.0248755160569,0.3364474385823511,1.1817486330546534,1.1988273871967607,1.1038713914399252,0.11884940300482368,0.5230191016651843,0.6844209138092181,0.07823250445581367,0.22059048317532662,0.15775660350382287,1.0239406175686565,0.29907768054022604
907,SSP2-4.5,2055,2.0817899777282145,-0.16760842164323247,26.050967987533085,529.8384654808052,0.43248954842972276,0.8900241915716672,1.1415837027032876,1.105742765366191,0.06688455043299765,0.8258609472537974,0.9212916003333194,0.0631911784647204,0.1463113227840259,0.19137134195040295,1.039128476680362,0.44801330432582126
908,SSP2-4.5,2055,1.9828650947916493,-0.008302973052109086,17.0288249612072,490.42067571110425,0.3619690001437356,0.9379307705473964,1.3225383025046864,0.8838826611976397,0.07463114115538201,0.3538606051579945,0.53228278770913,0.07484488226812702,0.05848967613234364,0.16668915005030746,1.0057228101353768,0.2507155406352364
909,SSP2-4.5,2055,2.3111523516408803,-0.11597238902896159,21.53787160952534,543.2597269307206,0.373754254025939,1.2950969626653817,1.1568786550941863,1.3639220363380427,0.1087418990314412,0.651047212680611,0.6709293626267415,0.08583382593801789,0.1724470877098911,0.17081398890907865,0.9745793812019273,0.3892537883236375
910,SSP2-4.5,2055,2.0355868222994404,-0.06604490860242604,23.358405493976964,482.0743662894899,0.32871585502602074,1.1512784538362955,0.804184416541843,1.2537592474277308,0.08268475016847625,0.7593645976224691,0.7753462872179843,0.07448611421113897,0.22420426843700775,0.15505054925910725,0.9896802862279462,0.3164985935150146
911,SSP2-4.5,2055,1.9555531910632504,0.04055365479254702,19.177826300248718,490.853683388881,0.2530884081792075,0.8853885704569022,1.081136841942901,1.1882623209187326,0.04831810838548915,0.7255184313979378,0.714748988786055,0.0726516649411118,0.17146932561956052,0.14885777025899613,0.97123098721377,0.20639533059193638
912,SSP2-4.5,2055,1.691969423778238,0.05042138092119022,33.03592635191754,510.552702575839,0.3830837433073394,1.000900820273292,0.9724199469381574,1.0490774485304486,0.06748085023865187,0.96,0.9190527672509499,0.05343301645933184,0.04664917526862693,0.1992900006181639,0.9932513584686481,0.27856611484219956
913,SSP2-4.5,2055,2.088556277801706,-0.08844937388945188,29.765995925188726,515.4113328850444,0.28226247866719456,1.0594763917546974,1.2967516722684318,1.172690141573733,0.073057473961771,0.7353518562824579,0.7926831301458445,0.07132149173215503,0.1110048433040988,0.1387918675335181,1.0062069896834887,0.3492437754560233
914,SSP2-4.5,2055,2.318288852496815,-0.10205210226368333,27.42865829686978,515.9690370396108,0.3500339212134811,0.850614038086328,1.0050617573186784,1.435295865469998,0.10707097126181267,0.5122399660759079,0.5774712509878268,0.09661739445228142,0.16471554608852246,0.16251187242471837,0.9750363272639573,0.39341961818944465
915,SSP2-4.5,2055,2.2540337194092284,-0.019965291452224032,24.243117743862605,535.405416676711,0.22624811358922367,1.228476308738134,0.9940968291167204,1.1156918952749768,0.11134150061388437,0.6692094831998174,0.8400216025027255,0.07155947404712326,0.04763618359861069,0.11918683975622829,1.051525402836817,0.2680134062878071
916,SSP2-4.5,2055,2.147837264682844,-0.04986101727972223,33.98755310595051,504.8315625310885,0.27543501807764026,1.1597581898917382,0.9362748544260653,1.228262557114147,0.11819700451327692,0.800365512708282,0.9614009946494516,0.07106316974765535,0.1130516865222229,0.1364022563271741,1.067329382585657,0.33668656693409915
917,SSP2-4.5,2055,2.1330119318082676,-0.09989165058123045,26.440487160966406,534.3603619652826,0.3081789320056625,0.8358761710641889,0.8879022336357794,0.9954783061660271,0.09632526670173275,0.5167905600277504,0.5247029581164092,0.07270738079216778,0.13017384035564367,0.14786262620198187,0.9476128215824282,0.3581264244891103
918,SSP2-4.5,2055,1.7847677957956354,0.001241075299561016,24.278460139470315,558.738278358612,0.33431598486364916,1.0925806548646346,0.9187815601550028,1.1654429477549122,0.06851452126245461,0.32442768506074415,0.5456538433151175,0.0914774667799196,0.07338456110005473,0.15763113235205772,1.0221120267598711,0.24448510716256394
919,SSP2-4.5,2055,1.9224741323075547,-0.00873806769296804,18.884577226499975,534.2207717042003,0.35781796327034143,1.1188706208607182,0.9011473278492736,1.172079025409394,0.09251368146260273,0.48748156365927253,0.6327596262061591,0.08368210010831144,0.15299536500941702,0.1652362871446195,1.0104426981596737,0.2515881092114833
920,SSP2-4.5,2055,1.9478318044734426,-0.0540934415649571,25.557705905020747,540.5231537262782,0.18848885195863238,1.0316759882207367,0.9051680074059032,1.119243896681027,0.07391998298318025,0.791193202534975,0.8411478775377929,0.0656515496945373,0.19872584810827487,0.10597109818552133,1.011357918090514,0.26220197545241913
921,SSP2-4.5,2055,2.0193286761301206,0.01692145501673195,23.053226281502216,478.1136718428186,0.24521216466441836,1.2698167377884952,1.1713855607632104,1.0732988927787048,0.10504825119720357,0.7429368472037412,0.8109717257741513,0.06559040571251243,0.14833902269407898,0.1342849851409124,1.0126530196589345,0.2243403463641221
922,SSP2-4.5,2055,2.3045304865997642,-0.013661380365763476,24.904424310988553,499.0557438871719,0.3484535160342122,1.0175538862770146,0.7552526765315182,1.0167307558324412,0.11605555021611795,0.5466699902236165,0.5791811855024548,0.07235777195671984,0.04025734124511458,0.16195873061197427,0.9643823816011033,0.3092050015876669
923,SSP2-4.5,2055,2.482969409205374,-0.1114826188155179,34.3086105905645,524.7237319744985,0.35443643552105886,0.9909873173204454,1.1158549376566975,1.177092998650244,0.06940023537558117,0.6002662080696792,0.7558931718681429,0.0783128510622984,0.1801048206607519,0.16405275243237058,1.033240510186919,0.4434769955314323
924,SSP2-4.5,2055,1.5047797941362362,-0.10560293527814466,32.35470830497966,517.5209589911004,0.32262368121202917,1.2169153384556215,1.263086687773677,1.202613503013601,0.06902779746024486,0.43128195903306527,0.6665562582490044,0.08813624451830987,0.1473816640474248,0.1529182884242102,1.045794221906837,0.3352661242879119
925,SSP2-4.5,2055,2.391617809755243,-0.16137058692311568,23.847267363944468,492.61569264380273,0.2074157125303,1.2835529497457316,0.72,0.9405838190091956,0.08058201375053022,0.4136855136284612,0.5389161531954435,0.07490677611137977,0.2002386712284811,0.11259549938560501,0.9890085473828805,0.3889059644478938
926,SSP2-4.5,2055,2.6960849013303996,-0.022809158955251867,25.863783655081132,544.7370922148968,0.2869410123553494,1.0557627697387635,1.1505900774978148,1.3299914683558982,0.05217909588866234,0.8196766416818227,0.829876037837009,0.07557532390430338,0.14363493665175833,0.14042935432437229,0.9963161796421995,0.33484657810626417
927,SSP2-4.5,2055,2.214855276103697,0.09236545324177381,21.74563556873973,496.17601406124567,0.23870373201577785,0.9246175517455549,1.0760235398025033,1.2360435851678044,0.08931924117448571,0.47945584776516914,0.7041042120487441,0.08752763142846946,0.11767206671183367,0.16972903282640914,1.0481455338245016,0.23432023440993624
928,SSP2-4.5,2055,2.546645814130981,-0.09784681816965098,29.369177747755487,541.5753482627948,0.28595922592817485,1.220521664050508,1.0018822252557817,1.1510488600090256,0.08995456490069682,0.22,0.4241707197979807,0.09592378476971677,0.1837295331938168,0.1400857290748612,0.9973347169917359,0.39673195700208547
929,SSP2-4.5,2055,1.8802578919652941,-0.05348824051515092,25.945407535918775,492.99124250793517,0.24763265351454808,1.0452276793143565,1.0778530345101325,0.897122843077825,0.06661549232394184,0.47803314187978424,0.5594155865029359,0.06934918830250905,0.13977402987666007,0.12667142873009182,0.9775914972848442,0.27636066302544704
930,SSP2-4.5,2055,1.6843878654458642,-0.07583463500504918,26.121091899020975,518.1191239872796,0.3801766446033495,1.140140457052052,1.2245616069263323,0.9852324218043204,0.05590012707361326,0.44621624819574746,0.6068800004680055,0.07568439491813757,0.05553251462471674,0.1730618256111723,1.0115132671956768,0.3210567840608574
931,SSP2-4.5,2055,1.9841160406131206,-0.1564445932271551,26.536137163485613,537.6932823857504,0.31144756614101077,0.8072940367902035,1.0598730254324134,1.1244230948051415,0.07685156566763843,0.7298790393901229,0.7272338095467822,0.06899613775077071,0.12865784061196106,0.14900664814935377,0.9759042489920083,0.39309332833354715
932,SSP2-4.5,2055,2.296329646819449,-0.06773641189950634,13.151015645406641,501.17972859032267,0.2671017705409271,1.1287106113815446,0.8465549783108761,0.9630089593971408,0.07812225584611565,0.3767556071142628,0.6269926655511123,0.07796077899644059,0.1416141696706785,0.1334856196893245,1.0445739822411304,0.2815718905262637
933,SSP2-4.5,2055,2.178744674037744,-0.04121594346158817,31.01214766237104,539.5585755210574,0.20436859118378825,0.9642080927073621,0.72,1.0676381258944685,0.08804376004949804,0.5518505643837317,0.7781139477360988,0.07483990932897709,0.1338218308886505,0.11152900691432588,1.0603109132143518,0.2979029717691257
934,SSP2-4.5,2055,2.2332458818255945,-0.20562991243907,22.721964104995507,519.8241092728331,0.31614406938561024,1.0647627270185824,0.7760130112765264,1.0089512649428756,0.06334121705131675,0.49555760611268695,0.6930769051775062,0.07449449549898202,0.2907241358809389,0.15065042428496359,1.0373570689375224,0.44224285110552314
935,SSP2-4.5,2055,2.1713526349175885,-0.12258371188196629,29.418961596280443,494.48962646033453,0.22465344287685918,1.1664177784911498,1.130487195077298,1.1526129008353223,0.0857593930371188,0.23222645347006954,0.42766442492310114,0.09539667967916772,0.2253361953500725,0.1186287050069007,0.9949683961311501,0.3646807806403718
936,SSP2-4.5,2055,2.255829172761083,-0.08257853813034519,17.924828005607985,505.3097661964137,0.30271663342455946,1.1716404172490542,1.1045011648086334,0.9478246325746363,0.10753754162516982,0.5709888352604394,0.6704107691608174,0.0674314999909969,0.18916644766872368,0.1459508216985958,1.0010497409447345,0.3201005087467151
937,SSP2-4.5,2055,1.7126420160029423,-0.1368455979527778,28.353510407210017,493.22567859994723,0.21283991349444603,0.8976796451431162,0.959724504839535,0.9934034101139281,0.09935324185861517,0.3409676532021573,0.49588999771794695,0.08138680096141132,0.06759445274179962,0.11449396972305612,0.9921611604653265,0.3283799790133478
938,SSP2-4.5,2055,1.8270535106460897,0.06850872601149802,29.924522765681758,447.77542562993443,0.22293941514150545,0.7624919748703359,0.9264694779375648,1.1108330020090005,0.11185015238915655,0.6391538679689848,0.6680357939383523,0.07280062209434308,0.12346021397065515,0.15228315830527592,0.9771291167349991,0.22675957487434284
939,SSP2-4.5,2055,2.3741160756713398,-0.07958699171622471,24.425123606296577,491.7900174543777,0.33277121878892724,0.950385056591988,1.0702298644359132,1.0426633174683404,0.08512563509927824,0.6299615732940725,0.6802777927989069,0.06958956150666855,0.12127532730841724,0.15646992657612452,0.9862073803616603,0.3626831507552933
940,SSP2-4.5,2055,2.582857340077504,-0.11809954538647692,26.1858180826249,516.2587410483716,0.27883514193710696,0.8566810176406184,1.1762023971671436,1.1954462464492748,0.08387224288674791,0.28257367122064647,0.36884765162752325,0.09518572970931324,0.12734468641230504,0.13759229967798742,0.9492878907333101,0.40203739942415495
941,SSP2-4.5,2055,2.8742084732461297,-0.0373418643424112,24.460176765615863,507.13042329356404,0.36400763781657103,1.0863655549742401,1.071178239499637,1.162926903423833,0.12996756468553994,0.6425430048403504,0.6806929951257497,0.07543622148080426,0.1325813450525409,0.16740267323579985,0.9822112963550256,0.3818622146930072
942,SSP2-4.5,2055,2.0115145073596365,-0.055260266135536286,23.164320085479687,513.9577795052268,0.4104713480865207,1.1931868282086047,0.8680896138396179,0.814239552036307,0.08836701683752261,0.36542647875294726,0.498632138222171,0.07051657501815377,0.1642759386132353,0.18366497183028224,0.9853425014926274,0.3311370530474927
943,SSP2-4.5,2055,1.40425441227806,0.053396168963364396,19.229199870768056,536.395875881302,0.3308621805940683,1.2640232070241924,0.9491605131935862,0.9619789985531028,0.07544372045941579,0.5777762748461484,0.7568202613602139,0.06785428617978272,0.08177689492530955,0.18249984768960612,1.0412031754645543,0.183442591786289
944,SSP2-4.5,2055,1.7587216837334212,-0.19202788389195713,24.37036662837408,520.0576703029099,0.23972920950358267,1.1036365547964833,1.0861983517280709,1.1315246830142365,0.0756908790152165,0.6806189189884436,0.8001648910415913,0.07184153698211364,0.17072031527047876,0.12390522332625392,1.0281507037362752,0.3712103681088955
945,SSP2-4.5,2055,2.659271109020386,-0.17150623661214792,27.7031162104529,511.7367035701059,0.2783537375964894,1.0801692250033728,0.7834964306931865,1.2681206277711028,0.0701706243095191,0.7054455899683326,0.7913410630719585,0.07795536968925813,0.18771493268850967,0.13742380815877128,1.0155314122022598,0.4583860555233612
946,SSP2-4.5,2055,2.1410173629969957,-0.10269435352239714,25.23129413059895,535.8692537488868,0.2374978848933277,1.1844164995656785,1.3372102515243351,1.09454706069122,0.06078367104767707,0.7000770187606997,0.7838522612750163,0.0688775292530307,0.2030317739170514,0.12312425971266469,1.0136472179996179,0.33368392781995154
947,SSP2-4.5,2055,2.446911120143849,-0.2550069282291041,35.38871028953206,546.7963674721202,0.2964021232880159,1.2257630163700566,0.7620499656979788,1.0806980563761415,0.0975523841936544,0.673199742758741,0.8109998022216343,0.06947567743616288,0.09567401020671118,0.14374074315080557,1.0359463160533389,0.5439518690736421
948,SSP2-4.5,2055,1.8129495031400535,-0.03994057143325003,22.117897756751958,486.5862638213326,0.35718660552093173,1.3937008927400405,1.2363178406538633,1.274315800852792,0.07595496409065856,0.5974772348826103,0.578340208321608,0.08368737368640443,0.11106445026427357,0.1650153119323261,0.9470091562225217,0.2799330681132921
949,SSP2-4.5,2055,2.1440323934583088,-0.056119745619665304,31.966769653542755,509.13837355224086,0.30679743285521477,1.0156253977893817,1.1679094251003157,0.9917302739403515,0.09541287530448116,0.2994410046473049,0.45013805006750174,0.083373041441346,0.15532586898809325,0.14737910149932518,0.9835634637545096,0.34385255151518457
950,SSP2-4.5,2055,3.074802017688953,0.005507979197609245,23.101293406248647,510.8620570452745,0.2642372015807158,1.48,0.8134701620966285,0.9531602091217525,0.07224997485451415,0.45754555717661405,0.5903213883028692,0.07339096417080211,0.20651434472967156,0.13523701015205514,0.9996025646257242,0.32671555723894125
951,SSP2-4.5,2055,1.9928003855772027,-0.07753522595611811,23.373857391792658,530.7833756471749,0.28939285589667074,1.1147302058331185,1.247470289923596,1.3211130297523432,0.07923788871317355,0.5194540402729657,0.5510910799106815,0.09010838420378557,0.08660650147520621,0.14128749956383477,0.9596778723304864,0.30959198654048625
952,SSP2-4.5,2055,1.744281297186319,-0.23045293448634852,18.672613552701534,523.0538743844825,0.37220484002313914,1.2323499742674457,1.0442494982418042,1.3426045134482532,0.08961235828528927,0.8351533674855158,0.8325879646414469,0.07548065158063015,0.17004739809867597,0.1702716940080987,0.9924810766960908,0.4224106330537666
953,SSP2-4.5,2055,2.5016697797738,-0.12894256888472927,23.60000967060734,514.8243484752218,0.18095396570823935,1.2519344940289625,1.2511217696091796,0.9685683036127717,0.10434567631638392,0.6754990951659612,0.7739771537798368,0.06332295389777426,0.13737948731996769,0.10333388799788376,1.0170039957237917,0.3623430467144952
954,SSP2-4.5,2055,2.3383731391218756,-0.15223156469151167,28.89099501808613,507.5219213109726,0.29450200722445197,1.3046601580946595,1.14759715991087,0.8329576081970594,0.06370261551590185,0.49615355410785494,0.6213025582878038,0.06498811658214122,0.06331416193617032,0.1430757025285582,1.0019234512790998,0.42421210780805213
955,SSP2-4.5,2055,2.069494410216742,0.01639315767790371,15.2038875820827,544.1109321849027,0.3251474851352033,1.0445106129708315,1.0162934965283603,1.1260932791112763,0.10915803993900113,0.6902137953207179,0.7663050000359513,0.07106933295534051,0.14444265426452874,0.16199819863627302,1.0083256312524054,0.2243256711168052
956,SSP2-4.5,2055,1.933471580034667,-0.06884291088309216,17.73932247213765,525.7728007269567,0.3178066564168097,0.8166908684238452,0.8901481180736162,0.866323472446198,0.10574002733234984,0.5606588636839038,0.6491869970713976,0.06355947456290777,0.20377674031604462,0.15123232974588338,0.9940791306125684,0.2847367928873032
957,SSP2-4.5,2055,2.0470226563999745,-0.2453523819930823,25.021216914692122,487.3228990704094,0.24815909316410942,1.102669198850209,1.0732651608182187,1.223930391135954,0.055381844758267317,0.7119149084932559,0.7457145970110118,0.0752524294826578,0.03892586983031672,0.1268556826074383,0.9909733890792934,0.4455735834129264
958,SSP2-4.5,2055,2.6045833730536154,-0.17387541254423472,21.28324037981071,522.7733710679164,0.321688888516722,1.1223772816506676,1.1173162895995363,0.9316367009144318,0.09127776092005341,0.532307252869113,0.5893492143000936,0.06849392125193683,0.24083467532446493,0.1525911109808527,0.974168502244102,0.4448392155121432
959,SSP2-4.5,2055,2.052841967584078,-0.18599558014101572,22.45216152182718,502.65466183157696,0.25459752473731134,1.3390112367343714,1.3135656993649425,1.136134824224962,0.07882072390849118,0.5408139722650755,0.6725753303405038,0.07908002269116725,0.12677522743895078,0.12910913365805896,1.0121852616073965,0.3893966321585295
960,SSP2-4.5,2055,2.651196889741413,-0.03773577782293211,21.87685312073918,482.2344553272068,0.3186575480243512,1.2223014561859387,1.3469176410244623,1.2113823455865342,0.091071418684158,0.32141260329942817,0.4546740537247572,0.09410188075122658,0.13292861816276827,0.15153014180852292,0.9784557100725626,0.3381081790773447
961,SSP2-4.5,2055,1.610859984944993,0.06563079157635521,23.18594733729149,507.6896830527039,0.3370924212364489,1.1089229243937564,1.4610418717100488,1.1280408443337098,0.0822354374366424,0.6892582411518877,0.7212210276093571,0.0712219795603746,0.18033923380113692,0.1907977432209347,0.9865124806891633,0.21874859392720342
962,SSP2-4.5,2055,2.168535918772502,0.010515369284531312,19.52751774184266,536.1046683738604,0.2755616263531621,0.9352771307008395,1.3670113971377198,1.1176331029589708,0.08188215414636515,0.5113698355770834,0.674894556922434,0.07955598299585964,0.10489316981948628,0.1417042538658724,1.0231527791947357,0.23362571156695425
963,SSP2-4.5,2055,1.8971055533857024,-0.12459943797977582,30.21134213097254,528.269971363222,0.35928060151892016,0.9572248165221957,1.0573267092694816,1.2512863754305348,0.07001377280345716,0.707556864032218,0.7000481555485911,0.07694334624464867,0.07891952473674446,0.16574821053162206,0.9700101122941898,0.38881990386605053
964,SSP2-4.5,2055,2.5684449759781622,0.05759519194423948,28.68797722307444,523.4751720861263,0.22723711740821922,1.0026849007750591,0.9228927999479266,1.1413148007548406,0.08144668455576981,0.45554535840893784,0.6002106674887207,0.08362237519712146,0.15906333970888986,0.14833058706499647,1.0051250043964974,0.28826173926616333
965,SSP2-4.5,2055,1.6040735801796528,-0.005170900196478347,30.394876484126886,538.6897287580529,0.24244099294125865,1.2155161207671126,1.1531361681263503,0.8698128509892322,0.06630405380825935,0.42102990942825624,0.41723791532567883,0.07072881188954584,0.10981215754478019,0.12485434752944052,0.9268239013943735,0.2278423977848345
966,SSP2-4.5,2055,2.0925836847214234,0.13207113776780033,21.430580282927572,498.0210152521002,0.2564006849743897,1.272200916064194,0.739979341539198,1.0696372633898634,0.09687049120426716,0.40384607324565547,0.46632098160643864,0.08234777975101756,0.14708360155002637,0.19577580862493657,0.9566555017924292,0.22811841356748783
967,SSP2-4.5,2055,1.9055771608613312,0.04014002321137376,32.629758384422146,520.5424359667976,0.26595287444539717,1.152692858242908,1.1488535392407908,1.0757919379810872,0.09032451250521918,0.6435001441845409,0.7000695760443638,0.07069648175898534,0.15465543545019245,0.1531535176615759,0.9914039255630845,0.25791045610081553
968,SSP2-4.5,2055,2.3408405285034743,-0.02462432681961177,21.38142901123141,505.401744477781,0.3437023364737653,1.290297887374496,1.0189710215743601,1.3107593900449555,0.08407167575301394,0.7685671802709053,0.7647621451877001,0.07709522352733694,0.08848625560287134,0.16029581776581786,0.9814124452780743,0.30632781860855823
969,SSP2-4.5,2055,2.634201321579333,0.03745188369737265,22.423319370173836,524.1002188694043,0.30081260596584963,0.7747842842046648,1.1639647761207619,1.0905766143771207,0.1137138038858462,0.22,0.43426899260527985,0.09266758692799881,0.2268371534014048,0.1640103539367337,1.0022920509153193,0.2936546101774718
970,SSP2-4.5,2055,2.029084210968511,0.028216158584890114,18.392301377244518,524.4293690774805,0.3352092092042508,0.8692938908854317,1.0092320945157511,1.1998402075699555,0.09795095051913742,0.46168472916926595,0.6150193959597479,0.08646677471838045,0.07552432388361222,0.17143130251393282,1.0103453102430084,0.23629862610560481
971,SSP2-4.5,2055,2.0597551590739247,-0.11380134827554697,26.485500388719995,522.6569103036386,0.27186781143163913,1.1885670047704933,1.1244042372516065,1.1847237135239015,0.08869482416784599,0.6956055078960225,0.7472789639419294,0.07395677071802434,0.16200618365605296,0.1351537340010737,0.9971857254811113,0.3516313651326351
972,SSP2-4.5,2055,1.8230833166646274,-0.10469738375674832,24.582222271161054,508.2458624096915,0.22936549947409057,0.9444300281252451,1.2683284804579296,0.9982710410359655,0.0627236045763743,0.3874743671221238,0.5599671031874282,0.07932356846890733,0.17442182647064142,0.12027792481593169,1.0080924073763338,0.30239447271266634
973,SSP2-4.5,2055,2.459575938418365,-0.027837643671792943,25.91566416425869,477.563968012583,0.28451404902700494,1.17945696612899,1.3073327472104272,1.3336670502570596,0.06602461567279835,0.794187551101194,0.7862324687369329,0.0770476943818589,0.16335479664862987,0.13957991715945173,0.9833998766850776,0.31770979793581555
974,SSP2-4.5,2055,2.2125824061357227,0.020603793873961218,30.13013835893633,531.4656864308595,0.32389032168763565,1.2855821419656162,1.2565117652638962,1.080217837906697,0.07495371176276641,0.5806966521805944,0.7616938509909049,0.07407497404748473,0.10720520761144783,0.16366350952765307,1.042620789867613,0.29384899099777884
975,SSP2-4.5,2055,1.7349777371162232,-0.13228153611766016,22.972632653391184,579.654424890747,0.34635672323014105,1.0997066392376258,0.8769656198168363,1.299080511695807,0.0677119652285556,0.6603712979547338,0.7440232030900625,0.08187615496280677,0.16683873925292125,0.16122485313054935,1.007349262781505,0.34894997040831155
976,SSP2-4.5,2055,2.324726669140684,-0.03295660882549942,21.984373128590637,545.7620809935765,0.26218622872149855,1.2046120875304853,0.9383500360084064,1.2644685290908044,0.0835034450026775,0.6119929490741837,0.694095042408234,0.0824313502665649,0.16938766685819093,0.1317651800525245,0.9989886472730964,0.28780323241951394
977,SSP2-4.5,2055,2.4260212523218367,0.043532777076302084,25.784792396091103,531.9039789031865,0.3847878878784238,0.9564702779472394,1.2062182489139788,0.9877110683084716,0.09583667666454554,0.6822478314720846,0.7942245803115892,0.06401628133531347,0.20891831631407232,0.19644214929559936,1.0246907905924625,0.31545639714177437
978,SSP2-4.5,2055,2.3275161020773374,-0.13427237512817872,20.2944903649813,539.0333844282577,0.4028462570566199,1.306093794275336,0.9855746224908657,1.2316199841558968,0.10999840740377977,0.816884324763646,0.8432713799525295,0.07041801367790444,0.11641785269482374,0.18099618996981698,1.003824201019232,0.41035847482515064
979,SSP2-4.5,2055,2.2257123866585746,-0.047277301473693405,26.3714011560748,483.0171865416315,0.31911446367212837,1.4151575127942146,1.0228277587216228,1.1590773721837617,0.07354725825420373,0.7664547950903472,0.7474060944495473,0.06903334951691596,0.166480340332864,0.15169006228524493,0.9735973547687091,0.32617012577432036
980,SSP2-4.5,2055,2.278407454195699,-0.07507997227571156,23.254645927158183,508.01559381643045,0.2688411366431675,0.9036750594902384,0.9867278935865732,1.2810739634050266,0.10645683160189463,0.5444620177375669,0.7091313156342232,0.08670203560416154,0.13834729581015323,0.13409439782510862,1.0289131432084053,0.32547253893626804
981,SSP2-4.5,2055,2.067566122800574,-0.28770525991752277,26.2177508628441,504.1499407033083,0.271225469358621,1.249881791106391,0.8797851411629478,1.0835697628768084,0.0844941640247085,0.8981990224701806,0.8999507398085107,0.0583803438006268,0.16744221222529088,0.13492891427551734,1.0045042894959504,0.49429279752773275
982,SSP2-4.5,2055,2.5885700483980045,-0.06514956450261812,20.274924603512936,492.1257583203143,0.3317058746358311,1.146670219859288,1.0005301210746174,1.2975128865199814,0.06399343484841379,0.43610832207806716,0.531263374956603,0.09300489317024949,0.091402377138881,0.15609705612254088,0.9777665878268176,0.3532522641671746
983,SSP2-4.5,2055,1.940916590006307,-0.061945004642464024,22.78490912218812,533.0998764015469,0.30576311770549325,0.9973749421970458,1.1092656277076351,1.0517354793619664,0.09083755803170208,0.3920887280091382,0.5143419846548823,0.08197170479595667,0.0829589434598719,0.14701709119692263,0.9841542643533463,0.2952286926037418
984,SSP2-4.5,2055,1.8706558873449315,-0.03422822955504651,19.76513496180006,542.6150595554712,0.24425756667705892,0.844822521099916,0.9811853420978118,1.1991039028096553,0.09267853660874141,0.6087974061754376,0.6513983002594979,0.07907149368867109,0.15924637467690855,0.12549014833697061,0.9790951587204619,0.2348002853038703
985,SSP2-4.5,2055,1.6626472939022068,-0.018091911691318914,29.893036220930284,568.010589529884,0.4042656960424287,1.3535264149913127,1.2859447597608478,0.8805162196426338,0.05822684143335487,0.36008427333141485,0.5432690877019416,0.07435242892957107,0.19285414192610245,0.18149299361485002,1.0090385110834117,0.29387979300227024
986,SSP2-4.5,2055,2.5337976295219478,-0.01868462747736665,22.49624735033084,517.2876330236193,0.3763687040753,1.0774164202197103,1.4250670688382594,1.0231524470177564,0.10091406342158749,0.5881937491979395,0.6150284498851307,0.07062736737952066,0.13519068609328877,0.171729046426355,0.9681187438477156,0.3331453486209654
987,SSP2-4.5,2055,2.619214349699172,-0.06987404845194321,31.301755060729647,480.95047081865994,0.30371644695016764,1.14859008739308,1.1768701653521025,1.1121048067988846,0.13611620282162593,0.5859316947831283,0.6940242588010632,0.07553021255001428,0.1378507444168857,0.14630075643255866,1.0076536194801904,0.39320643075208006
988,SSP2-4.5,2055,2.04181987457107,-0.06677455602303338,20.74327360431097,539.9675587692536,0.28784350823951765,1.3578786925668316,1.2040007123532868,0.9019135397393457,0.10776067519340007,0.48172616919392974,0.7098809579702634,0.06942249752626828,0.13630161574339722,0.14074522788383118,1.0502235163417557,0.29440204412858595
989,SSP2-4.5,2055,2.128865410955006,0.021613403055387864,22.56917740482223,496.5356160434101,0.1974327748560954,0.9873818430049448,1.0255190258768987,1.2466841397904578,0.07114756957982019,0.5007927292146005,0.6745750739604335,0.0870337402972177,0.1223327098191313,0.11990817272732732,1.0265267725191207,0.21665037782274876
990,SSP2-4.5,2055,2.26334610445955,0.0822395508255317,22.275902748173372,498.64503052046496,0.27675389028695474,1.1659308112720155,0.7703629901065082,1.142132615226499,0.057186514456620346,0.2712490440600214,0.3968729595184384,0.09288122707842579,0.060629816612520454,0.1779836370132,0.9668261356010153,0.25287691564634673
991,SSP2-4.5,2055,1.5645311463763947,-0.19710867080033023,28.592778316208154,511.50128018609263,0.3107688114991411,1.0573080822365772,1.0496514106861963,1.1633799484000384,0.0872431360230763,0.41588824018087744,0.5603871668322834,0.08679335444326589,0.16245185867182915,0.14876908402469938,0.998813552995468,0.39755891914104646
992,SSP2-4.5,2055,2.0021764163721403,-0.03041792343057809,30.572118408707546,512.913407685879,0.31381890693528275,0.8913918097344123,1.2203367307214341,1.278934724667878,0.05003806137542874,0.4852302663776532,0.5307158953044551,0.08954843339400308,0.114020652240515,0.14983661742734897,0.9611000269550286,0.3071748954008502
993,SSP2-4.5,2055,1.6283049442178177,-0.07900419075230988,28.067365486918938,508.7169880324962,0.28547920554727424,0.8314310760694192,1.182044935429397,0.9281521388698201,0.11247992801890964,0.49290873167223037,0.6421286361679932,0.07027621704784032,0.0770547751333682,0.13991772194154597,1.0132303429642484,0.2956978574934311
994,SSP2-4.5,2055,2.0740450044334793,-0.20673166093384898,24.08349977752799,512.3804249269741,0.2508148849852523,1.0621033874053238,0.9920450896321268,1.0255758338896641,0.0960163997953336,0.7784203314687913,0.76888412935215,0.06124652832831159,0.1871463636532653,0.12778520974483829,0.980146803758928,0.4133828418353891
995,SSP2-4.5,2055,2.2672969137501173,0.07462453179315712,25.419764975125908,489.9734827289909,0.29858969771671734,1.0701146700688,1.09277462213032,0.8191446662170659,0.09158438807414415,0.6634209122875975,0.700318168656539,0.05588097487423137,0.15006796179642992,0.1818186600974296,0.9848760473477501,0.27235819810355316
996,SSP2-4.5,2055,2.1825804252421066,-0.12024817169400204,30.719545614065865,531.251155369485,0.22872885762108858,1.3155370906584776,1.1943311873602416,1.215504973406107,0.0695868122836302,0.8763092852233778,0.9015702130116698,0.06657903430685226,0.12782925526893743,0.120055100167381,1.0126064959020702,0.3700567223963651
997,SSP2-4.5,2055,2.188784271493716,-0.17810403184444348,29.565350838070195,514.4516731064735,0.25740029150537524,1.110883962417916,1.1433425396876857,1.1819768561611241,0.09455594882300322,0.5551741597141081,0.6943781253408068,0.0808304304229705,0.09248947199058663,0.13009010202688134,1.0180947602154684,0.4230552003834011
998,SSP2-4.5,2055,2.67393022884675,-0.011119802378488801,33.01815623253101,500.50026128911395,0.25154143267344303,0.910463745078356,0.955670413612773,0.9998126584285402,0.09662184908597547,0.4105630323834324,0.6124598607817151,0.07825214537313438,0.2289983496313579,0.12803950143570506,1.026154163028118,0.3393791136717238
999,SSP2-4.5,2055,2.0978901740335987,-0.09317172759864784,21.9162490587361,522.1801086584095,0.2549942473957287,0.9946428426680072,1.027653889526217,1.0046542187369323,0.0939246596526572,0.5582639728641106,0.6469041083835263,0.07112779775032159,0.2173464377607922,0.12924798658850503,0.9937578979012753,0.31496195081089534
1000,SSP2-4.5,2075,2.9535285534499462,-0.12888053864429183,24.13733411773996,593.3947868693981,0.34660330272070294,1.1336485691083347,1.0575509386732458,0.9425461679239266,0.08254582716348921,0.41409730484043883,0.5678362619930928,0.07329569764618948,0.1556849702142852,0.16131115595224602,1.0030682283080554,0.45733150817673107
1001,SSP2-4.5,2075,2.5450274808815907,-0.10148804186280617,40.436312145818185,551.7316820004858,0.3157098547499047,0.9240517659840793,0.981955590083038,1.234084215240819,0.08792516145055801,0.6127348114828165,0.6561132314679706,0.07906202486190327,0.17868883120223614,0.15049844916246663,0.9800953838329217,0.4517518862191696
1002,SSP2-4.5,2075,2.7398888070935703,-0.18160138948451232,36.780592678615136,614.3070609246907,0.3437637325383797,1.2006986860703337,1.0817535428194789,1.230513453495435,0.06883057138640883,0.5749657258642136,0.5730164461691779,0.08075820735654352,0.21505603887575617,0.1603173063884329,0.9519104239945607,0.5297671288111628
1003,SSP2-4.5,2075,2.8204150324288304,-0.11976305911170523,28.860668431088918,542.6780459831796,0.3596817756626165,1.3303820975707121,1.5295515157316495,1.1754892817806353,0.11030785913410006,0.7148147555662442,0.7805756154512272,0.0708029158560297,0.1405342644847576,0.16588862148191577,1.0071189582724889,0.46056109520642013
1004,SSP2-4.5,2075,2.789822981857035,-0.2330057329076485,34.963851049069945,580.612090115283,0.24832952200918162,0.9862533302235281,1.0823290048132252,0.8618184292412662,0.09652733783517971,0.6374762872705564,0.6906632874464412,0.05777987028792497,0.23159653488729715,0.12691533270321356,0.988797165941209,0.538696660795462
1005,SSP2-4.5,2075,3.1088278555343276,-0.17495559014171191,32.2329149290707,571.5282505542748,0.27672745383378694,1.104468441201904,0.8940454184590717,1.1547783177818283,0.07260364413196958,0.778353207632592,0.7285346027454533,0.06651078749893038,0.14767463672553324,0.13685460884182543,0.960361261490779,0.5174606100250282
1006,SSP2-4.5,2075,2.571235894572175,-0.25098128100171746,33.962152012556224,537.1363841079168,0.29375260153861876,1.3704877730976213,1.2573728413085554,0.8,0.09425466537378775,0.5435775003672684,0.6045083234208889,0.057405332919924834,0.18862541455930176,0.14281341053851657,0.9778480331931082,0.5451736009039362
1007,SSP2-4.5,2075,2.9246521388128035,-0.0696335023448797,26.66173556237812,557.3348635079035,0.3049286032262267,1.2761898234771296,1.3502082463936365,1.1084587911335886,0.10256226624158601,0.5127937556107774,0.5451265648793768,0.07729463174203896,0.13300616830406425,0.14672501112917935,0.9589731617950782,0.4022789298192243
1008,SSP2-4.5,2075,3.2966881767477783,-0.04992930939644751,45.96215707084777,527.0759143970078,0.2493160526819685,1.0235665085757448,1.1094608230954446,1.1672257236217365,0.12582714647210852,0.6116514338580167,0.7682831359055372,0.07551612111750035,0.14033377451073048,0.12726061843868897,1.0355222607966603,0.47489795869397333
1009,SSP2-4.5,2075,2.4555770012797042,-0.16747552570005758,33.70240810791186,577.1044946474502,0.32129127845577315,1.0747225396052782,0.9996240896473821,0.9854198491949231,0.10151690352223663,0.5409628322258366,0.5666431494852934,0.06926100411458863,0.1790580533479665,0.1524519474595206,0.9601324988443011,0.47416843134726255
1010,SSP2-4.5,2075,2.474724792821167,-0.18429316093635068,21.932011547932866,580.005516497119,0.28733740941501057,0.9446866427949324,1.3126651584926015,1.0913118929094463,0.11441378625585444,0.5264225323831015,0.5912244607807253,0.07568989838366126,0.18234868912635843,0.1405680932952537,0.9770535044822879,0.433470063379748
1011,SSP2-4.5,2075,3.0815454273326655,-0.07324819665684314,32.86506483457464,597.7040063724265,0.35630737918747474,1.247945650825169,1.152013437466586,1.0627909683215973,0.08548043871503581,0.9486749399777756,0.9266521834221243,0.05304153591073568,0.1841153155619309,0.16470758271561614,1.0007624918982798,0.459416657081547
1012,SSP2-4.5,2075,2.8393354089788785,-0.11564451657054046,34.85187432889772,535.6307681220767,0.4047446506440854,0.9665129227058606,0.9357051050403867,1.0245457806879568,0.10140328637500204,0.7007434808827797,0.7288583863437696,0.06337875260828944,0.16572883360821014,0.18166062772542987,0.986427747677708,0.4964043981295977
1013,SSP2-4.5,2075,3.014764478452955,-0.1281051484842614,28.51055170727718,552.8469071336325,0.38195227480147764,1.0822641692560724,0.9784031258711603,1.1021965461685486,0.11676384594065416,0.8495701931162343,0.8362136273422276,0.06011861206095627,0.1449643717414754,0.17368329618051717,0.9894483489568379,0.4902740568837873
1014,SSP2-4.5,2075,2.7102981571334896,-0.11333175340693022,27.994652226943195,541.6955800914261,0.40291188771224135,1.300738356569702,1.0345762797849234,1.17012778250747,0.06635651877500721,0.3837868185960325,0.4643079279491229,0.08706561658983138,0.20928432706533515,0.18101916069928448,0.9623634193673302,0.4562438650951017
1015,SSP2-4.5,2075,2.526526331362988,-0.045084093245373075,34.009242996634896,513.74438494859,0.3423860551178702,1.157941179834882,1.2467004152611376,1.2573935642136684,0.09482262541076188,0.40024212671007253,0.5092998106646313,0.09094177789138622,0.16844751655942772,0.15983511929125455,0.978957262573602,0.3875684542076927
1016,SSP2-4.5,2075,2.8720623766575835,-0.36,36.4359738052815,572.7546604845971,0.37961032384811194,1.1357984872192473,1.0586433759427702,1.3645321306851537,0.08852343429861242,0.6340748171465372,0.7413785733234416,0.08501914310264294,0.16980182591778845,0.17286361334683917,1.0148292333985909,0.6737808959189304
1017,SSP2-4.5,2075,3.3100172606017506,-0.10436345138344388,26.062664504275457,584.3569999763603,0.3266690721279779,0.72,0.9117071517403563,1.1294368028925517,0.11717817559546416,0.5618588963720104,0.6755943593128471,0.07597095995253687,0.09473424872532073,0.15433417524479226,1.0066421520737592,0.46930844750829903
1018,SSP2-4.5,2075,2.801841694594695,-0.1006060146024768,29.989197237551057,595.1438878901262,0.3353150920507262,1.3985937188909279,1.1287443041492042,0.9772568464819601,0.10471173007443814,0.487973803973263,0.5767057399945403,0.07147090922728853,0.11178701904765898,0.15736028221775417,0.9827610170709723,0.43963981343960323
1019,SSP2-4.5,2075,2.6882123882538393,-0.266358107004336,33.20603299170523,579.549835273869,0.30408015248872083,1.2849484092195194,1.4901605647843035,0.9210358097460025,0.11142125964925634,0.8151244763160697,0.7932096722600923,0.05208608901667357,0.16318460675644506,0.14642805337105227,0.9798359230156264,0.5684956305420503
1020,SSP2-4.5,2075,3.596707625191037,-0.21428805684163532,40.84314414414797,561.049908902362,0.45817811454942053,1.114383710589422,0.8965037663718787,1.0921644331515024,0.11494866055541922,0.6191292506360153,0.728374479448526,0.07110046848404936,0.16460652662229172,0.2003623400922972,1.0134345073351447,0.6841902704450602
1021,SSP2-4.5,2075,2.576691516702251,-0.003235403145996671,36.16043400316178,532.2188102199672,0.34502640249055894,1.422304879781615,1.0466381227084347,1.1388657028017277,0.08279600147570479,0.3716144369986366,0.5945017946359339,0.08599089291631504,0.19029481303427676,0.16075924087169563,1.0303401343977316,0.3666198173067121
1022,SSP2-4.5,2075,2.47096814657478,-0.13370673382521764,37.05817759432991,530.0076396262693,0.28845883954913526,0.7282064941734957,1.370828474999419,1.4413364877617436,0.04401910232051343,0.7402732959736075,0.7819553768367955,0.08384483838849044,0.12858739241683928,0.14096059384219733,0.9992977720094189,0.45002125964416057
1023,SSP2-4.5,2075,2.59584802504636,-0.021626257904253987,30.057326026418306,545.6424475398898,0.3728011905263911,1.389408430637541,0.9143025972022127,1.0762971464113495,0.06898184655887986,0.22,0.39954196322129587,0.09020253865291882,0.22610528824895998,0.17048041668423689,0.9852442364904543,0.3689275384133121
1024,SSP2-4.5,2075,2.441864205972893,0.07349686861325294,34.368992844274715,596.0745430750032,0.273168620834597,1.2254914713699634,1.167700110154242,1.0641984856545235,0.0792175702132162,0.45614096133130766,0.5644226223519372,0.07774402423790894,0.23029955511703395,0.17235745159873542,0.9873575046083545,0.31385259598075077
1025,SSP2-4.5,2075,3.0040697423200964,-0.1482962878377095,28.04433881669738,566.824955732992,0.41997293664662405,1.0517118379547037,0.9249305547869392,1.1794044001327626,0.07554183463852684,0.5585833480905844,0.7103884887966065,0.07882530029492722,0.16502021621703486,0.18699052782631842,1.024816344119368,0.5164378677120031
1026,SSP2-4.5,2075,3.1280071688525948,-0.16871622492952038,35.10380177639201,540.1837888918185,0.3768944564860006,1.1977961771882115,0.9274881229054901,0.9888156927609832,0.0734766753694838,0.6399649334039577,0.7182901166980973,0.06449375217077813,0.12711443762995808,0.1719130597701002,1.0015286722463992,0.5573543080065164
1027,SSP2-4.5,2075,2.947882863287865,0.007380242414042254,32.4534780301138,617.7566963250987,0.33948224035230634,0.8950461640092804,1.0226946692313512,1.1260338875410667,0.11866670664971943,0.34985811192413896,0.445126258795361,0.08638776527138894,0.12127985330272939,0.16250890533032833,0.9642729827735919,0.3743108014166941
1028,SSP2-4.5,2075,3.213802106141814,0.04352321112577229,24.47213200074059,563.50527378673,0.306684036138401,1.1741699105998056,1.1039203885539397,0.9919763346393753,0.09583822317174194,0.6957859769086342,0.799486398279013,0.06187288840438081,0.17519520792503876,0.1691010182113265,1.0227545857725604,0.3541437371388728
1029,SSP2-4.5,2075,2.606362982015347,-0.09705135434618864,27.323124596564792,600.6685171943097,0.35078971086535143,1.187903764282646,1.1439919070254747,1.2127529017188519,0.08459804749071786,0.658826827657913,0.8160138831011532,0.07560881486350406,0.15988101224895612,0.162776398802873,1.0432057143260336,0.41434574579761796
1030,SSP2-4.5,2075,2.749975203684084,-0.1031260125538278,37.81362006816191,555.832565209882,0.22999383722681166,1.2300304262850967,1.1798378184217955,0.8794985808087326,0.10354984781121876,0.7200977487323585,0.7596725628766817,0.05460080537615997,0.17349888845782602,0.12049784302938407,0.9950939005626237,0.43329612354904196
1031,SSP2-4.5,2075,3.0675088633592447,-0.06669241622627298,34.39819361588641,563.3545987811938,0.3493634119016254,0.9634173217545946,0.8817805249831288,1.3552393079041432,0.08361720560152495,0.49652875648233047,0.6563098489380004,0.09139606337072197,0.10134927903986436,0.16227719416556888,1.0189835991329168,0.4564462394440699
1032,SSP2-4.5,2075,3.0472816233486957,-0.03541368667562701,30.192869845831897,568.4948601030972,0.33684101731020855,1.0458484075086036,1.1727907114412195,1.232300914605803,0.1083437105336402,0.6785562076331187,0.8685530635642554,0.07567493117404114,0.14573096711975114,0.157894356058573,1.0624116498925606,0.4087035978767751
1033,SSP2-4.5,2075,2.489041920758549,-0.22497555471739517,35.87744373813466,586.9858119697412,0.3718783281365471,0.8915807661844473,1.0250296488444817,0.9024880883273175,0.12435597209228483,0.7737891141016293,0.8545018884108335,0.05315413366638948,0.29981599958403604,0.17015741484779148,1.0237233245852106,0.5491335016522964
1034,SSP2-4.5,2075,2.7239566015161447,-0.05411653880706795,35.26161072887407,577.6644831398258,0.30579168698028697,0.9512226524443191,1.0418912191620613,1.0181901917025802,0.09062691802443035,0.508593102312325,0.53542624804812,0.07264404751452268,0.17520577346288116,0.14702709044310044,0.9556134425244537,0.40529425151337256
1035,SSP2-4.5,2075,2.142578414674968,-0.07106296286935626,28.176416834210027,595.8885589416947,0.21349822400184143,1.2880290315788168,1.3896655153367505,1.111444509039319,0.09022385517696861,0.5057918702706123,0.6845511084145801,0.0778054954347404,0.23639252200770422,0.1147243784006445,1.0297552943459132,0.3113567082238366
1036,SSP2-4.5,2075,2.501536213952865,-0.08338156537553916,32.102344543302976,557.964229387603,0.28928371104610084,1.1392819139596784,0.9724245830607182,1.0681929889151223,0.09791557125524768,0.96,0.9454483785884736,0.0527661609415835,0.1845952405525778,0.1412492988661353,1.0062092040343416,0.3924569003989823
1037,SSP2-4.5,2075,2.8583150418477836,-0.06263682305282983,38.065524615773356,572.4265329489641,0.36359631784871965,1.0912564244462986,1.4183384328681328,1.3151301489584462,0.12877275228984927,0.6026528414250544,0.5956349400706904,0.08393013518035591,0.08053681927698382,0.16725871124705188,0.9537715856971754,0.45349825901460245
1038,SSP2-4.5,2075,3.4635278062314336,-0.016508112274200862,24.99225362598822,560.5426805920945,0.32593241659233,1.1420036514020826,1.2050596268209532,1.2100050804582008,0.08873862146519595,0.5647179351318645,0.706314349691763,0.08016629988346373,0.1681196012047886,0.1540763458073155,1.0207684755028466,0.40603456877943234
1039,SSP2-4.5,2075,3.228597629172724,-0.05005611037268041,38.552872697797454,626.447899497582,0.2809903246227216,1.1696758336845305,0.8496163178064615,0.8268636498928336,0.10071514174202163,0.66317551629671,0.7976728476234228,0.054612728410163236,0.19340133981534283,0.13834661361795256,1.032750261938633,0.45076471960353154
1040,SSP2-4.5,2075,2.675047813398862,0.013888127284546775,27.854870678762616,566.3867615305418,0.29631276852250776,1.2193321338587837,1.0557538617464988,1.2201816205496312,0.1123480419274191,0.9006970960301508,0.858215246981833,0.06391530938193414,0.15838714287334615,0.1506535326251511,0.9831820542799259,0.3166676997021971
1041,SSP2-4.5,2075,3.1004265149124026,-0.21816371293980585,37.537211717094806,564.6423365419972,0.4141179937093395,1.0475452092167592,1.3096404916909186,1.0988093844274645,0.11581782005717103,0.3151389088308274,0.4406344565027217,0.0866577906430144,0.19296963052142949,0.18494129779826882,0.9736578174443544,0.6170293231564953
1042,SSP2-4.5,2075,3.365660342558126,-0.09318158693913947,39.092080255654444,602.4261186339243,0.41779586407048797,1.232416550556114,1.1315733641127985,1.1359457361887317,0.09247883093576093,0.5493828474357318,0.6659772505616824,0.07694524342299126,0.11395385456263463,0.1862285524246708,1.0060857579317344,0.5444774997728286
1043,SSP2-4.5,2075,3.1660989321505992,-0.014693808106048104,31.135147530534145,569.1717982764263,0.3872416081388429,1.1220065664207244,1.0533100624822922,0.8199090397011622,0.07176011064511792,0.6845921108612257,0.8147853317233879,0.05316741967161667,0.17280413478745876,0.175534562848595,1.0340016872930793,0.4219190830338738
1044,SSP2-4.5,2075,2.79327540741267,0.0027213329354742882,28.306146498936585,598.723822463994,0.34837320443471714,0.9732423352310549,0.7838277230869031,1.480935620320373,0.10952059889176916,0.4647815826401557,0.6051941708042379,0.09975168503908921,0.09280415505163411,0.16329128801988815,1.00448823189893,0.35153617581986224
1045,SSP2-4.5,2075,2.630875421257401,-0.125627973527773,31.976179661562917,583.7195858960522,0.410176251895835,0.8542610173846725,0.9469635749726472,0.9832067172269656,0.09439489945172147,0.6812314586783431,0.7397150247120571,0.06212840414753483,0.04221124244529015,0.18356168816354226,0.9982708379252938,0.4770775849702508
1046,SSP2-4.5,2075,3.1789014113671357,-0.12993647713318823,30.957996433919956,560.9921493522527,0.30993865020275296,1.0028155124855584,0.9826960011549128,1.2438478570831295,0.08130123264220392,0.7279394153481331,0.7996678779302141,0.07382752922937724,0.1570945112475574,0.14847852757096353,1.0121102734240737,0.4923272389839432
1047,SSP2-4.5,2075,3.1902242884099943,-0.19283291504658318,28.938319340280785,577.573590867477,0.26447075677491705,0.978553943669039,1.0444482556339072,1.2595343685696967,0.08516156241613372,0.40666262061750513,0.6393509526990443,0.09073602727672378,0.09810697903081965,0.13256476487122096,1.0406572728788508,0.5226800060243416
1048,SSP2-4.5,2075,2.889286403253107,-0.006427892369130897,27.446876576762207,604.2050594957021,0.31036145318362923,1.0793350302525961,1.1902407074352606,1.20037665122886,0.07443105514027373,0.7329371445964834,0.7712718110888934,0.0712368855286529,0.2333552064866959,0.14862650861427024,0.9965020531747034,0.35190505453076293
1049,SSP2-4.5,2075,2.866704853578636,0.0051797532587296025,27.191609554334825,518.3880996785501,0.31483050662070616,0.9575740635177797,1.3518668639036586,0.9284899639313685,0.07703042859234357,0.4896255481322649,0.6320957283614549,0.06876241295892196,0.10930143327490725,0.15278055394661194,1.0094010836736527,0.34082976525924885
1050,SSP2-4.5,2075,2.730533655616818,-0.14591389601507923,35.02432675772082,601.4542376151263,0.3540412894762791,0.8993305109767273,0.8299569552739063,0.9093726057113034,0.05582608076922461,0.4217810434732736,0.6236736041858242,0.07112524198002189,0.21284969067370862,0.16391445131669768,1.02791431554269,0.49611932457390073
1051,SSP2-4.5,2075,2.978742283592842,0.012806936731104265,23.127496343721873,574.8891481950919,0.32940554140881934,1.1109001494485575,0.985546313572118,1.1489210312626097,0.07220176693120534,0.41576126718252826,0.5839789456414936,0.08432499217039871,0.11031634242661569,0.1616954078586389,1.0104373575790746,0.3357338448910869
1052,SSP2-4.5,2075,2.5356054613272447,-0.10472315679090995,26.3593157311387,568.8041595174936,0.24500560806282864,1.2279857409971768,1.2509573045124351,1.3154545173496501,0.08579948078944595,0.30202704452048884,0.48563614794686577,0.09897889101587978,0.23890221058609457,0.12575196282199003,1.0001265355848945,0.37664155638732355
1053,SSP2-4.5,2075,2.9857677157290308,-0.1697520019819912,34.12481497190259,574.2497353955558,0.295111220925694,0.842770924543294,0.8735935443042133,1.1346359697719393,0.09720304047178299,0.22,0.4495166793812262,0.09334385991079673,0.11831400256293503,0.1432889273239929,1.0097772789689656,0.5156143259711029
1054,SSP2-4.5,2075,2.823232407883375,-0.1394721406713601,33.26952049143438,609.3340489623199,0.3764835980199127,1.1069875218715879,1.3190472530120125,1.3220008584225154,0.05188192116028837,0.660786348456616,0.7161067993961286,0.08139342110761234,0.21611771413244232,0.17176925930696946,0.9935062950187636,0.499415689906861
1055,SSP2-4.5,2075,3.0784700144166086,-0.2013583394808856,37.24531824744143,566.2460691954819,0.30058431292702703,1.019644997274064,0.7823216813830458,1.1101139613732807,0.08958226330967761,0.4662010939209873,0.582695432835509,0.0797133893778965,0.2046028308858388,0.14520450952445946,0.992969538221262,0.5635219748587337
1056,SSP2-4.5,2075,2.7738141209572884,-0.043509636059346775,35.56128851529291,576.3521587443489,0.2858829302601533,0.8081467671814218,1.0942035790452056,1.0107647918542864,0.1078261625059215,0.6358486481865496,0.7578052796845268,0.065881440998211,0.1251581025983177,0.14005902559105365,1.0223011158323123,0.3956521153676982
1057,SSP2-4.5,2075,2.94040131936253,-0.20007863641835844,41.931230940840734,594.1475872757879,0.2683376531735139,1.0003013813308856,0.8840173000565436,1.2479440203089234,0.12077404344351345,0.3692596064936021,0.59671027047942,0.09198208230733884,0.20186300896496542,0.13391817861072985,1.0322103805040328,0.5580076837520592
1058,SSP2-4.5,2075,2.193133284984597,-0.07265345450909343,33.43453418143383,575.7152311767917,0.16365371413248475,0.7869256548532182,0.9687160719064597,1.2979681633103501,0.11347547432987394,0.5997637814167487,0.7711299562271943,0.08315048126125833,0.20651974778602625,0.09727879994636966,1.040888105296777,0.3212347301275663
1059,SSP2-4.5,2075,2.827912158110543,0.10215276180348343,31.596414199926837,557.2823757361749,0.29750924488324093,1.1435345086579722,1.1342989077009256,1.0433288901972484,0.07477013868631832,0.7443393401328318,0.7794371786200461,0.06221035785013332,0.16399963439693127,0.19520461661087604,0.9967042461436809,0.3448198419853125
1060,SSP2-4.5,2075,2.6577005255551076,0.13541738054660865,34.546962041637904,550.4482475172468,0.34422922327517413,1.0632858658354811,0.8431781587166925,1.418046590377328,0.08215157212717937,0.4813542877075776,0.6222767543582227,0.09553671740416955,0.19220323561400943,0.22818891841961528,1.00734195718838,0.3563455458379612
1061,SSP2-4.5,2075,2.684345539572312,5.704399134578986e-05,39.364967535175076,582.9385975350502,0.37108003666111855,1.1952774355853473,1.2514638966408396,0.9977799350879435,0.10294869989753276,0.2355625172684338,0.38903250478399987,0.08519656294900603,0.179551337868569,0.1699065348270644,0.9748899965839919,0.3940576443423777
1062,SSP2-4.5,2075,2.6939103499696526,-0.07801739935360492,29.51187242201411,538.0834395095629,0.367301093898663,1.1912806942716738,0.9298846640343648,1.271444195017556,0.1085475205980918,0.532262352934965,0.6851266401318059,0.0850973390080432,0.12921765138363683,0.16855538286453206,1.0212014997031418,0.4200756321935249
1063,SSP2-4.5,2075,3.3193971027085944,-0.09798622343536274,27.792801612588384,569.5981999869507,0.31200084447706555,0.8863648956383732,0.9634911506293248,0.9456006809003139,0.13566391051734328,0.7132021017839598,0.863229219618513,0.058504931574665055,0.01,0.14920029556697295,1.0482326971081153,0.46680003606638243
1064,SSP2-4.5,2075,2.2396897177080968,-0.23531966301417293,35.37955224008248,590.6021446001577,0.34080468363951905,0.7807475938130719,0.961171961446953,1.0792344044967355,0.13201865247347294,0.5475759487695495,0.6332357027792782,0.07398190126519288,0.2584319836399795,0.15928163927383165,0.9906158101023923,0.523895137716693
1065,SSP2-4.5,2075,2.716225153683747,-0.13817113621156263,33.57702623762167,598.0190412539308,0.26368516748423343,1.0864567683118591,1.2980604109300824,1.1182144632047786,0.07646780657093222,0.9156274957770872,0.9036353339969103,0.0576782501529414,0.09951523458649787,0.1322898086194817,1.0004951490081684,0.4537772636399455
1066,SSP2-4.5,2075,2.7988407343299935,-0.03845570988301568,36.70854396397028,586.0127635027701,0.241218804227118,1.0148154607107043,1.0738986815353404,1.1859182760211702,0.10372135923994022,0.6546953237109085,0.7627470799054202,0.07437044867713297,0.1603812293069078,0.12442658147949129,1.0184357275293465,0.3836846255518634
1067,SSP2-4.5,2075,3.055132656481968,-0.04754681376746505,36.61540026090642,603.6281099638161,0.279061549384535,1.1749938696230653,1.103298251810002,1.1541630821007791,0.06570733513362027,0.8195367337169761,0.8245871646693381,0.06441848311957776,0.1589446056312659,0.13767154228458725,0.9937665275459717,0.42544605231018334
1068,SSP2-4.5,2075,3.1337239011703213,-0.13236502859894636,36.0139859675243,543.8247079059608,0.32615546614055996,1.408581797403991,0.9398460545598697,1.2818516129546271,0.07774644383831843,0.6448595416876914,0.8094232631425938,0.08002787899778765,0.16676515418641358,0.15415441314919598,1.044632853081164,0.5150515349402236
1069,SSP2-4.5,2075,2.562891195072435,-0.03437063082325427,36.34770515529043,587.9806723824266,0.32031673281852324,1.1034313637251496,1.1412272948251987,1.2140653930436693,0.12261889300714046,0.96,0.8911005650741366,0.06062082885619757,0.07612341873365709,0.15211085648648312,0.9795293683091216,0.38380247737582096
1070,SSP2-4.5,2075,2.5884257277940996,-0.028148563885971672,37.88143954737846,629.9601446551851,0.471975514362178,0.937435633730318,1.150135648894472,0.9751664439063595,0.0771403815148661,0.58828072002365,0.6173890583858017,0.066343003286083,0.0780984117454625,0.2051914300267623,0.9692485555778624,0.4318707907408911
1071,SSP2-4.5,2075,2.7415234865826252,-0.03213973652760441,26.56402782654304,623.011926832401,0.38086866644378414,1.356361793583295,1.2005245425200872,1.3342020390566032,0.10812095374792227,0.8012062278138137,0.8928805716113595,0.07502941378928024,0.19715337959899057,0.17330403325532445,1.0334114380153652,0.37949894944306717
1072,SSP2-4.5,2075,2.8812048508417734,-0.012332172303658032,30.54255899832524,588.7881683753701,0.39559512157285204,1.0561467493413594,1.1985465492140779,1.1572092938435072,0.08044897947540851,0.4776517709116862,0.5860752597370634,0.08167675804598916,0.2694735006248106,0.17845829255049822,0.9908062817993118,0.3954614694667711
1073,SSP2-4.5,2075,3.121697130939318,-0.07547362852668073,26.232349506836062,570.2048694918741,0.386652754384719,1.3546404598918098,0.9437242582398577,1.0368718766840201,0.09674985480038066,0.47332602449464617,0.6820376365516014,0.07541333828902262,0.10323285718468407,0.17532846403465166,1.0393590977667553,0.4490410268863819
1074,SSP2-4.5,2075,2.7032898237837353,-0.12180280835189237,23.777001306116468,570.49855148865,0.3026728202930013,1.057702540887951,1.1843115670529107,0.9811975718384107,0.11554324152484544,0.5329307879347556,0.6130898098034208,0.0694352529330228,0.20255619109639617,0.14593548710255044,0.9856148290583682,0.41404988147351274
1075,SSP2-4.5,2075,2.8534134721074778,0.016380029373429097,41.24234127334131,534.6577372554674,0.3604748657441031,1.1081983233338883,1.1583596160264624,1.027929998536049,0.09578085422881899,0.3846536470468746,0.42935117058192124,0.07936547141498199,0.17157336436896278,0.17435621769715062,0.9449134662896591,0.404462417073455
1076,SSP2-4.5,2075,2.617677387287487,0.05466705915730438,25.723036964044336,533.287634756627,0.3391130222030911,0.8802837239737106,0.7975014363579087,1.1202429623494736,0.1182959332525511,0.8931768976808638,0.9459658712243857,0.058910006934774606,0.2109846683983529,0.18602308734973408,1.0287700123934136,0.3172549604215771
1077,SSP2-4.5,2075,3.243593410754092,0.009512970888488473,39.191812932020476,571.0083323469817,0.35787985736466227,1.1013290394873345,1.3941827582113047,1.0566024988762097,0.13051133737659248,0.8565930769646994,0.79284696001568,0.05731240378356093,0.21722135670981807,0.17001443552187603,0.9658148914063905,0.4302804975588916
1078,SSP2-4.5,2075,2.8166433062551044,-0.09119121559835079,30.633348790452636,583.3385317481562,0.310765000020632,1.1487970215781997,1.0369637164641679,1.0412266516273383,0.11198384060619511,0.7044149872955409,0.7588606675466938,0.06409337803054116,0.20319188360514756,0.1487677500072212,0.9999305246729927,0.42773971202099975
1079,SSP2-4.5,2075,2.4362841978612355,-0.16470639588502511,20.539052010467877,587.8306369586254,0.3223486000061069,1.1595018907346109,0.9184782689491446,1.2030258960192606,0.10640023998941314,0.8731295857714125,0.8944178701094955,0.06436991511246648,0.2470273603849264,0.1528220100021374,1.0101567872398771,0.41991262998584544
1080,SSP2-4.5,2075,3.210247794793455,-0.1354951305322185,36.85231605596355,578.5952424409753,0.23895367340125873,1.1565576027352875,0.72,1.0887600952881007,0.08417587296829764,0.8388924350522875,0.8446090855265754,0.059928998762898734,0.12415682917977636,0.12363378569044056,0.9971341854846825,0.49941984256905114
1081,SSP2-4.5,2075,3.1498756005218906,-0.1263758920004149,29.279163911944096,594.9924857095788,0.3318431844484147,1.038091664936804,1.1122688654742512,1.0214935541072414,0.10435005130808693,0.6234105732841397,0.8001885312298866,0.06708104732618293,0.12176404151320035,0.15614511455694513,1.047259494867457,0.4874641645825308
1082,SSP2-4.5,2075,3.3830472521234474,-0.07751163933513376,32.66204378323302,615.751151971691,0.27953350738717025,1.1800392343885189,1.013594764304285,1.2355328034727964,0.08242610153151543,0.6183004621584078,0.6830665217446534,0.07886174323292248,0.1559944586915709,0.13783672758550958,0.9914690836704959,0.46376252189734535
1083,SSP2-4.5,2075,2.2060035683041628,-0.0652536788985412,43.15904518525793,582.3591288004087,0.4070935399678425,1.3063535400782789,1.2347417758381605,1.195835441163339,0.12617441527647905,0.5191970497732564,0.668227607431362,0.0816793635739785,0.11239899848641763,0.18248273898874487,1.0172670466692688,0.4321978885375248
1084,SSP2-4.5,2075,2.861408461245263,-0.22026260233045222,32.9694415458222,608.560086686533,0.24719350065460388,0.7658095553836237,1.0012395133125387,0.9957225659729283,0.09532363085901038,0.5847740243387458,0.6565259767365434,0.067625206181605,0.15215228627962657,0.12651772522911137,0.9896318233641327,0.5264287831304539
1085,SSP2-4.5,2075,2.6027037943347975,-0.05643327803331351,38.96525631877835,547.4478900180748,0.38523069951133443,1.0991648872927255,1.2746368812350823,0.8965108454850453,0.1391134292208942,0.8842257854692444,0.8496845610965957,0.04731044856034791,0.13070496670207654,0.17483074482896704,0.9844926859707773,0.43646281242084906
1086,SSP2-4.5,2075,2.5176121109484777,-0.06345031340744406,28.69762076130184,565.6189621090531,0.2739148015143703,1.26675933360864,0.7651919929102422,1.1248728936268573,0.07942197879712715,0.2629340024825277,0.4771457689293844,0.09067145568655054,0.1512441906433215,0.1358701805300296,1.009008499554803,0.35939676495567263
1087,SSP2-4.5,2075,2.6331909251977326,-0.19652890475514145,32.778654149562556,612.8962044761203,0.3380585109443855,1.1903488692763926,0.72,1.0563055151689154,0.060026243607746214,0.759537350446323,0.8067310133741761,0.06214919867908698,0.1810657188239965,0.1583204788305349,1.0050296655801503,0.5154918466870412
1088,SSP2-4.5,2075,2.931034903948598,-0.2959547414744719,29.16594890511048,584.1296972362242,0.28255164739801264,0.9163747041906912,0.9050163496014868,1.1144402832425597,0.0758429396490585,0.8330956302661429,0.803031495440122,0.0616016183535999,0.14276511053665167,0.13889307658930442,0.9786584473672165,0.5916328356307876
1089,SSP2-4.5,2075,2.4231364669227133,-0.002578913676389752,40.04901085147541,604.446159450205,0.2915775756173086,0.8704221467873553,0.8018212187233517,1.0744595005948991,0.09322489510110665,0.2923316619487758,0.4256778271937713,0.08648700539613269,0.2140871541599409,0.142052151466058,0.9739289458336782,0.3503576198095865
1090,SSP2-4.5,2075,2.6115772660920973,-0.11872643766200987,25.192090187546174,571.2429585483618,0.34281876544708284,1.163470038871981,1.2326446715051906,1.035067352301656,0.09860815629026191,0.459257414603854,0.6327587399905933,0.07601960208605031,0.17625303418164795,0.159986567906479,1.019863997229441,0.4218845053632591
1091,SSP2-4.5,2075,2.781589164105148,-0.11273812343318612,30.466410313022795,585.7713085000928,0.3186947040888517,1.2031806021479892,1.291712756631948,1.0843600628822583,0.09939786002551648,0.7825098889770536,0.8283016922407437,0.06251120124480737,0.08280553641389471,0.1515431464310981,1.0079502568887522,0.4443328849046754
1092,SSP2-4.5,2075,3.0853716784150356,-0.32770868031622846,31.272901873726756,549.9815236367364,0.39091153353082114,0.8133567350849044,0.921071983103174,1.1988472403155261,0.07070952964321409,0.31798506742844596,0.5046085241385573,0.09190213649172142,0.14662409460628972,0.1768190367357874,1.004113169340996,0.6743460732143993
1093,SSP2-4.5,2075,2.643219895110141,-0.22793200501139219,37.409292229063084,589.1150170806128,0.31496788352529215,0.9606840227069025,0.950570160720589,1.001507715978877,0.09382942731685544,0.6989651327708615,0.6341162082852936,0.062227158837242606,0.12989292739004082,0.15023875923385224,0.9405115961096348,0.5525923152055825
1094,SSP2-4.5,2075,2.661789551381673,-0.11181264045826797,35.723741596192184,573.6374772276893,0.2828209462407561,0.9316653770484054,1.069622835234132,1.0504007139584297,0.14326615942256143,0.7367762251624953,0.8065473434686022,0.0629693041088676,0.0913047554523166,0.13898733118426462,1.0125375778121608,0.4417365813257071
1095,SSP2-4.5,2075,3.252768796173847,-0.19786312044139664,37.73475548995324,544.5456766448548,0.39839410186720486,1.0927093485648618,1.3030992906734464,0.959010617787128,0.0877533915171696,0.5548460308607809,0.6217145845276889,0.06714480864549861,0.13694763660239426,0.1794379356535217,0.9825331028298847,0.6093286983350628
1096,SSP2-4.5,2075,3.522231210366829,0.039714769991476356,34.0867150621977,583.4894799339633,0.3250809124399637,1.3203364791369114,0.8714871464091195,1.218395546642455,0.12246276416030757,0.5592170064859495,0.6278158746665701,0.08089314064875779,0.27965185000962556,0.17363570434972544,0.9840691704893701,0.42404492560586104
1097,SSP2-4.5,2075,3.3495365590086035,-0.04154328746681162,33.648174701766166,539.3850563960455,0.3510375813149082,1.2383334911520918,1.161083064094368,1.0052011090846447,0.10717395326177981,0.22,0.42834653525348365,0.08637429048917317,0.19562211356861595,0.16286315346021787,0.9993846627608011,0.45806798211792904
1098,SSP2-4.5,2075,2.7174331790597894,-0.17616288828776216,28.365026315055612,564.9033212809679,0.2664174691967843,1.0350714357124717,0.8645930393181067,1.2458064176116461,0.09779295252756486,0.6455468406965956,0.7233668387994036,0.07805261891348962,0.1482233585057836,0.1332461142188745,1.0021575391344435,0.46600552520045135
1099,SSP2-4.5,2075,3.236377169108215,-0.06131050219730104,34.92623056660303,553.4649279433078,0.3925894047719504,1.0307657154144845,0.9872158903429702,1.3013062746981663,0.10201928598262572,0.5188458182921356,0.7035416314257216,0.08737612387683294,0.22751740651718938,0.17740629167018265,1.0347202695391067,0.4827648317194141
1100,SSP2-4.5,2075,2.9905019488436833,-0.17784598106968463,31.62571727733274,571.9698007463202,0.3125435493965545,0.9149349738444146,0.8769262213686082,0.9155007121759221,0.1192505511620933,0.6760014503276258,0.7237230203678694,0.058744196600783734,0.06401473125331976,0.14939024228879405,0.9921660894894048,0.5187056187604685
1101,SSP2-4.5,2075,3.4805581707254665,-0.2083660096728105,39.91773587803021,573.1189312292419,0.3661952930139711,1.1310643581922166,0.9590983957324524,1.131588163945237,0.07389251391271826,0.5893027060793659,0.6413281261880239,0.07471461198539062,0.19175751901027405,0.16816835255488988,0.9806593040628997,0.635919072681285
1102,SSP2-4.5,2075,2.7578807726215997,0.028571901643613312,24.716293391351513,610.1932852847651,0.36579091647226547,0.934191975485674,0.9553101154581235,0.9680606963973388,0.09300770824105323,0.5149043199985424,0.5739564799910827,0.06962920611377574,0.2871435484464283,0.18231277158709955,0.972421484447018,0.33425643831900376
1103,SSP2-4.5,2075,2.901264165658855,-0.07650936976832379,43.37690640285762,602.7771259500581,0.30901945025171923,1.0489559265728403,0.9938757811884541,1.130300597520945,0.12471797407682414,0.6872252863183065,0.6980485682264679,0.06974915247367403,0.17749914248095888,0.14815680758810174,0.9758155470056459,0.47150370791282326
1104,SSP2-4.5,2075,3.155109684995535,-0.15909588557979143,34.73418946675134,592.9966581667135,0.2756431999880734,0.8334677500293906,1.2651280346352796,1.3583405057210474,0.06045648061693213,0.7872303070490531,0.8067978047071775,0.07702797341714221,0.26024181224077436,0.13647511999582568,0.9958180416304214,0.5177198643125616
1105,SSP2-4.5,2075,3.2621080813508603,-0.19128061906097654,41.039424490430555,594.6113751192204,0.3626720208014732,1.2429170860458665,1.1076288428519463,1.1600466598766364,0.145,0.46092526882330953,0.538281712752028,0.08266586439834571,0.22914522231694112,0.1669352072805156,0.972927605612887,0.6059120157280573
1106,SSP2-4.5,2075,2.69828948864811,-0.24456178773895904,32.880127917889475,580.950437604755,0.27458499237378425,0.9829858489400333,1.0510444077510517,1.2844647162096086,0.10555087251993234,0.4288288156421952,0.5602173757466455,0.09097012085994609,0.06279414011085482,0.13610474733082448,0.994410401635795,0.540659418011148
1107,SSP2-4.5,2075,3.418337029056581,0.028365498355080093,38.245341916460035,554.5406285388754,0.331012011171726,0.7219597986479014,1.0352108080630573,1.0818821181476366,0.10455969310255998,0.6519197471374318,0.6593331623099166,0.06890728054338575,0.1718171787308365,0.17003695308764413,0.9685954331804454,0.4328621610668613
1108,SSP2-4.5,2075,2.288990024803354,-0.27719583640936446,32.192997210082645,590.9630590044949,0.2845964136558463,1.2540621552764055,1.164392254303338,1.1631252376691525,0.11091908086936329,0.36346594527365783,0.5429969763248794,0.08770460014927146,0.10514007464507087,0.1396087447795462,1.007776065555407,0.5323074941512791
1109,SSP2-4.5,2075,3.0717326865279313,-0.0601458514280718,33.48092339880049,574.6570358062872,0.25962979586713064,0.995355595670597,1.1145061309477295,0.9548892370299358,0.07966605000796946,0.6661719198963102,0.7593203474847536,0.06135659369141179,0.24190653532408496,0.13087042855349573,1.0129224169598563,0.4189502451875176
1110,SSP2-4.5,2075,2.6474603399528256,-0.0894944507015576,31.702607762981582,572.3132263127025,0.26518945398644644,0.9553695206490893,1.1376635398788513,0.8507570494191179,0.10403917591239548,0.7178900743696677,0.8447580743449857,0.05316356817331526,0.1690275824747049,0.13281630889525625,1.037600113488864,0.40094961213863234
1111,SSP2-4.5,2075,1.961638015658431,0.11628508958806394,31.860810162018424,580.6344149079897,0.22776897395101608,1.2647768811553777,1.0308576971442514,1.150600486949067,0.06803428862351611,0.5951468639990939,0.623104828504689,0.07544614455884122,0.04826792257384327,0.17786168567688762,0.9697624353927862,0.24754090047621854
1112,SSP2-4.5,2075,2.9200067655687927,0.07860178021799746,32.568724607191086,554.3592540937173,0.3064450905632515,1.2722629493804152,1.029342203818495,0.8876560990326763,0.11064346082870247,0.3330315811034321,0.533718034639473,0.07439336473889557,0.16269418194411497,0.18655667180613675,1.0133804928401229,0.3595003064149837
1113,SSP2-4.5,2075,2.8051902325124862,-0.08101308731849491,21.36755165408944,592.0704838227396,0.3020742613339817,1.0850024349900655,0.8553650326183628,1.0593222034551706,0.10536010509048373,0.6924147763501256,0.6457160738210758,0.06566776444546443,0.3540040431990452,0.14572599146689358,0.9483927036251043,0.3799144346871728
1114,SSP2-4.5,2075,3.030412595513252,-0.2404850881284409,34.200842771571764,564.0532439939249,0.2861565169331042,1.089134575650389,1.1353340385087758,0.941012689939649,0.10680138066240309,0.6896321141765844,0.7878466027142871,0.0594363852879211,0.11534020892466243,0.14015478092658645,1.0190947755818847,0.5751753302016644
1115,SSP2-4.5,2075,2.4210032917210595,-0.16129970223097567,37.585336988629784,567.1032746437356,0.23834680763644786,1.3783257709466286,1.2132927411904262,1.3047122043759853,0.11174971869368289,0.615826998887521,0.694210025835126,0.08271046106048469,0.2179837017687128,0.12342138267275674,0.997765218144973,0.4542353204316808
1116,SSP2-4.5,2075,3.0384772174338783,-0.1551606198049874,38.04589516435738,567.8067780791611,0.3685726810674481,0.9930528436883452,1.0875898208614112,1.2511042888627202,0.06323263948392806,0.6693294945671169,0.6042430347728375,0.07714875621040601,0.24825828418369322,0.16900043837360684,0.9357394985202608,0.5469882978595202
1117,SSP2-4.5,2075,2.7625450363229684,0.06229155439240386,35.76657165516893,562.6147464516383,0.2781786532626895,1.1218096988049215,1.4304905244078405,1.2751888451040505,0.08455141673550497,0.8119612954597681,0.9451354459023886,0.07131402688646046,0.15359705122987102,0.16850830583814325,1.055473593722239,0.34890361124813934
1118,SSP2-4.5,2075,2.400356219134267,-0.03658922343663898,29.161566225782106,593.4795052602285,0.2170687888227757,1.0435086100461681,0.9005853187141717,1.3751410014438852,0.11967027979675673,0.4938561221134401,0.656937301408003,0.09260132474130642,0.28423152178230277,0.1159740760879715,1.0201837952002422,0.31046295898262816
1119,SSP2-4.5,2075,2.460175708158783,-0.16434071601966765,25.336279681138244,543.5658904469085,0.3498473763771975,1.4614660735192884,1.0398096201770686,1.1003739967166484,0.08650598207750859,0.769971971388877,0.851753304904719,0.0640003858691449,0.16100398455864665,0.16244658173201912,1.0236482515950478,0.44902343769182584
1120,SSP2-4.5,2075,2.558381139966937,-0.051534654530741575,30.270348540213966,588.5373972568794,0.28989007108005443,1.2593343528313317,1.3656799824106944,1.096007242811414,0.10946144978234085,0.28975748077937286,0.3765491925129487,0.08777597749703057,0.26538584697839773,0.14146152487801905,0.9506705609225514,0.3643534252082079
1121,SSP2-4.5,2075,2.3871692660252304,-0.04639158975637265,34.63193741330878,575.559875020509,0.43420703263394356,1.024925584251968,1.155417997704139,1.1937590311274198,0.08942661094098504,0.6082114199252714,0.7721585731119591,0.07711683837213595,0.21854909644847403,0.19197246142188024,1.0385730873489984,0.4084661215153709
1122,SSP2-4.5,2075,3.2252175119870956,0.020618237606343695,39.59237810119945,581.4298354185331,0.2932329842240119,1.213206076285846,1.1168846466141527,1.0692759419287807,0.08064647178314238,0.6491663922745875,0.7542568894522439,0.06836615418243575,0.15019919180583996,0.15294066328157602,1.016113473691803,0.4089583288397659
1123,SSP2-4.5,2075,3.567136300501245,-0.0986850060500845,36.94608623493184,616.9231998715768,0.35692193029390235,1.15153973002319,0.9961273876086797,1.4030655399234404,0.09030759093490281,0.24689892304235422,0.5509618077718939,0.10645281368991369,0.22199600287209004,0.1649226756028658,1.0505982651415184,0.5387482976082006
1124,SSP2-4.5,2075,2.2499165221788644,-0.15135194780992667,42.57803707152829,599.6440085864112,0.22071120541491807,1.1645623361998012,1.2085042886697575,1.118694433701385,0.08378300316354535,0.6821721005329189,0.7516397707143894,0.06937686448035171,0.17673502992783616,0.11724892189522132,1.003810800790984,0.44458674843409624
1125,SSP2-4.5,2075,3.393995211579773,-0.13097413985170167,28.79098078292465,551.7047535835122,0.39428086507781934,1.2164950210613625,1.2709091374733892,1.1582055422491897,0.1233501014371871,0.7253181322062373,0.8370191579703178,0.06934708412618297,0.22122556717415628,0.17799830277723677,1.0313213883253103,0.5308749827787164
1126,SSP2-4.5,2075,2.7670916405239185,-0.3130068356127973,40.136035950649664,559.1757791949817,0.21159623789219467,1.0700281253533017,1.012201349378849,1.0134453453067367,0.06699719473470883,0.34308319506659,0.4951401950633824,0.08066405114780248,0.16158559064879394,0.11405868326226812,0.9910868691870678,0.6106345018429924
1127,SSP2-4.5,2075,2.9326652534295787,-0.14056896744663394,31.303300668339674,567.8631797690904,0.3645929398899263,1.2944316625090482,1.3356420443881223,1.1910287399273747,0.09157971341999026,0.7541024883234998,0.8268903769397038,0.0696752692722221,0.22327751226996836,0.1676075289614742,1.0167403362136826,0.49849625289525984
1128,SSP2-4.5,2075,3.5101261720839956,-0.22294915722978892,33.808376746811575,576.787497983698,0.2986612056179794,1.0954910339567276,1.141647374656362,1.0090053315439766,0.07045170607830707,0.7303053195676348,0.8520392938573028,0.061063867258601606,0.1084389435205445,0.1445314219662928,1.0370300957615528,0.6052331991267831
1129,SSP2-4.5,2075,2.998473659108902,0.035214467881667544,29.7264364707226,553.7867010711096,0.29830174501432344,1.1124357393117188,1.0276445087016037,1.27222843895578,0.08508554113547342,0.5530180202315408,0.6672564634678542,0.08410178416296496,0.08467978035283809,0.16201284469584698,1.0055002484032904,0.35280739649084303
1130,SSP2-4.5,2075,2.538575739565955,-0.06700842245450059,30.807499859292705,582.6062512083121,0.30770453830233846,0.998688917387063,1.1745154792893946,1.0310981436291577,0.0907657004156323,0.7520483729495908,0.7808294829013719,0.06116632754793664,0.13886976492596698,0.14769658840581845,0.9948143256542282,0.38317612461076916
1131,SSP2-4.5,2075,2.353348785362372,0.16,35.1594522899787,555.5830487116236,0.3411918144567829,1.0135346699417038,1.1110687147237674,1.2649172987344646,0.0620277352821439,0.3574858249187153,0.4943094650554598,0.09348471714745847,0.12546664807303873,0.23941713505987403,0.985871196563451,0.33109069099922933
1132,SSP2-4.5,2075,3.036437691407998,-0.008218856356127596,33.339455224072815,586.6827645323533,0.33602551974085715,1.1677553144713213,1.1229236668880738,1.329435475239103,0.09911872239921662,0.4514771585580549,0.6048934096486407,0.09225920612343357,0.11600322034867389,0.1576089319093,1.0087818441706802,0.3971981989386296
1133,SSP2-4.5,2075,2.8115783808668975,-0.12290057984597226,26.96989455905704,577.9509701236362,0.27154539700920105,0.8462176909965822,1.0155051294467243,0.952907808253708,0.09524162555076947,0.5431377574370844,0.6728347340060865,0.06740160949565313,0.1670589864075143,0.13504088895322036,1.0115368834839904,0.4266684317111203
1134,SSP2-4.5,2075,2.6803668548097455,-0.08822435699236729,38.81322815491987,567.302808875305,0.32310100112225104,1.1243100248591253,0.8332722477364045,1.1741220693323648,0.09823068964267047,0.49916618368979415,0.6263804308532294,0.08151172531802224,0.1888867658067219,0.15308535039278787,1.0034105545544103,0.44881265686974703
1135,SSP2-4.5,2075,3.1621847401643923,-0.06820348506460744,41.70077178359578,558.2243750364997,0.3081521398351512,0.9917425835668431,0.8450372545422491,1.0150329182709894,0.08899477619868179,0.5284985437819893,0.694393981718926,0.07147876841010764,0.1335343292606175,0.14785324894230292,1.0270073498649759,0.48076766867154364
1136,SSP2-4.5,2075,3.686870697609027,-0.1803227546603825,44.81590453919581,584.6583176520852,0.378282267447198,1.1819075765805627,1.2601534327097783,1.0040151406226239,0.10004845447397677,0.49107625150273837,0.6043157728493659,0.0727566180737736,0.24415611113449281,0.1723987936065193,0.9952793798062292,0.6536151077252148
1137,SSP2-4.5,2075,2.894441156021438,-0.08451007222573534,37.164202990713264,556.5458604640264,0.3525910091131326,1.2124171688150875,1.2206599630207533,1.1728893811951575,0.07313148273765066,0.22,0.48349973283423037,0.09540365898743157,0.0552149702439928,0.1634068531895964,1.0264598688458948,0.4676558368025715
1138,SSP2-4.5,2075,3.0079745959087743,-0.05875588792700217,44.257956836804816,605.3601554127541,0.29403111039757585,1.0679541251036342,0.7607876545329706,1.1043829862329297,0.10247895681842398,0.7920839376925379,0.79423734367354,0.06311065622022317,0.18615368344974806,0.14291088863915155,0.9880317669663743,0.46477406327726745
1139,SSP2-4.5,2075,2.337063079980237,-0.031227854115901676,29.037456679595305,548.0363622344245,0.35273592190440817,0.8626620377314876,1.1871162644075701,1.3937942787532263,0.058270560049350724,0.8658048047975071,0.8969309141652285,0.07500829784683682,0.10371739769092514,0.16345757266654284,1.013835608479617,0.3437958108919352
1140,SSP2-4.5,2075,2.6376442518027803,-0.17130293183316128,25.527255107235586,559.4432971241694,0.18910664590918203,0.973633208161313,1.1698571394826964,1.1690872151103444,0.11638890988727463,0.5924212589344141,0.726589096950074,0.07657786402075938,0.21955367369680437,0.10618732606821371,1.0214736600657481,0.41916819708567654
1141,SSP2-4.5,2075,3.298043684717903,-0.017486667687274735,36.296550669111326,601.2210694419516,0.3178076764824423,1.0643551223461845,1.3323153642675438,1.2071735884839863,0.09619367814996932,0.4261385157893225,0.4821309208640314,0.08694280589813314,0.19593474434665598,0.1512326867688548,0.9569751220624888,0.43321775895476433
1142,SSP2-4.5,2075,3.6542716953340775,0.08794870620922846,27.521321299557776,546.1494148848765,0.37522925655159894,1.48,1.2807239146740654,1.0979139505317135,0.08007862201542326,0.43386080278632566,0.5777658302708648,0.08067348027392982,0.2352096067752445,0.21530459289767387,1.001345328693753,0.42652383876610506
1143,SSP2-4.5,2075,2.056770328126694,-0.15575417585288773,17.795312729437292,581.5779510164168,0.33783366407619647,1.0812401719537434,0.72,1.0609847415957907,0.05665184327806393,0.44047411065631364,0.564311360929253,0.07835431901464995,0.1349013500535322,0.15824178242666875,0.9925327649716348,0.373775088456533
1144,SSP2-4.5,2075,2.9610849219569184,-0.19021716805280103,30.886676125321387,636.5561025937175,0.3140545258733397,1.3109471503962944,1.0766968695934183,1.141101423843166,0.101835289196926,0.48526524398997,0.6435716112949418,0.08042873754590275,0.13619070806812003,0.1499190840556689,1.016490247732865,0.5239646110443441
1145,SSP2-4.5,2075,2.157103969477022,-0.09498308716051253,37.35619641111638,596.6677414635432,0.26884931372355225,1.2806242706268052,1.0729481049476675,1.1773189316339125,0.1372529336793659,0.7093976449410047,0.7499250984700022,0.07117229099477583,0.18582101003385773,0.13409725980324327,0.9938806708649675,0.38548865491522377
1146,SSP2-4.5,2075,2.331588043584436,0.05711536838826259,30.999793626656274,607.78488545685,0.29206685735722915,1.1280001001119646,1.148281806366214,1.0537310465101117,0.11311271467310527,0.7062139443698584,0.7830458741309944,0.06467674374743616,0.14380732754701156,0.1707810842691615,1.0112027378710227,0.29734117857234044
1147,SSP2-4.5,2075,3.09281717416146,-0.12404508030688757,27.645244204227428,550.8093009405787,0.3552816560901863,1.1985444283224826,1.1968028018956411,1.0271980473492806,0.0866023330802474,0.5699755921651808,0.6199977034977666,0.07005996140285606,0.09516589160887559,0.1643485796315652,0.976639747677945,0.48182855102874456
1148,SSP2-4.5,2075,2.3690375353318824,-0.05780309424863702,24.37053922695714,596.9582567315794,0.4446750288207774,1.1445357572484973,1.0962775475130735,1.1152944742413093,0.0628758204423035,0.5367949141338559,0.5675502346963344,0.07646264906014692,0.24036645856497846,0.19563626008727208,0.9619691220600624,0.38018716152371
1149,SSP2-4.5,2075,2.555226279124938,-0.04182497908279049,31.887081194091618,563.0379536126306,0.26085878108106614,1.0611717031874186,0.9651734968328687,1.0447803721808275,0.12723051159674675,0.6724001060684448,0.7007069503430468,0.06588547627554539,0.25686158256854774,0.13130057337837314,0.9820694856699203,0.3529344418316315
1150,SSP2-4.5,2075,2.9099661463335122,0.048172344839441994,33.19371146353687,611.4161850937686,0.27049549255044214,1.4421624012757839,1.0981241233555745,1.1831692367703264,0.12155960969558671,0.5677564709373216,0.6630298114002658,0.07856936612538225,0.20053126838651722,0.15875959481237575,0.998505383661781,0.34942890331296556
1151,SSP2-4.5,2075,2.897326365153667,-0.20771731473750413,39.7050404489029,549.5509232047524,0.23414229952903953,1.008690812992565,1.4460377594017189,1.1801271923080834,0.13421695252545016,0.3774514547856053,0.5894582747381665,0.0879208145388473,0.19885023471556704,0.12194980483516382,1.0259157219648505,0.5409362711586189
1152,SSP2-4.5,2075,3.4481600602818334,-0.2754175785667959,29.946306589420725,562.1733690200415,0.2962919996006115,1.343217068643047,1.243306431996679,1.254107863598739,0.09883829589163642,0.5833936045768437,0.7123354667491957,0.08160728165724376,0.2502475978051034,0.143702199860214,1.0174900185854079,0.6274020765084146
1153,SSP2-4.5,2075,2.846928317614306,-0.2574011297593115,33.07801075712425,599.1325233353493,0.3306779801081786,0.9418050447126651,0.8907129316200406,1.238610981197875,0.08712672305078707,0.794130414060797,0.8250151600017929,0.0702359936691534,0.06826747313062854,0.15573729303786252,1.0024577257798577,0.5830944913427529
1154,SSP2-4.5,2075,3.8665069834222066,-0.008830868366862865,32.73038310861308,548.195730427028,0.3234636969677738,1.1165261254426082,1.157898705908306,1.1843113289493952,0.09148878628180493,0.5783676949858226,0.6570399247059363,0.07810030219413783,0.19780129207892147,0.15321229393872082,0.9920226743112832,0.46393848592706316
1155,SSP2-4.5,2075,2.8817913550076932,-0.14446460948103482,28.55823948404166,578.2614046273953,0.2808081405054668,1.2363088122489958,1.0182773934137719,1.2901814218368697,0.10015227215522467,0.3357630670203875,0.4857796471450653,0.09593123090173514,0.119332679531708,0.13828284917691339,0.9889352829531354,0.4596676803043172
1156,SSP2-4.5,2075,2.9042885221295314,-0.086367433312628,38.39571615792226,568.4453008271397,0.3344726250115653,1.1769143170049223,0.8233952575210204,1.2244232336324519,0.10505840418037224,0.4796264827729434,0.5753011674494557,0.08519723459540793,0.11683588498007505,0.15706541875404786,0.984857987225892,0.4689390218922394
1157,SSP2-4.5,2075,2.913817543944788,0.11111898148918056,30.339207861662565,592.5872902504971,0.35896230424647707,1.0324701577322157,0.9514639501093495,1.081392238077232,0.09739696226329661,0.3232751610268091,0.5629709188110502,0.08531313169127973,0.1525031228559893,0.22119629723085724,1.0309978700262934,0.36732472178901265
1158,SSP2-4.5,2075,2.773123179721741,-0.20479817057589053,29.893644260364205,564.1818864831885,0.1982871796080748,0.9078177990755429,1.0676819703137352,1.094683528211828,0.10990178374753382,0.5245423200358407,0.6286471105162875,0.07596545859422946,0.22435477798166617,0.10940051286282618,0.9960522725105769,0.4783621844559277
1159,SSP2-4.5,2075,2.9387504162710765,-0.24788206992691125,33.908471737747846,587.3431307623831,0.3190630519535031,0.9041169474356061,1.2168295456921927,0.932092410954922,0.09849010103505312,0.8055725247189418,0.7822758121525598,0.053159042046241015,0.12728382808512248,0.15167206818372608,0.9776570068050789,0.5827370289079596
1160,SSP2-4.5,2075,2.482541286512523,-0.0800908594690491,23.26662368082053,586.500856851484,0.2908446377608718,1.3183276677976192,0.9707880934560651,1.2802152867097787,0.06943545923661015,0.5991235604006266,0.6199119471538012,0.08222656818741829,0.14226413805759514,0.14179562321630512,0.9668675273490386,0.35460483411641164
1161,SSP2-4.5,2075,2.7542489305557414,-0.02695756083927546,38.64776194827152,575.2085410983451,0.3242764299423409,0.9202807169726462,1.2289297711420055,1.1459825247050068,0.08314147334943962,0.27976262404088986,0.41285058909806516,0.09096669705130203,0.21193440957586152,0.1534967504798193,0.971827711422855,0.40456509200087454
1162,SSP2-4.5,2075,2.6639269092566384,-0.13645347608579228,25.878107330850625,585.436806517956,0.251080560455803,0.8776513958277087,1.3230385193623302,1.1064546292961313,0.10095324663751128,0.5217343438445945,0.720405540213601,0.07673968592371579,0.14152137174503784,0.12787819615953105,1.0420346733232813,0.41410939478784653
1163,SSP2-4.5,2075,2.4102115267756306,-0.029575808783753488,35.61705559939169,561.9307200361824,0.3456457140727227,1.249600031520511,1.0083454415504862,1.020435297636586,0.09351659275897942,0.5667279057773035,0.709971487703559,0.06985819766079714,0.1449220129497787,0.16097599992545295,1.0218928330531782,0.37185477794079136
1164,SSP2-4.5,2075,3.4270051882605843,-0.039928310641491015,31.43658305438629,561.567544190758,0.4267785810082372,1.0397401602286471,0.9893867650789324,1.1873590122236124,0.08681674484857288,0.7665913308776386,0.7775906155480741,0.06885322642200488,0.19918507071781977,0.189372503352883,0.9883696324524465,0.4794429650880508
1165,SSP2-4.5,2075,3.196411312994394,-0.10685445255703285,38.35895096376158,582.043428176421,0.2564860338528202,1.0963587821781617,1.0202032616159218,1.2274808846132195,0.09975268933068898,0.35619252854484834,0.6285550423882791,0.09153357505193094,0.11981097412645114,0.12977011184848708,1.0522052967345477,0.48607305951722835
1166,SSP2-4.5,2075,2.5839477912302824,-0.21234742758814273,26.778047256386152,580.2519109634798,0.25320767437181896,1.127541501439557,1.1920988650585116,1.2666225552884725,0.09270244161784778,0.5819819945048462,0.6155408825868856,0.0823517301749062,0.2053276228758396,0.12862268603013663,0.9704438983770352,0.47375959638303605
1167,SSP2-4.5,2075,3.33836655769424,-0.18564966538285926,42.141710099607955,611.091575550721,0.3991641126326376,1.1379367678815595,0.9759788425517815,1.3080749316761535,0.08122963893976251,0.5761178997669107,0.5054371386014849,0.08487698594806271,0.18172477166981707,0.17970743942142317,0.92,0.6239585789993686
1168,SSP2-4.5,2075,2.9689051073012993,-0.025154763868247373,34.314977168094366,585.1548392586469,0.22349644357824383,1.48,1.2772481424534365,1.047910702395063,0.08754584372527906,0.47298897228998615,0.6055033526241417,0.0760245892067733,0.17052329411331726,0.11822375525238535,1.0019002361746852,0.3726886212695172
1169,SSP2-4.5,2075,2.78433383998585,0.023150761851033944,29.75622750224511,623.1617282073969,0.258292453471099,0.8216769862246646,1.0783625463293947,1.1898643526376662,0.09377461894855589,0.504764776459095,0.557769146658625,0.08207945708830419,0.18073034433679724,0.14197773964040164,0.9678597393453434,0.3212785201295877
1170,SSP2-4.5,2075,2.3061005185891377,0.04641717931671471,32.2989968902097,560.0753899808356,0.35433084590032693,0.9793797346157798,1.0490913068694092,1.0663726045098851,0.10753241241808799,0.5730801955970458,0.7193666363510592,0.07201413046298767,0.07198030581508075,0.18722438572347178,1.0243844870966698,0.32019311335885114
1171,SSP2-4.5,2075,2.0973583048795845,-0.10820585922081834,41.3775818979059,573.3990827785391,0.317667177042235,0.987008523721164,1.003830763370662,1.0394958366373543,0.08981092678210573,0.4210570672452292,0.6235367133961931,0.07816807630282684,0.24535795193040105,0.15118351196478225,1.0280887910377237,0.4223648160612896
1172,SSP2-4.5,2075,3.2043512834624686,-0.11790236045225251,35.45263290662223,548.7323744781587,0.2617519040370561,1.2063204683949842,1.0992368227860934,1.1438744767827305,0.10610971294144396,0.760026259253239,0.7915164470023005,0.06684000501794662,0.19064742774036145,0.13161316641296963,0.9973974899849571,0.48638660545111934
1173,SSP2-4.5,2075,2.875138329288846,-0.1618403293186651,36.23243359902132,565.3019811293586,0.23567737133747946,1.021833321934399,1.182924668804494,1.1428391795149402,0.11286166625977488,0.5378182131377819,0.6123020328379419,0.07789466054776151,0.22762848861799861,0.1224870799681178,0.9835965907893591,0.4883527754674157
1174,SSP2-4.5,2075,3.1032008606147032,-0.08276089430334627,39.393128048626664,569.7002809544477,0.32833382237574843,1.2229598860212327,1.0916901239493713,1.2043654519201517,0.11463861390200022,0.6067901933376205,0.710021411673118,0.077759014667281,0.18359126348608076,0.15491683783151194,1.0085438211908269,0.4852297012257244
1175,SSP2-4.5,2075,2.9645157875401273,-0.258853679292551,30.687172445494113,591.7226091051972,0.3735959176810686,1.0419980608226693,1.2401889818387148,1.152374027276458,0.05076672108215079,0.7459701244079688,0.7496856848822622,0.06800047986371853,0.15788624643171567,0.170758571188374,0.9815545819580139,0.5992285762473767
1176,SSP2-4.5,2075,2.320360304583032,-0.05301149471112061,36.508958586187454,558.7851935930571,0.3620192229083191,1.1849502095036113,0.8195802856416552,1.1270309214412932,0.0404013365730959,0.4466076450463934,0.6144624920527061,0.08160397505605765,0.10714896675397159,0.1667067280179117,1.015104925861296,0.39200494579180745
1177,SSP2-4.5,2075,2.6688250103988698,-0.09605614810990518,31.793727831912026,605.7564010857749,0.2438055215036561,1.1479481909958102,1.1765544642877845,1.2164686655482182,0.07797695085357167,0.5115996519698398,0.7679060109169341,0.08317025323871975,0.18706524525488374,0.12533193252627964,1.0687362306289265,0.4016751906767303
1178,SSP2-4.5,2075,2.6241640238719803,0.032260228216512116,27.05560886537148,578.8909877419395,0.31655876793285526,1.2967035555335176,1.0850927220497801,1.2913123731305616,0.07835768675541417,0.45322094158356224,0.6173668643637115,0.09011923455092904,0.13790050012597407,0.1669256828847554,1.014323070006291,0.3156722517726617
1179,SSP2-4.5,2075,3.358221212602206,0.018769794754053423,30.403071021365236,570.7513480210391,0.42839667347058663,1.2559672571007618,1.0653642833201569,0.964314646137479,0.09690302492708444,0.6218426132829896,0.5849505334447285,0.06408058105094554,0.17393095220793472,0.19932373309173204,0.9421206186023996,0.4288538539545352
1180,SSP2-4.5,2075,3.1739976778891696,-0.01919780133768438,32.511985344148485,573.906070674187,0.4123409227746253,1.0282095466450498,1.0644753364462287,1.08563546925157,0.07890181240865682,0.8281435616881673,0.8162420097066607,0.06029819333683,0.08735593251578479,0.18431932297111886,0.9867966994451834,0.4397114773433201
1181,SSP2-4.5,2075,3.0627903773745206,0.08110151873631966,29.33380078341515,576.5009882130204,0.34726208648633905,0.948208940393757,1.2865075909352122,1.11192444130535,0.06515042339092166,0.5020431516249017,0.601021191071365,0.07801877387365838,0.034441954474661945,0.20209248963837848,0.9900010890017029,0.3727186306195698
1182,SSP2-4.5,2075,2.977588287658217,-0.11576749125473795,31.15481840886673,546.7492564911984,0.30120590960907667,1.154361520118041,1.2199479805797149,1.2625562325597448,0.07615275711546257,0.39016393441061886,0.555795997316456,0.09172367734037838,0.09680634906270374,0.14542206836317684,1.0051469471230063,0.460983758554845
1183,SSP2-4.5,2075,2.2734936249098254,0.06613055419115305,33.73918980619992,590.0699904169765,0.3897163401330261,1.2767172606128683,0.7400375804974028,1.1367010685443721,0.11783475724289441,0.4439884288402991,0.5081541153296283,0.08225563609498968,0.14925776907142962,0.20946599614213565,0.9637915192798558,0.3342938892438858
1184,SSP2-4.5,2075,2.3754287566242387,-0.08698331432923576,35.31171598814394,579.2724646334991,0.3339445029013273,1.3254627905983187,0.8094984192575296,1.0325875529354196,0.09207170890867722,0.4106101296247439,0.6113250681272582,0.07831843867682385,0.08829024488769405,0.15688057601546457,1.025581361082285,0.4111390874562738
1185,SSP2-4.5,2075,2.956436525642965,-0.15070960936051644,29.437167200046847,591.5043468286159,0.33355230128318974,1.0093559368004297,1.0065938939270118,1.1646502661614002,0.10655866762430102,0.6552167968002472,0.6759158033401631,0.07319917449175534,0.19487475746582753,0.1567433054491164,0.9756353872896703,0.49173681043969697
1186,SSP2-4.5,2075,3.1138757032647817,-0.17342372201016587,22.601560442860595,541.3013821017252,0.25611006159384875,1.2441038195544707,1.2069628492300217,1.0524301482440872,0.11391877780544805,0.629722923028207,0.7058973688739328,0.06843124644634818,0.18742249476450773,0.12963852155784705,0.9988639289599692,0.47294631544905885
1187,SSP2-4.5,2075,3.0211668846296043,-0.10897382013032604,32.40698995228815,521.2653801343258,0.3134740587421268,1.2101497537799875,1.127300041835939,1.337028295853555,0.10911394397789005,0.39725896190904075,0.6923255431572697,0.09537896014281631,0.2084223368714402,0.14971592055974436,1.069802093174478,0.4679756096650805
1188,SSP2-4.5,2075,2.5087419137010816,-0.10994821089156409,31.360254272611435,599.8290038011776,0.3278807271146527,1.0048769021098156,0.9323168803230657,1.1620050202711067,0.06428486935696663,0.4395028538040797,0.6153374175980802,0.08384243532439406,0.13427896161620587,0.15475825449012845,1.0179061432600958,0.4245622700772052
1189,SSP2-4.5,2075,3.142731134767458,-0.023804882133029753,35.844137652683976,555.0607830825859,0.25475386284512946,0.8638879563988275,1.1241246671711835,0.9721065353584912,0.10051938672438807,0.5933561681468238,0.6448107637687389,0.06592446657350064,0.15007558180712874,0.1291638519957953,0.9810158431741867,0.4027511563138301
1190,SSP2-4.5,2075,3.2860911775939714,-0.18748845171283002,34.666921956794,589.8691655573298,0.2703204176992519,1.1182914914939268,0.7287702647832193,1.2222803955254844,0.09457883356005409,0.6431490850600047,0.6464978008615581,0.0769057208906797,0.1229812480680235,0.13461214619473816,0.9652222440283705,0.5505871104640317
1191,SSP2-4.5,2075,2.993642108388755,0.0047874873204757085,36.034340026374494,576.1102799978306,0.3834677396278768,1.0662674088208195,1.0619983038583878,1.2096714325709774,0.0715351173826981,0.6258847939935064,0.8157582477768024,0.07708999128491578,0.15450746418864317,0.17660745252999474,1.054076870404598,0.408411362313596
1192,SSP2-4.5,2075,2.843320923114765,-0.14355942455909718,29.580760501704983,589.4769442209098,0.29982281260450905,0.968434536838098,1.2255371876813868,1.0773051757489123,0.08186850672760249,0.5503659830469878,0.5877925889986838,0.07373851800336126,0.1386053579869264,0.14493798441157815,0.9673760082585776,0.46562260944548284
1193,SSP2-4.5,2075,2.5143368589499544,-0.09221469807190322,40.58160494585629,556.1928704727809,0.3209450292311136,1.3396137150396616,0.997101596074701,1.0868640402031824,0.08831663211533379,0.628623342379778,0.7131132336621075,0.07034035812272091,0.21028363883062093,0.15233076023088976,1.002773322596076,0.4436771698663027
1194,SSP2-4.5,2075,1.8723221651327147,-0.2844698124829479,32.04225553050027,526.7711131337829,0.36947549942218144,1.1702007521042428,0.9077768096063337,1.0727659611531892,0.12027626336715685,0.47000154948750694,0.5743926113722158,0.0775123204338733,0.15390872689932553,0.16931642479776352,0.9876249465174399,0.5286399642236703
1195,SSP2-4.5,2075,3.026669701913111,-0.14707170076989182,30.76455705126704,559.8019456947404,0.3299020000205207,0.9291384845888147,1.0896490092327709,1.2412111335821032,0.09193144233731058,0.6035451341255818,0.5983722184158825,0.07990526587121877,0.2068748262386862,0.15546570000718224,0.954817476994239,0.4988141176869151
1196,SSP2-4.5,2075,2.734885772886148,-0.011197433442595134,34.501442146647456,619.475844691005,0.2065684709443555,1.073137980161988,0.9420876279878225,1.1476405688852631,0.1030375576354678,0.96,0.8803763731976766,0.05704410755536032,0.20090113519907593,0.11229896483052443,0.9742647650243139,0.335974194053871
1197,SSP2-4.5,2075,3.274304264984609,-0.15705063060878366,33.0141942037524,606.7940852189083,0.2839807268736879,1.0539229367758998,1.1200928283766223,1.1217405978437875,0.09106786105036338,0.43476425450711054,0.5979507331889813,0.08191128100469455,0.13174823916600736,0.13939325440579076,1.0109526924245809,0.522539220844084
1198,SSP2-4.5,2075,3.0503030743809694,-0.15344653362683616,31.504336108848342,552.3557386545918,0.3035844757778215,1.017682263060535,0.8589924117273057,1.1979333359337956,0.08623919082047078,0.3935603241483667,0.4885765950949288,0.08807416341978604,0.25373444488970415,0.1462545665222375,0.971014554839983,0.5004876802489929
1199,SSP2-4.5,2075,2.8336745928574167,-0.14208410232828134,53.51669383502389,565.8204826204018,0.33239472933395287,1.0757053013940323,0.72,1.3428467790095318,0.12947206756128893,0.6688762023167182,0.766315123209951,0.08211140106160042,0.2729080691705616,0.1563381552668835,1.0154534773115222,0.566131936263008
1200,SSP5-8.5,2035,1.6194413701028745,0.026777645726685388,16.330798215409384,460.0861035843092,0.24969688476401483,0.8670739453770222,1.0252564427791655,1.1705447951914374,0.10334998874898851,0.6897263037530692,0.7118881840750442,0.07481994301496239,0.1166733638864197,0.14078273253074788,0.9817746551476335,0.1649413984279382
1201,SSP5-8.5,2035,1.4848642276679038,-0.0666832978911488,15.322724583887137,465.0029296651812,0.23196245639512844,1.0260004209517524,0.9074619271900861,0.9454964846110583,0.07608399352620704,0.96,0.9417109979979563,0.04918827224828775,0.20347846570159672,0.12118685973829496,1.0043744899262694,0.20671886004946607
1202,SSP5-8.5,2035,1.645416722022921,-0.0990103935212239,19.95486148365461,473.34742977742684,0.2876502539017549,0.8933131168912962,1.009799616527134,1.0877964603592818,0.09556095398620157,0.23914211115104156,0.2530140469132558,0.09289347307717846,0.09250048335954075,0.1406775888656142,0.92,0.2831692341540779
1203,SSP5-8.5,2035,1.215808301055106,0.0033319311883317146,18.19314776012743,470.298641387997,0.3305349717985954,1.1997401910779522,1.1281093765111374,0.9106673990553171,0.04569761733908668,0.7824509855281484,0.8385771401140117,0.05619031067272504,0.16327307206321529,0.15735320572367426,1.0130142307051184,0.16835454080585793
1204,SSP5-8.5,2035,1.6412687361182101,-0.0839284934827966,12.835556292150514,474.5455633683489,0.3111557485521593,1.0854557878695197,1.1592659343954932,1.238152058314187,0.07429701560034509,0.6592173983570095,0.6606427016657751,0.07998577937599036,0.11356901120598886,0.14890451199325574,0.9668022092934769,0.2505863717053918
1205,SSP5-8.5,2035,2.0464511147679447,-0.1612511736899516,19.875111698793226,445.23520282337506,0.27108913609146884,1.3523146539473716,0.9474052592519621,1.1583629223973995,0.11285143839454867,0.877597408878273,0.9261620357091132,0.06477044076210016,0.15370726348033004,0.1348811976320141,1.0242488461298356,0.36386783058978744
1206,SSP5-8.5,2035,1.4311849563771304,-0.025928173504569878,12.366732493887044,457.50812073704867,0.2099643810912582,0.9845426766990323,1.2791056033909287,1.0027610169030852,0.0706715749783628,0.5726205853350438,0.6099286245608523,0.07164071779726008,0.03840200481247226,0.11348753338194037,0.9708137984798474,0.14999352652906336
1207,SSP5-8.5,2035,2.066503288479945,-0.11673516050161101,12.661265354156704,484.52954625559437,0.24136604480684581,0.9496454922215128,0.9781169703426302,0.9524262654261987,0.08143148581391008,0.5092146200344546,0.5958421773437781,0.07210068329045718,0.07293494007846227,0.12447811568239603,0.985064697535444,0.29162849280771513
1208,SSP5-8.5,2035,1.5049481121372663,-0.04651625605346264,22.52289789022068,447.534673182903,0.2587841298402417,0.9945541612499024,1.0931256209600326,0.9009697955378685,0.09114308347362518,0.6636382870863897,0.6954644600449644,0.06160876694387343,0.10137432159470583,0.13057444544408459,0.9824207540055986,0.22821317481827053
1209,SSP5-8.5,2035,1.8617888693606013,-0.08011157034518743,23.91915293362819,445.72319315881373,0.29266413142470443,1.254803168903912,1.2267138094556618,1.1801291255848627,0.07735969139069236,0.8366939791970405,0.8327816593526953,0.06798763857164057,0.17709925905908472,0.14243244599864655,0.9920618789902746,0.30340271496662186
1210,SSP5-8.5,2035,2.056310253677971,-0.1327577009083787,20.8288565641917,500.0015637193606,0.18913812217479925,1.1497148999253672,1.1115078898024877,1.2852405009352559,0.1174481789963741,0.29658310348122335,0.5222577151101279,0.10065302564552953,0.13891659002677328,0.10619834276117973,1.0199216823283308,0.318497730906913
1211,SSP5-8.5,2035,2.074801265216401,-0.007027097985380176,17.588466589233008,458.63832309226245,0.23943067261755827,1.1393593769270303,0.7894375902109932,1.3860582485508497,0.05113331869153353,0.38896839734585065,0.4905313473892122,0.10146240890083014,0.12714377935023338,0.12380073541614539,0.9735070291679803,0.22033320995393305
1212,SSP5-8.5,2035,1.454483505870622,-0.09524067060212092,19.605049873263074,492.2723152317187,0.3084281426153288,0.9030580222810077,0.9904600226503846,0.9692145254949937,0.10752129838724873,0.96,0.9133657404176754,0.0504653975266535,0.01,0.14794984991536508,0.9904595452959497,0.26871521551824445
1213,SSP5-8.5,2035,2.111294779096684,0.005848901105732024,11.667651824884821,489.3515700650715,0.19264329628868504,1.1070220243796247,1.2280792525854944,0.9482536041912527,0.06388752840365952,0.8495795768414514,0.8955744519643839,0.054857753691302566,0.1233734977868054,0.11034960425390578,1.018585984949624,0.17505756194123703
1214,SSP5-8.5,2035,1.471503256416398,-0.040812004245057217,25.242508084154462,490.1551042018939,0.17872079739745186,0.7832965439165505,1.2670590260557975,0.8348734316431888,0.056723872218692045,0.6086666430793928,0.7117723226962275,0.06079831416527899,0.13421438647461953,0.10255227908910816,1.0087769662883725,0.2052222885806403
1215,SSP5-8.5,2035,1.6674344292857777,-0.009872113773747908,17.436593648652327,476.4794765338114,0.2656357461289621,0.8308322031992896,1.0546987003282233,1.083767130840888,0.07533856950945658,0.5944973302682456,0.6965728688638476,0.074908748224174,0.15816202150937153,0.13297251114513675,1.0060453904654345,0.1949006888139259
1216,SSP5-8.5,2035,1.1063826288258687,-0.1747600938668608,20.999942460908773,455.4551004564093,0.28433714978781344,0.987389132064885,1.2445171239362585,1.2586254005684614,0.05696831042062811,0.7504059071731316,0.8991154978558521,0.07652876467195287,0.05523798486801146,0.1395180024257347,1.0534302906619875,0.3013366561239775
1217,SSP5-8.5,2035,2.1511056051210073,-0.042898811810487825,16.081573896862405,487.45279080820984,0.14075991798124463,0.9524900513282533,1.0868132481451829,0.8930450209048785,0.10533878638341165,0.6395805718371641,0.6884256091667222,0.06238493407225063,0.094217891203252,0.08926597129343561,0.9869962208831121,0.22190690588628648
1218,SSP5-8.5,2035,1.3476795085200584,-0.16407419285831168,17.275520359771665,484.0838581941914,0.23395165394597509,0.9828733895547895,0.9102933102217847,1.1845922937226026,0.08363582111860621,0.43266684133794825,0.6660582945453268,0.08842931990278118,0.13944776674789694,0.12188307888109129,1.0450874681047109,0.2830718931810522
1219,SSP5-8.5,2035,1.161835474488553,-0.03115519084117776,12.283782401051056,509.2437845145968,0.37282574818584574,0.72,0.8990011635340073,1.2162513895045417,0.07480817385910468,0.4289410383322647,0.5720368035387052,0.09032033059516976,0.11813825828557092,0.170489011865046,1.000175204213903,0.18294693542693527
1220,SSP5-8.5,2035,1.4907126032992388,0.0518150162422129,22.189758360791682,483.8222480671736,0.31857552855885707,1.1647664045485244,0.8823804650269043,1.0459413605118453,0.059897629940290825,0.3550317872404463,0.6344610529306409,0.08484525312707704,0.2231302441343735,0.1774089431167064,1.0554920875525946,0.1984310107834192
1221,SSP5-8.5,2035,1.2731017510536258,0.006505939744765418,14.129215144908205,446.5223942223608,0.27657989501453517,1.2831619341357428,0.8687487079784249,1.0660917520558812,0.0838852990848197,0.8648820934215868,0.98,0.060437758901160404,0.14731492785682027,0.14005593312747003,1.08,0.1377184547440478
1222,SSP5-8.5,2035,1.556904781873399,-0.02911065185778508,24.825792098199894,461.81967860467375,0.24277735209000686,1.1764755858788398,1.2733361055797239,1.05326236212783,0.047693820201500356,0.9375926218046811,0.9724179438902132,0.05611141917818756,0.13508576041540635,0.12497207323150239,1.0269287990673057,0.22211916515718702
1223,SSP5-8.5,2035,1.6303359872923615,-0.03503951208876001,15.644656938860525,457.6713413437104,0.28660467981431337,1.0082003126865722,0.8672313955556341,1.0958543403996588,0.08027975430053473,0.7242115396081189,0.825493876188087,0.0690738875026526,0.15630221708328865,0.14031163793500967,1.0260329234522416,0.2122527757576469
1224,SSP5-8.5,2035,1.1789755526086076,-0.10874548417723215,16.616235240004954,425.1031198625942,0.273932685525787,1.0008607891809544,0.9656551471703727,1.1519138526305501,0.08183078799645928,0.5654965640955796,0.7005404762949785,0.08002822539840447,0.09532296609725426,0.13587643993402543,1.0176741080576286,0.23310687308709693
1225,SSP5-8.5,2035,1.2397099647503758,-0.12401013822231632,20.948366650330502,475.29298807164673,0.2517818260613975,0.885804633910299,1.0811604318217654,1.0553160785134323,0.06074607384495727,0.752605114868169,0.7650296427067017,0.06547137925346867,0.05343126836955808,0.1281236391214891,0.986872189892752,0.2605086310650092
1226,SSP5-8.5,2035,1.5882736814075489,0.0594886280901473,14.55723734641672,480.0970768547503,0.29484950903114315,0.8875245912460796,1.2216929580145057,1.0824482670366955,0.10328054979886875,0.44529734012316297,0.5843836772462374,0.08229773198812544,0.01,0.17294164220597377,1.0007763658361297,0.16995820037624867
1227,SSP5-8.5,2035,1.5510887942020257,-0.08939034439235928,11.209864241275632,467.50835043806626,0.19974925290760492,1.3330077169328345,1.2574179332366067,1.1776981417044063,0.09385531453703219,0.6350814580693928,0.7503780314306501,0.07793736549599839,0.13715139463342846,0.10991223851766171,1.0189111141540637,0.2050033806801113
1228,SSP5-8.5,2035,1.321331749598547,0.002776886763176681,14.985933605390667,454.9379234080948,0.3375801496621513,1.248475791365638,1.0793202014521583,0.9627088554012574,0.10466249870925232,0.6719314495590536,0.7242508476679059,0.06451851973596118,0.061591518184820046,0.15954149576334128,0.993783844965986,0.16798213692618227
1229,SSP5-8.5,2035,1.6726534134206257,0.000246048809906696,10.096230877595069,446.1383018559909,0.30388970849707087,1.0623085721987187,0.9874250846945339,1.1836010128684362,0.08700183529792649,0.6370348924574909,0.787894719036573,0.07815754068542587,0.16686908272930043,0.14648442237892814,1.0366763052448715,0.1711325688016822
1230,SSP5-8.5,2035,1.635072500096433,0.015129328205581535,21.737856723439087,483.14317488318966,0.29034610072646416,1.2664116544656714,1.0370167008810942,1.0268213622429847,0.08513962670237817,0.5813149627629721,0.6193868024545324,0.07250155598262749,0.08021796372569016,0.14918579935705323,0.9725545627262583,0.2002181514898794
1231,SSP5-8.5,2035,1.9274302403547465,0.03647746375633603,20.142577861271555,494.6392594254015,0.354672645799363,0.8396948792205252,1.2883518249167096,1.1468686251447346,0.09277341270209993,0.6011040888073211,0.6686913374436497,0.07797618306742733,0.1898216373811848,0.18237415790794506,0.9901526370995659,0.24041426424168078
1232,SSP5-8.5,2035,1.1150905023897075,-0.03373887168146346,20.85163905017362,459.4142224849335,0.25279084766364185,0.7245973956946703,1.1611635460198189,1.0405942137277053,0.08709228560367431,0.5744160670946328,0.7513216280820642,0.07358811584599095,0.06747651788849693,0.12847679668227463,1.0396255448428777,0.17521684668286824
1233,SSP5-8.5,2035,1.1696393898189767,-0.0018185678104443506,29.843558145479513,466.2015849145346,0.3569644869271498,1.0039161777825738,1.1778380526469872,0.8134362150665545,0.09860782779308536,0.33858723903463117,0.5394178117351511,0.0731479727056983,0.09087398642833361,0.16493757042450244,1.01432398560315,0.22189126923781516
1234,SSP5-8.5,2035,1.6928986846012148,-0.10268488704650064,16.22438115630554,471.4216250993399,0.3114058188346582,1.3248828535688688,1.1959576946823176,1.0146991791976727,0.0968336064998147,0.7219248205857178,0.6996020685507963,0.06481833015828109,0.1721193642314106,0.14899203659213037,0.964994838998504,0.28366504357427497
1235,SSP5-8.5,2035,1.8452615956395766,-0.19126232780903513,16.79318430999074,463.7726264112264,0.21948337334852808,0.7698134012694973,1.0009771435180876,1.3263597618084653,0.07956427556712632,0.6937785545104391,0.7186897849962168,0.08300736714108771,0.022954244682338226,0.11681918067198482,0.9837609078924762,0.3424782286444562
1236,SSP5-8.5,2035,1.4088015045680646,0.11791273478902001,18.4589770423862,461.4260874041274,0.3785341123417244,1.0812731946027807,0.9838522187984591,1.0127119091476422,0.09068847753573596,0.3925705066264993,0.4892815200692807,0.08117903900739422,0.09999452259374084,0.23144330671411353,0.9716910280037827,0.19625610936713192
1237,SSP5-8.5,2035,1.5979045519405122,-0.0012055342907115116,15.261489174266615,471.04069511822456,0.3000105220064344,0.9743782434039601,1.021744857475662,1.1975159405970068,0.10769453282648173,0.4813770781658946,0.5612185554621435,0.0866896967392364,0.07031428351961402,0.14500368270225203,0.9773603244064009,0.18440249238242284
1238,SSP5-8.5,2035,1.7930271262445483,0.05304180567779299,24.58342489850446,464.793965700908,0.3057255015968493,1.1533428493196685,1.0655529117798253,1.0066591323225897,0.06669849605803498,0.9192881853052206,0.8814620799400228,0.054517236321339944,0.14094690038875934,0.17352482839779376,0.9883880922941229,0.22994477131382313
1239,SSP5-8.5,2035,1.5004041994839021,-0.1074009207652076,12.162052635396247,442.8730674990521,0.26035854543699183,0.9412963246298731,1.2336074625381284,1.3084549299910904,0.07849280287619645,0.7341521519963037,0.7347808726022307,0.0800245809381666,0.25814966416646745,0.13112549090294714,0.9781827281746925,0.23861436574935965
1240,SSP5-8.5,2035,1.7874537593809101,-0.13180385563053282,18.694563959610523,490.5307707435349,0.33334708715110895,1.246828794580539,1.0203839969743822,1.1285722956597641,0.10851327981994999,0.5344071028746055,0.6414149031955905,0.08032584539179548,0.06526449289940797,0.15667148050288812,0.9990270541364216,0.33249747126551354
1241,SSP5-8.5,2035,0.9645975619574311,-0.05104310785377593,18.612373414143168,461.07563139529236,0.16483260328892763,1.020702254559214,1.430358961933511,0.8460066953768426,0.10214291035372007,0.513908347906213,0.6044986950751591,0.0661357123557501,0.2240903581247758,0.09769141115112467,0.987747409081295,0.13931307447483768
1242,SSP5-8.5,2035,1.6833511134261931,-0.04143604365889918,21.59717149261477,470.00673651768915,0.32350663269518093,0.945736532304889,0.8228537919202789,1.2634891128607935,0.09096911665278852,0.37707588675030185,0.5376364274355462,0.0954571578934507,0.15181189981574378,0.15322732144331333,1.0006012774549855,0.25695747368887867
1243,SSP5-8.5,2035,1.5490184393538222,0.092732806720424,11.515010097047323,455.61272793492674,0.2807534192311222,0.8360595597640528,0.9944943227376392,1.0629179918071203,0.09000645759778032,0.40160902186700265,0.5754897556388305,0.08343051769626404,0.039554480616058166,0.18463010009110478,1.0109942138321866,0.15027536691856921
1244,SSP5-8.5,2035,1.603335129980586,-0.07180807048311669,18.087845555979918,472.9200094251574,0.33857425449100076,0.9218306838436292,1.0847369793336479,1.1497732856648715,0.06417669394860256,0.6275365185153193,0.6410369159572731,0.07681096637926556,0.0854982282787036,0.15850098907185026,0.967753204561911,0.266331448233384
1245,SSP5-8.5,2035,1.6471501179706793,-0.08788449784164037,23.235417585914604,496.5396753544597,0.22031207557983412,0.9798176668482836,1.364396896691741,1.1021510628202735,0.0848130781494138,0.41330049013889525,0.6625193563031998,0.08495849426030072,0.15159030992392183,0.11710922645294194,1.049815011295205,0.2650539344383034
1246,SSP5-8.5,2035,1.573024451875364,-0.04463308673054749,16.158665723204862,469.44416936829623,0.4500282348442145,1.191209212439409,1.3960721611234985,1.2533933054410489,0.0705020892933065,0.36843831058177634,0.5771481513272183,0.09534541630235227,0.16906228697173703,0.19750988219547508,1.0228813218827906,0.26983283996909163
1247,SSP5-8.5,2035,1.8844455432423244,0.13006357469427168,6.958297763178658,489.823656706784,0.2073343575695641,1.0896047174094874,0.9356499348860231,1.2341945344027316,0.10171467373598313,0.6298323692759032,0.7358304220305079,0.08124193338865962,0.100639813902159,0.17759881249648327,1.013521801725784,0.13841585356216554
1248,SSP5-8.5,2035,1.5271216643354,0.08842434720709846,27.7141706332359,473.9158884352125,0.38865945433411486,1.0873279381338221,0.9156861285070459,1.130216575256077,0.08904244711186254,0.45707922369966153,0.6325663086716531,0.08428077748265184,0.17508958895561227,0.22024298262048944,1.020496650672888,0.24547226112550277
1249,SSP5-8.5,2035,1.3610062630212592,-0.009033216605765067,18.119057374445585,510.56892018637404,0.33090554853472337,1.2088804194592306,1.0604209471215484,1.0174072708427122,0.05466563432793607,0.666691471982891,0.72515450267272,0.06772581790777071,0.059415570629526834,0.15581694198715318,0.9959766572101375,0.19107700322792115
1250,SSP5-8.5,2035,1.5382336198540174,-0.015170326705058843,23.027579495522584,482.2624478725338,0.18363822516560802,1.052809414811855,1.1875594185743843,1.1743341210657212,0.08895029216741654,0.35858825588444065,0.5115082874861258,0.0915808860323937,0.21153099601696818,0.10427337880796281,0.9939462433470375,0.18301183067212007
1251,SSP5-8.5,2035,1.584452141607041,-0.1836200803112964,17.88319026985626,482.8175863428968,0.32486072848724007,0.742651846811903,0.9359844946724483,1.2872346840923439,0.09353289122794058,0.588353336339102,0.7117400912800741,0.08617189309570955,0.08732891448922656,0.15370125497053402,1.0155420947159288,0.3515488116511397
1252,SSP5-8.5,2035,1.6225035660616218,-0.023499507260609898,9.367605673570186,459.22190199932317,0.19661068429076567,0.8549233918617747,1.0120063010393712,1.1130621688404105,0.10674776291323088,0.3814497761843908,0.48044411336702336,0.08713855105141795,0.20706441656588717,0.10881373950176798,0.9710649667302584,0.1488910795089392
1253,SSP5-8.5,2035,1.6629622963997088,0.02470288255279012,18.018308437581943,476.23960847300043,0.27547569869762695,1.2294959621824688,0.945201909065755,0.988427549255518,0.06555807978949564,0.6950621000601677,0.7382636002667589,0.06474683995690411,0.08430534490140212,0.1487679358205645,0.9929414009108692,0.18355564984054157
1254,SSP5-8.5,2035,1.5531859447078038,-0.05277789238019358,26.160229435883792,481.42292645248517,0.3014012685347113,0.8481843892551102,1.1560295397066243,0.9532211362463711,0.07100078053951765,0.6989825088925037,0.8209952603799727,0.06265508958402556,0.171239027636118,0.14549044398714894,1.0322464212180527,0.26532782765810886
1255,SSP5-8.5,2035,1.522532633029585,-0.07131322679229125,19.085751006799875,488.357472521643,0.401429879613759,1.3112596502230482,0.9626991823066381,1.1928307309897728,0.10125428888458066,0.4805575884014712,0.5273172023605892,0.08647839071014496,0.08153195154934104,0.18050045786481564,0.9609914025579072,0.28296781740843513
1256,SSP5-8.5,2035,1.4169681194903487,-0.013765459736164342,19.3707232783548,451.5650225019975,0.2690024987027636,1.3759141708024607,1.1738412693221394,0.9970642866346631,0.08846316398698699,0.6118040931701663,0.6553343936571165,0.06937479539105046,0.1329300717499873,0.13415087454596725,0.9800237359661436,0.18471618094864678
1257,SSP5-8.5,2035,1.3372720140145602,-0.09217058367019323,20.339102120522774,523.3791576675301,0.2143382161546492,1.1875337987915373,0.9042751990668472,1.1007120382517903,0.06923211246441728,0.5960646823922121,0.7533068593285588,0.07574279870933194,0.11576970339208953,0.11501837565412723,1.0333734115118194,0.22840259178893352
1258,SSP5-8.5,2035,1.4118386395716682,-0.06260752758196607,21.11647844493549,454.3396338594162,0.27172106822502406,1.287302801402107,1.1361085485458329,1.0762979620784596,0.0652998084166641,0.626893112349628,0.7176077361512183,0.07288677310982027,0.12860730406482632,0.13510237387875842,1.0055572969698858,0.23208163171698104
1259,SSP5-8.5,2035,1.421029826162532,0.0012212714102249056,22.378245964664288,448.06681375014176,0.27861469906721353,0.881838852371043,0.9002343894873704,1.0510967979825094,0.11463291081468574,0.7048565212087445,0.7068007366860888,0.06763161690785174,0.11898600964674036,0.13812578037863718,0.9742264392933063,0.1873976711395291
1260,SSP5-8.5,2035,1.7016860818250028,0.06496488608621495,9.099358614859128,452.1876380076132,0.26285958063678194,1.1568509550642805,1.051737686891504,1.1403100713737953,0.05962653144750388,0.41066912889048063,0.5987928520067216,0.08714477816791108,0.2186328208976397,0.16448329626598115,1.019409487231859,0.14857061239743785
1261,SSP5-8.5,2035,1.5030376959991687,-0.008332732754015484,11.310904519541518,485.3639418201351,0.2612494363540437,0.9970876404206993,1.441617557071698,0.886868090859447,0.08303918851525732,0.5248043230914476,0.6332611358224859,0.06779114258401323,0.12787813064174333,0.1314373027239153,0.9982298780954206,0.1542729676643428
1262,SSP5-8.5,2035,1.5313109302671783,-0.04204697126616747,13.609388253682518,476.991764973397,0.2930068734005441,1.1429428228717198,1.0498608399049667,0.8,0.08591792473894719,0.5456483805341655,0.6032821791187115,0.06206254142762625,0.20090323961331863,0.14255240569019043,0.976554810356326,0.20359619925831882
1263,SSP5-8.5,2035,1.2642459181593835,-0.026933987301250198,14.855996097801215,486.7144843956709,0.2102269321465458,1.0563249195980444,0.9596168347534989,1.2071296467117272,0.08345842293898657,0.4629108725037937,0.6251916594118908,0.08813066812082639,0.043818178361159754,0.11357942625129103,1.0149296579082072,0.1458734626024232
1264,SSP5-8.5,2035,1.8769942799408115,-0.022304337841532344,19.53227352310737,453.55057464996054,0.24325455423620046,0.8220331892717835,0.8133582762347247,1.048955491835609,0.07207489593208041,0.22,0.39050138614595126,0.09175914186807126,0.1336671282322273,0.12513909398267015,0.9808061350171033,0.22431604580890768
1265,SSP5-8.5,2035,1.800023843708884,-0.03166716790750846,29.046714534898392,477.75315052708845,0.23872646974302789,0.7964633723031156,1.061540301889672,1.0817697722213908,0.11562123309633333,0.4683491967860608,0.5879276749801936,0.08110860481877183,0.17596409005215183,0.12355426441005976,0.9948210176631481,0.26042503004965173
1266,SSP5-8.5,2035,0.87884808247862,0.09620007378471593,23.13871770850866,463.4883763041685,0.20647613510805857,1.147085779239232,0.9804607235930558,1.0047212797441407,0.06901741603527266,0.7452702830253132,0.8194274988905985,0.06311378552726499,0.1942048379658583,0.16036668418017846,1.0160250922491165,0.11238161419513246
1267,SSP5-8.5,2035,1.5604059558541445,-0.08294464060292345,19.6097959189492,465.1878062025466,0.25743806994017643,1.1181019186160897,1.0380243132488054,0.9857504445510312,0.08771188628610962,0.8060597750447078,0.811259361319972,0.05905280441589705,0.10759940015998787,0.13010332447906175,0.9917226415603347,0.2514271310210204
1268,SSP5-8.5,2035,1.7643412703182304,0.03450203144707099,13.444584875027957,480.3935687872228,0.2683032218402873,1.0686015851732857,1.1033381730167673,1.107615653051138,0.07180429507480403,0.8205171260393617,0.8531500409792296,0.06489190963155472,0.045613241861582984,0.15115714336763605,1.0074610304064822,0.17252136337500565
1269,SSP5-8.5,2035,1.126631314247388,-0.15589291082266277,21.667756248943697,465.68993368176467,0.24653336928531008,1.3602837676940935,0.969772841393855,1.1247590894750163,0.06034766060899,0.686763893872192,0.6503421208213459,0.07250267935504512,0.16016967404135068,0.12628667924985854,0.9525500394669617,0.27794448260964677
1270,SSP5-8.5,2035,1.4963157548226727,-0.1127539308942126,8.134926139675727,470.66322004535095,0.3328303940995676,0.859009078343946,0.9193113962043852,1.2462426185428295,0.09145480241349338,0.6693911931553277,0.769762141853638,0.0799127351868475,0.11416287412800918,0.15649063793484866,1.0169737367948437,0.2505540557613536
1271,SSP5-8.5,2035,2.2885310593825947,-0.0660930011641331,18.81745949426927,449.65681945482305,0.3070359491238803,1.3379311128761073,0.8766620623177914,1.0336574834336048,0.057988891894342115,0.3875732315331034,0.6056977729027861,0.082556741377462,0.09069203072168533,0.14746258219335812,1.0305090061350446,0.3142121249439423
1272,SSP5-8.5,2035,1.935809263498197,0.03245780577664876,12.51187625573532,474.69392745639175,0.2645556646764616,1.1467406743151216,1.2620395095135433,0.9558954624348145,0.03937784550042634,0.6059939244692338,0.6964995225750369,0.06744852098456677,0.14813675638370444,0.14882338552508592,1.0021716119321975,0.1827285825271338
1273,SSP5-8.5,2035,1.951132783970254,-0.08451261407465294,13.894240765789224,438.3835458635195,0.3047876946920371,1.072480408266626,0.9972555126230327,1.2481981844712475,0.06293696928060259,0.633343781120566,0.686352961539117,0.08182040549242349,0.025840402975382842,0.146675693142213,0.9880606934578647,0.2801981688173855
1274,SSP5-8.5,2035,1.1942664656838127,-0.15119810586996388,16.879343415391464,480.8362649098585,0.24789662743170954,1.0641752246952074,0.97512443946519,0.9903945869668368,0.08614591599645567,0.4977865018326661,0.7439947067462821,0.07471653728350407,0.12978211366655518,0.12676381960109834,1.061609034700034,0.2620190366549353
1275,SSP5-8.5,2035,1.4788471032871073,-0.0701064762079711,21.220798238298983,460.4555040694056,0.2537581178688165,1.2252878001472336,0.8084385416696772,0.8649104506398418,0.09598934017222714,0.5827058549062694,0.5903436485379967,0.06371373151990878,0.2040599138261835,0.12881534125408578,0.9578327093535782,0.23872720690247895
1276,SSP5-8.5,2035,1.8116862557212774,0.012867454813859446,17.47513812620829,500.68868898296864,0.29589737646474806,0.9126678981138305,1.20016961668204,1.0283636704997565,0.08092465576077881,0.22,0.4461962750933663,0.09065035148844842,0.11705017675028358,0.14999780916959154,1.0081472623185617,0.20106751768836637
1277,SSP5-8.5,2035,1.6912900870879404,0.04025582099575505,19.014170900357914,467.3691398795607,0.3283497390793123,1.228310713238327,1.1846512997590848,0.9593387933459419,0.0945702989994907,0.7595183876848487,0.8212044161451901,0.05995770794976981,0.23972232712624686,0.17505031917563682,1.0121411206913875,0.20692071382581606
1278,SSP5-8.5,2035,1.2079173027605534,-0.13705003313636072,12.927060650868432,501.41368731863577,0.2113912183519203,0.9364008244322893,0.86350549867297,0.9305094856132168,0.1043469277305073,0.8900415718165247,0.8363434839334698,0.05187920140373159,0.12994046587984157,0.1139869264231721,0.976002014684587,0.22458510491454858
1279,SSP5-8.5,2035,1.6382219651271972,-0.02842090178667228,10.764810889364103,472.52403080627124,0.3423250000427923,1.076450164317603,1.1255666973579652,1.205081688283043,0.05579251209515705,0.5517783211315748,0.6707477660144379,0.08357702100481587,0.1110501444052634,0.1598137500149773,1.0076279946620748,0.20669783676540399
1280,SSP5-8.5,2035,2.268122245462492,0.020154841813472164,20.318209887801437,482.516458732211,0.24826028313802243,1.010043695962387,0.7844864221161342,0.8,0.07692697169326067,0.7897773348699089,0.7074993949345975,0.04795261834155057,0.10899488520510953,0.13696852000504392,0.9462213053640474,0.23657375388252178
1281,SSP5-8.5,2035,1.7206301484331143,0.014091432728513736,19.68497103641323,467.121545255493,0.22211074715313583,1.1633631843983414,1.0135156508863103,1.3671614329087405,0.06215054721173908,0.44812990273251707,0.51781684863507,0.09748681278922938,0.07315394109744705,0.1247844778678544,0.9671525436177796,0.17779732715997737
1282,SSP5-8.5,2035,1.3295646256684568,-0.06131751215122135,20.094105870301288,490.9711630464091,0.22803614062971156,0.9570794175155373,1.1228768056994431,1.2663377645772933,0.08058991430248214,0.719344578944819,0.8281033889369841,0.0784971122223056,0.01,0.11981264922039905,1.0289386369431217,0.20579617551394974
1283,SSP5-8.5,2035,1.9112964112136561,0.016186091363366566,13.693083339736901,470.86464014709924,0.2229120389230146,1.1008710416371286,1.0664426079678038,0.9194517555217362,0.07459663329428667,0.7667043060948612,0.8077051458221323,0.05745064845411966,0.250668842753689,0.12611225930473838,1.0031154159508349,0.17169338445907106
1284,SSP5-8.5,2035,1.6971835447177046,-0.01608026566571259,22.079318828183855,483.34070345941535,0.2816343310199275,0.9919098863099451,0.8857113829390056,1.2209259411611237,0.05329178968241042,0.6463625585123914,0.7716563171904939,0.07970096121382554,0.08645871046632445,0.13857201585697462,1.0255909816337423,0.2256338012316409
1285,SSP5-8.5,2035,1.5127414159649224,0.08428460310914074,22.244420807278072,450.7349963437314,0.3483638241150514,0.971791919455562,1.270740118936824,1.1389419464673016,0.09769012279142257,0.540398549700714,0.6684616436762579,0.0805846388632036,0.08832725223547278,0.20406963999483838,1.0103044910318881,0.2101778996692327
1286,SSP5-8.5,2035,1.1977294929519429,-0.1677990389750723,21.348308944037758,502.98079296660694,0.2263641851755244,1.1409900384517406,0.8323100020136297,0.8791975362528653,0.09182516881789943,0.8573466395482296,0.8804731243919979,0.050750996897742796,0.18471169816786714,0.11922746481143354,1.008579819208699,0.2862357880571254
1287,SSP5-8.5,2035,1.7534796593252375,-0.036390768540514484,22.433226720898155,473.4812518824616,0.2638085275283851,1.114056070263582,0.8453321580727325,1.0557764541915102,0.07785323585219309,0.6051558328908148,0.7356274802474926,0.07286863281192518,0.1449114714528542,0.13233298463493476,1.0216596522692172,0.24289693275685817
1288,SSP5-8.5,2035,1.3930322348669864,-0.1536479027463549,18.393298901710303,458.06784706670544,0.25226280387952127,1.300493856715337,1.1673325911087473,1.0316473257873495,0.06849388200916949,0.660760389505979,0.6945478440777506,0.06878914422094293,0.10403039100324504,0.12829198135783243,0.9829314734321725,0.2886598709710544
1289,SSP5-8.5,2035,1.145635495962599,-0.12247746185047578,15.529452637919553,479.45471030517444,0.14,1.1782164157472075,1.0576435033370513,1.145092028840799,0.09732444038362945,0.4622684885307018,0.6077797904777213,0.08482230020335409,0.1113355603898045,0.089,1.0065964526086326,0.19734008688776006
1290,SSP5-8.5,2035,1.4483480227861973,0.1383565489152896,24.385669564287618,488.24975419713627,0.3604640726787266,1.1202295746339788,1.1915410679611937,0.9045405011143028,0.07311053301449628,0.5155297811911944,0.7095360801214792,0.0692064610004412,0.09328707845633681,0.2353406998951991,1.03876995237472,0.21668235589672097
1291,SSP5-8.5,2035,1.59332463032422,-0.0732444287079442,20.747084016106303,472.3117250688558,0.3133779778998382,1.0118538611083547,0.843533353434472,1.106350687617033,0.04968832161616685,0.5202576779613519,0.653535214308776,0.07983676851208034,0.06928908702723423,0.14968229226494337,1.009700360344846,0.2687384218302434
1292,SSP5-8.5,2035,1.258330537162863,0.02563937324351425,15.821911875276076,463.281899569229,0.364919315977351,1.2612762223703584,1.3007760205340295,0.9721539181535809,0.08035940580313489,0.5285578509202093,0.5897508132041859,0.07219577996995158,0.14293482864516877,0.18054144721382998,0.9756172693385086,0.16855547158917866
1293,SSP5-8.5,2035,1.3345144068036565,-0.03748840413453737,21.801238840339455,473.03850028810797,0.382490576595543,1.2430333014640709,0.831441959131476,1.0894217624143707,0.07018496113205441,0.5769203739942882,0.6937825737582969,0.07609207619952092,0.16800397407451667,0.17387170180844003,1.0105431168170707,0.24299521769591176
1294,SSP5-8.5,2035,1.5761018858686309,-0.048211290582587656,25.089526766238734,464.28296833765074,0.2941736172091272,0.8073965655340811,1.2419816212830699,1.0782388340628133,0.09420945148238065,0.22,0.397603728622361,0.09333593721876686,0.07693867331493487,0.14296076602319452,0.9842927395055227,0.25712265399898493
1295,SSP5-8.5,2035,1.4010091199868766,-0.0047040077191145835,15.681704752680993,477.1849224968894,0.2986972530418915,1.0332615077986802,1.0986430418464392,1.10383977139518,0.09466856530133128,0.46636511557460403,0.6609656238142831,0.08239619345024102,0.2126797027752429,0.14454403856466203,1.0313383331097439,0.17124781646432666
1296,SSP5-8.5,2035,1.7073620358079802,-0.20784684298924844,13.713962133590222,466.58146018166246,0.23306937455362192,1.4191768874173354,0.9406991412472199,1.0075586770683123,0.09931500597622481,0.591674188343673,0.6535179527046969,0.070946373194187,0.1252795463601808,0.12157428109376767,0.9858517568188542,0.3366092720069316
1297,SSP5-8.5,2035,1.508504403347855,-0.003505300647305684,16.520833592770533,454.1730731516698,0.23769580814738567,1.0247835535460983,1.0433376827814527,1.1747763029164702,0.11042621689919925,0.8149364376817182,0.9049743681150019,0.06878728673449323,0.19268950210665575,0.12319353285158499,1.034764998968522,0.16321601639457567
1298,SSP5-8.5,2035,1.6157885395490506,-0.12938675515694484,17.072957519944048,435.6958643613499,0.25940802387475564,1.040235103797134,1.1685852979228377,1.2225281800915082,0.08001906073075639,0.5216339942993357,0.5584584220066037,0.08602366382842211,0.020308238784309818,0.13079280835616447,0.9625668592516817,0.2853979526198571
1299,SSP5-8.5,2035,1.782559733026287,-0.09348155415556422,17.98141785673719,505.6911363359554,0.24415859124882838,1.1602037980574877,1.1523272647527174,1.0370686495499508,0.07724892771554345,0.5897764447714352,0.6846528871615667,0.07263025889104098,0.15298944438903886,0.12545550693708993,1.0017696804974319,0.2689963493927747
1300,SSP5-8.5,2035,1.7712627682092237,0.06201325264850507,17.941189315384605,411.8227289842366,0.205000831447221,0.9350472303218843,1.06816207853307,1.0919688158286516,0.0681127708111307,0.5678344188719051,0.7565192645284733,0.07668352298563982,0.2356796101089223,0.1427569173307799,1.044374185668738,0.1700015009701306
1301,SSP5-8.5,2035,1.763473995629703,0.01067741149835149,11.89251640612289,452.01535688285855,0.1974388940018701,1.1100331143267859,0.9532552104457265,0.9765762217207172,0.09043182788061865,0.6839340750846173,0.770994070287482,0.0646650927999616,0.13212394012125303,0.11444231864983029,1.0127238232583353,0.14361652213554837
1302,SSP5-8.5,2035,1.4496741266120763,-0.005793592451188052,20.70059469676609,456.6434160562984,0.23682579004164814,1.0456597133560168,0.7334966631131383,0.8826483226229215,0.10583368108870156,0.5598314792095995,0.7088576102191732,0.06581256648844656,0.057922882160532985,0.12288902651457684,1.0236481730478078,0.17574819602767822
1303,SSP5-8.5,2035,1.6079384294674788,0.10839035244391854,17.695041091368324,452.5469398084747,0.2861446280896372,1.4029931687951334,1.1143991287789283,1.13134199136417,0.03619972290646374,0.6175011414230653,0.7754438078766546,0.07632028092537894,0.049442737155482044,0.19434579605333227,1.0370847610207672,0.1809393156634509
1304,SSP5-8.5,2035,1.852996055501724,-0.043870386861517376,15.595586490334393,471.7140849251507,0.17487365191562887,1.1730184049429604,1.072494101697461,1.0016893497991133,0.09315639760513775,0.5116830179242418,0.6515389010638366,0.07462989101604785,0.16144862248159006,0.1012057781704701,1.0115827294479,0.2027770172745197
1305,SSP5-8.5,2035,1.3643053614456555,-0.07390864923839116,17.7561467745362,493.8186938497584,0.29101037126394125,0.8727291578904228,0.770585809100734,0.9335322253109187,0.09801490492167148,0.7715750599398492,0.7135228684491411,0.05796528990436469,0.07800251601469946,0.14185362994237943,0.955254533593294,0.2305272791914988
1306,SSP5-8.5,2035,2.3671717833273886,0.05471136344482374,23.394456633974727,487.7715730976232,0.3212693788758171,0.989201526792454,0.9551429742778209,0.8,0.0922304027999569,0.556592428652489,0.6511494316078001,0.06011963561245888,0.015378205692239202,0.17979996432894785,0.996399957515471,0.2806236279059531
1307,SSP5-8.5,2035,1.7403829944012625,-0.09114725621743199,19.432862393471083,464.55290500647874,0.2617452730350422,1.1844375383896146,1.2117338372280206,0.995968485309732,0.07922538282937454,0.8392343126257795,0.9105479972682179,0.057944279731542744,0.07446185133931148,0.13161084556226477,1.0293900717533193,0.2746391238994927
1308,SSP5-8.5,2035,1.8663382348491884,0.15303011924112983,15.127652921713505,467.6929640871519,0.2722645583236107,1.2341848402901407,1.2178054599070751,1.0204007764741345,0.08623833141111263,0.3042795642691603,0.5845386884216117,0.08600760205822615,0.09742091052499872,0.21180765503382867,1.0479267597709405,0.18919728689105417
1309,SSP5-8.5,2035,1.7944040148924958,-0.027421671629941732,22.68471341005801,487.11332630473794,0.1859931008898461,0.909049707125264,1.2369196230552344,1.2962273734569643,0.05053808688853295,0.25283056747545507,0.44882543883337433,0.10343225327390992,0.05174128498509081,0.10509758531144614,0.9984785023573045,0.21495700473437637
1310,SSP5-8.5,2035,1.4767386514611307,-0.04634176341642017,20.04456275755726,485.7731565885758,0.25470199961036094,1.0839145758930977,0.752512960254481,1.0643097531791974,0.10243659255144658,0.7359880535427623,0.7742286974210716,0.06678650710943405,0.1571908092536522,0.1291456998636263,0.9969351666786148,0.21475227278462886
1311,SSP5-8.5,2035,1.7258762461684976,0.02110739362727223,12.722008461084204,440.1924667284564,0.2780069755659406,1.1554924655906362,1.1743442955399555,0.9430639914178947,0.04256639284077697,0.4160999840011539,0.5657710201868259,0.07625229264552125,0.1503919098587088,0.14785613826171534,1.0013858516142384,0.16950677684558174
1312,SSP5-8.5,2035,1.8693226309532445,-0.19306872434427633,20.514810982145725,448.6048885031164,0.3220323817827897,0.8173749071005596,0.8957676904556258,1.215334383670733,0.1254022051878131,0.7476306336315619,0.8012240362662104,0.07433647359299983,0.07853360323389151,0.15271133362397638,1.006300919012949,0.39346546395091553
1313,SSP5-8.5,2035,2.0922094686243713,0.07477311131100947,18.800317744114142,468.986007481908,0.2308198555164108,1.1069620321576241,1.0469812953236686,1.2700795884906064,0.04806826581421908,0.6218320607430858,0.6981014056385398,0.08357422095849375,0.1960613458903579,0.1581735050862485,0.9976709330363185,0.20971739480862833
1314,SSP5-8.5,2035,1.310200775674017,-0.17161924689025151,25.326757650062,434.1094843853388,0.2917473840718716,1.078341114677126,0.9640502807882463,1.165479867758291,0.07774873930741495,0.9004306904854075,0.7706858402785696,0.06401199681656065,0.1206273017355238,0.14211158442515506,0.9403020038219873,0.3356161591476069
1315,SSP5-8.5,2035,1.5347060963455743,-0.056982128862747325,21.93725317123189,484.9471719790764,0.2732106958120306,1.0056005891645454,1.0297665796198834,1.1495720572887251,0.05842036886425853,0.5857098922054556,0.6343065989504166,0.07889146232065855,0.12721435903649225,0.13562374353421072,0.9784117191048924,0.2418372037849551
1316,SSP5-8.5,2035,1.4851577177411754,-0.07825271065854644,14.655389068789514,475.59418148041505,0.3164759244561708,0.8993791142571255,1.1090896814906306,1.009792934010852,0.09614545724543912,0.3485143450393748,0.5425940456097644,0.08322467150246174,0.1363278262331223,0.15076657355965978,1.0125693792098311,0.2409680261155568
1317,SSP5-8.5,2035,1.464680835293894,0.03729989261205565,16.03419960689148,459.8805474386052,0.3091788136564071,1.48,1.0330616074016714,1.1863258787504696,0.0833245305730216,0.5389439239092838,0.7542016879654765,0.08320881266033031,0.19108847123986616,0.16686253108577032,1.0528806387653349,0.16944680675078327
1318,SSP5-8.5,2035,1.235449842082006,0.0075393186574681595,16.352863240381705,454.5681752741047,0.3004476567699892,1.0668349011216725,0.9742523294844513,1.0194036964992825,0.10076368099756862,0.7100355303137396,0.751285759706201,0.06566611483427438,0.03322170465899005,0.14892633919823028,0.9943356941001303,0.14982466544145134
1319,SSP5-8.5,2035,1.0241745585570499,-0.020016841085205565,17.337602135853523,471.85073698397974,0.15362556408167216,1.215849381349819,0.8554161220249892,1.1333147573478737,0.09640997046048783,0.4598683814649011,0.5287726934658973,0.08430814478394814,0.1830766547090074,0.09376894742858526,0.9686123498160663,0.1104568780633442
1320,SSP5-8.5,2035,1.8254181737256874,-0.002386575762001651,18.37591092201351,478.6327457011206,0.316785907094077,0.9286190160975941,1.1335147096650775,1.0619912512395113,0.12389243459029588,0.5366616025781068,0.6141492540924354,0.07662798724552988,0.11315966630668751,0.15087506748292695,0.984889506130213,0.22267251640478974
1321,SSP5-8.5,2035,1.962290862889199,-0.039214207667361216,9.760406605034575,447.29203160889864,0.27003880307389727,1.0427577082464805,1.1005899903994003,1.058564860925816,0.08277604295838809,0.5480017956895494,0.6548827266015521,0.07587647964998953,0.17447839519375002,0.13451358107586403,1.001100375443305,0.21676124870674973
1322,SSP5-8.5,2035,1.7569031716576498,-0.14819890830485993,14.325274398658687,478.21081512644935,0.3101210218441559,1.1308396433208623,1.0904497482315008,1.0747166783686375,0.07265741617616488,0.7767721159819656,0.8536051809015414,0.06530767688228988,0.1464178069448118,0.14854235764545456,1.0222873424529586,0.31902886394337826
1323,SSP5-8.5,2035,1.4656849912005911,-0.1277488584882153,18.52022389547564,493.23449052991214,0.2345530626938518,0.8683000531663233,0.9507162925509063,1.0499974312930782,0.07564249421949912,0.4839570217294087,0.5905552035436038,0.07861739521392608,0.16535226716947243,0.12209357194284812,0.9909007195768247,0.2684637157827019
1324,SSP5-8.5,2035,1.4601928525938415,-0.020695513858470817,19.962437091027038,481.63530810471866,0.22758151548175545,1.0156810606100448,1.3066130624110084,1.1211778529956413,0.09870962624091026,0.2627699430252396,0.4261651901745856,0.09350954108696485,0.185782884329062,0.1196535304186144,0.9840364360140075,0.1831196633558269
1325,SSP5-8.5,2035,1.6590055027129587,0.04568800652110489,23.667870520707208,450.25804033776984,0.2562143177151228,0.9400685204551082,1.215839361097578,1.110965653010297,0.07334471634859568,0.4340280196813396,0.5327133948430408,0.08439674956264132,0.14368599741699434,0.15251901446084543,0.9791728585347764,0.19872516662401452
1326,SSP5-8.5,2035,1.8981553167656138,-0.06465938242247622,19.149767457943963,465.8770435257746,0.2836758555844296,0.7916793709861312,1.0449447756163106,1.3539165261101416,0.03224495461945137,0.7143918522583224,0.8324918936717997,0.08346052802378381,0.04775055180755529,0.13928654945455035,1.032746304030469,0.2726162137735557
1327,SSP5-8.5,2035,1.2938726927296613,-0.07553918518062251,24.34659198049175,462.5377046764811,0.2671930312305239,1.0608992730258704,1.3413572600063317,1.14277564904866,0.09983599659855341,0.4527886353345524,0.6290561478155506,0.08517156472050791,0.03593782844526035,0.13351756093068337,1.0202057572050451,0.24337206824696284
1328,SSP5-8.5,2035,1.6514134538809027,-0.10612716855978283,16.973139939085105,458.77490525710454,0.21559024609914376,0.9768221345872963,1.0417602437357358,1.1631033319909272,0.06727670852775608,0.6853343325380169,0.6409985386527697,0.07463884740337984,0.11476216735738468,0.1154565861347003,0.9484404036041235,0.2548414981587178
1329,SSP5-8.5,2035,1.0432082381801275,-0.10978559505583024,15.065662154771049,479.30603345421014,0.24947614976861116,1.1988918981510697,1.1078035184362838,1.0379041028067733,0.06642826216732592,0.6151158595700706,0.7041988214277712,0.07140827409570732,0.13135207665467483,0.1273166524190139,1.0029061999426059,0.20823084725615193
1330,SSP5-8.5,2035,1.2538937229170786,-0.10128875309932486,18.27770029845419,444.57825615732884,0.3272014752431316,1.2074956307713394,0.9297822518655282,0.9781095585924503,0.05931207035382207,0.5608086797018705,0.5726244510546301,0.07090392686219227,0.08913328331152254,0.15452051633509606,0.9564438694390668,0.25709510640959843
1331,SSP5-8.5,2035,1.7178230453547196,0.0396986811494335,14.693045029247482,475.6245249401141,0.19322883926111256,0.9164805240315389,0.994865369777023,0.9651797741314784,0.08451693614775357,0.5465020933646811,0.6598639375168566,0.07092303701576863,0.1730122190086164,0.12747943431610614,1.0040463250687197,0.14903524574714397
1332,SSP5-8.5,2035,1.988621341232046,0.011840080088837454,15.943590771396405,442.0724782043355,0.3397686916129345,0.9547252601061819,0.9699984969258997,1.1599799157464246,0.03983789242458017,0.32518881157676427,0.5459379503736846,0.0924779394998154,0.10621659147210386,0.1648390821089458,1.0219974196280017,0.2248108080658584
1333,SSP5-8.5,2035,2.0159175235363316,-0.08155106535967699,16.81827272760688,456.1127119935503,0.30735805769038677,1.4325574260867218,0.9210898954982474,1.1165205301090528,0.06177036107997813,0.42628471068525975,0.6029740944404266,0.08508302377930138,0.08314890736395086,0.14757532019163536,1.0162493320310937,0.29550333718878874
1334,SSP5-8.5,2035,1.3538918129936461,-0.1408412011345401,16.67113068544731,495.50235320470574,0.27727990681357084,0.9667744371319718,0.9815116378325746,1.0252567197449118,0.06597104230831669,0.7703034279038873,0.7761263829864703,0.06296788274491626,0.09693733337596022,0.13704796738474978,0.986411661896715,0.27613469790794143
1335,SSP5-8.5,2035,1.6843905124390903,-0.0636786869313289,15.411132682178534,481.92392094908195,0.2894475728547347,1.0745235527538262,1.204253818055666,1.0236228158354452,0.06344216332335524,0.3414063880271928,0.519610460626073,0.08432475529747202,0.12173059943781152,0.14130665049915714,1.0036592936859037,0.24058664157260895
1336,SSP5-8.5,2035,1.8216989427078523,-0.09602163757467319,14.259441328478943,431.9028798072426,0.2250228144790335,1.2930354795615449,1.145580056985892,1.118572536152076,0.08549754909502866,0.5176462416076811,0.7258529244647275,0.08062543986626618,0.14234667446301363,0.11875798506766172,1.0460735266296475,0.2540247380883661
1337,SSP5-8.5,2035,1.673286421885274,-0.05881384142351875,17.355932849199007,432.35116167197884,0.3356429974342581,1.25817079018072,0.859914789826288,0.9923909841328392,0.051694897724127525,0.5038177984661842,0.5993520491174229,0.07452247076076673,0.2154234163540053,0.1574750491019903,0.9885892826605687,0.25799044079652583
1338,SSP5-8.5,2035,1.6804046272106337,-0.021774990543211126,22.93109946481209,453.39383791979856,0.3459826623323252,0.9191305006099195,1.332300045833135,0.9813673520098686,0.05284142261570192,0.22178308938923247,0.4250251617362191,0.08803062602337745,0.11829479977171123,0.16109393181631382,0.9971589426489383,0.2528890249797532
1339,SSP5-8.5,2035,1.7446723873080354,-0.1456402659935444,14.027123257746805,461.38094156178084,0.3054745153102849,1.1045699114173981,0.9558152014264291,0.9262936225560986,0.07666059435632411,0.7858220677617183,0.7994959002896693,0.056863168595704,0.15975802021825353,0.1469160803585997,0.9927035662493804,0.3132059448824374
1340,SSP5-8.5,2035,1.2842768527594526,-0.1259705170676289,27.289111368242644,498.7045205594755,0.25839194843133206,1.1278049894878581,0.9428160501513643,0.9697823095311147,0.08839817997387481,0.280423646120785,0.5324047356496331,0.0844747882071746,0.04254781112702477,0.1304371819509662,1.030297267632045,0.29254244062608575
1341,SSP5-8.5,2035,1.81544484330546,0.022629687674030015,19.781972912600658,456.076209903353,0.2021695615815217,0.9301594455429278,0.8521742861357509,1.1559980049511154,0.0854281727552808,0.6508256059275772,0.684546067711938,0.07598168920098888,0.1377840254992839,0.1220741903905476,0.9813379218798546,0.1800340565935177
1342,SSP5-8.5,2035,1.6120471188496557,0.008729192344982477,25.822456103156455,462.34208552997785,0.29738311144815244,1.0510947634044523,0.7427407678383289,1.0709466925006734,0.06877803338155726,0.5704653904422243,0.6066030017790439,0.07542001392023273,0.11023721341993636,0.1484486851793446,0.9699006632639081,0.21722997918429574
1343,SSP5-8.5,2035,1.2970717898597979,-0.07598866504357722,20.216214696391823,466.7999068584413,0.24558731788858804,1.1258937810938336,0.7627764188996665,0.9833307874584364,0.08179927028706137,0.36609226887049445,0.4861056228484661,0.08092089049654493,0.1413499795040825,0.12595556126100582,0.9789708683717511,0.22116649770666993
1344,SSP5-8.5,2035,1.729204162727436,-0.03312865265188499,10.327742938902713,466.30770452978913,0.2450795655430644,0.9437187216521494,0.8006710955852723,1.2754515614447026,0.06088953536201923,0.5978545982860601,0.6837944225685519,0.08506235416348866,0.12128530201617913,0.12577784794007255,0.998651617905797,0.1854852247775784
1345,SSP5-8.5,2035,2.139661277425257,-0.01133324442438085,14.75206688765737,488.93760572183743,0.1625097835216688,0.8961722080712919,1.37612235595716,1.042550990415768,0.06747172391481643,0.6453035578839351,0.7416272613248333,0.07014910620511382,0.20981643665852812,0.09687842423258408,1.0112029587822082,0.19383227961371402
1346,SSP5-8.5,2035,1.2769183335490009,-0.017158926312480186,25.86190136635135,481.20175039283413,0.23536812287065334,1.2763078136704458,1.0340333784980869,1.072604588715228,0.06575770487888208,0.5025726596889417,0.6129428862236644,0.07890392179252671,0.05581283096163818,0.12237884300472868,0.9956767981118175,0.18937271512591347
1347,SSP5-8.5,2035,1.4386138130227721,0.09910481913170957,23.476855224391667,492.98653322619174,0.28918513193728945,1.0305834057975962,1.325551389863047,1.0676378037153773,0.07808053012186425,0.4202932128818063,0.5431173056589829,0.08275045186366076,0.08627649735925992,0.1907672057439061,0.9888651611687741,0.1893419660828045
1348,SSP5-8.5,2035,1.9823508233635212,-0.05465096453833241,20.63239155251125,469.1207018320571,0.3182572984633659,1.1361148448343181,1.1297843280465303,1.1957797683146505,0.07110200107458281,0.49392773668236006,0.594849623664846,0.08596867761359393,0.1545018545831964,0.15139005446217807,0.9896804835175038,0.28859879862626425
1349,SSP5-8.5,2035,1.5677670488439541,0.018281138146633548,15.19948224023716,471.2199533375964,0.24146575792566222,0.9248838635588745,1.075188310648356,0.9153926505354165,0.0697350032173294,0.6194655816551158,0.6460347738604757,0.06459401748453586,0.10963565909033005,0.13365358434729854,0.9729009239099076,0.1534134778227385
1350,SSP5-8.5,2035,1.8344898158293188,0.049120862872665254,13.078096576911813,507.232893151219,0.314629772435284,1.1332716377726895,0.8039641709427009,1.069308678577403,0.08236024202724225,0.2850436864730065,0.5079616499262422,0.08960289836897907,0.07099668740582456,0.17468085178868203,1.016755681170257,0.19219383930888734
1351,SSP5-8.5,2035,1.0816240536904593,-0.09031679700997927,14.405690046476497,495.06303775510435,0.35132217255174075,1.1172105314976721,1.018305076586914,1.078979783407871,0.04475477592457728,0.7626611804370358,0.8294931920638045,0.06624277546934124,0.14423807908673,0.16296276039310925,1.015161034779977,0.22587430478466253
1352,SSP5-8.5,2035,2.1659623844545877,-0.04843205742389292,18.58520545228851,491.2794049013966,0.2951727526231786,0.72,1.1476255104021842,0.9386388545719951,0.07350068804219996,0.6562682898995648,0.6105082515194695,0.06400560075120612,0.1669719051733091,0.14331046341811252,0.9431752179721757,0.28422293692041145
1353,SSP5-8.5,2035,1.8992738866199028,0.030059409099009317,24.107908945865336,463.0243105562989,0.2799149235436259,1.0217259859625936,0.730526730993827,0.9068125705985666,0.08227602800900909,0.7082528583985339,0.7278498025929795,0.059692649343073036,0.1794282369257117,0.15299992778977373,0.9834258579966065,0.2290864624161215
1354,SSP5-8.5,2035,1.7125844080827477,-0.13580242746266966,16.680988826918323,437.50037403224957,0.2809052950720483,1.1305701667258983,0.72,1.1350856594807783,0.05527357786556854,0.47232943350732415,0.6107021672119552,0.08378044845052185,0.14018112579763536,0.1383168532752169,1.0046725475550604,0.30457811767234144
1355,SSP5-8.5,2035,0.8273839938474395,0.04158656498236562,26.73700657204899,491.74360419863,0.40537753415631317,0.9105948235797197,0.8719985542863637,1.0456248939858788,0.1307262166142464,0.4993453358488161,0.5565199379638345,0.0776125351914142,0.18691805194737382,0.20267541944589243,0.969055599251623,0.18587982062045158
1356,SSP5-8.5,2035,1.5651197044446246,-0.05787368487611047,20.44892018930979,449.87200754724273,0.3149642610665515,1.2194942437878902,1.1210559268520381,1.1147598799800034,0.07418283851858942,0.8851555795934,0.8298662900913854,0.062044676096176324,0.13122704380085942,0.150237491373293,0.9744533343842288,0.2529771514876723
1357,SSP5-8.5,2035,1.4267889121214496,-0.029883215759096127,10.894301869082106,475.93340093873604,0.2166092886938107,1.039689828955263,1.0953441535211415,1.0934188735631722,0.07151868718411745,0.5270852199971809,0.6090473256676355,0.07879906296123484,0.18052619816821439,0.11581325104283374,0.9855816937068712,0.14934629014874617
1358,SSP5-8.5,2035,1.779378354543804,-0.08565320662194278,20.547044387234063,486.439087501194,0.3479231657859631,1.1903421341680098,1.1374914218717334,0.9250407061050788,0.09233846165779791,0.5063320616835534,0.7093376434802995,0.07077020416763426,0.1459749545946005,0.16177310802508707,1.0417429040265098,0.3056113420832451
1359,SSP5-8.5,2035,1.9705960175573187,-0.03834714100535518,17.068400013159877,457.10015906983875,0.26535838172552795,0.999589768773269,0.72,0.8,0.09512879820967111,0.48789198532869327,0.5903801484450891,0.057834607462692665,0.1814435574682487,0.13287543360393478,0.98950122104332,0.243371748458232
1360,SSP5-8.5,2035,1.075314458133827,-0.012712698130350662,15.888942593356584,462.7215224982266,0.28814042014672214,0.7645974538296985,0.9307247456264356,0.9996376187557213,0.06492624031002023,0.4758822549320938,0.47233433561534066,0.07630945134024185,0.07922703571054684,0.14084914705135274,0.9355605247465628,0.14673656430735507
1361,SSP5-8.5,2035,1.6287126944994612,-0.11646062876899374,19.459076115988758,460.8459102545779,0.341264424295213,0.9646430671853957,1.0558750154119305,1.1684357672912067,0.06459925713122612,0.6031685110708077,0.679801955770474,0.07903426960829382,0.10484213805807505,0.15944254850332454,0.9949177989553231,0.3114664405911211
1362,SSP5-8.5,2035,1.7738387904116293,0.07062903936209561,22.012034203129286,477.4906135432581,0.29852907828016695,1.168127045524284,1.0164079212153265,0.8641619998642555,0.07899519755583337,0.42215049583164566,0.5490923955070863,0.07170119827803147,0.1886671529574463,0.17979969707910623,0.9911783922767694,0.21605440083911212
1363,SSP5-8.5,2035,2.0296480887363395,-0.06169190239067795,12.0058900583293,514.4380221765764,0.2505748113620891,1.2706355864730208,1.3194859354200181,1.2097035083994168,0.06706898461380986,0.3318050686606977,0.5247355890704469,0.09482455086539525,0.15007506067226487,0.12770118397673116,1.009380360805303,0.24352381649824942
1364,SSP5-8.5,2035,1.7039010978538205,0.06828193392122858,21.474413902941926,477.9849378453521,0.3575541561659937,1.0351765994790114,0.9270656480377915,0.8380203646252015,0.025,0.4372536137937775,0.588130045424986,0.06953841586705274,0.06670140694431237,0.19928492161871206,1.0053006341312885,0.22690743006007325
1365,SSP5-8.5,2035,1.8397322993183194,-0.2666538710782807,17.1400455636732,484.2116128146921,0.3223020507062543,1.0194103598807405,1.0016733843285894,1.0914899167363086,0.11090895603577765,0.44153715111559433,0.575358337515925,0.08297259949925227,0.01,0.15280571774718898,0.9976009639717757,0.4385829655185198
1366,SSP5-8.5,2035,1.5233534448264145,0.028911236242931813,15.752924552092281,469.65051310521943,0.2734536326363243,0.8449837929895856,1.19305353599725,0.852512056827029,0.07240766680709432,0.30911017364608157,0.5771934500414359,0.07672590976222825,0.09837285569787035,0.1501643895441794,1.04270837023594,0.16197458100907355
1367,SSP5-8.5,2035,1.3901628395487498,0.0576308524716417,17.184801653058486,474.29595929708586,0.24020845980643155,1.124089979772227,0.9133784000427524,0.9743379141505429,0.07603247976191391,0.6540313446626886,0.6414762476235122,0.06603970506727942,0.028677535177558264,0.1528883871680719,0.9591244217786884,0.14510337336641327
1368,SSP5-8.5,2035,1.4020394239387686,-0.01927580706073674,21.318402785743825,448.8919502081325,0.3919444336338449,0.8035858339036143,1.0896339737610796,1.198639252554645,0.04171674613448651,0.641844634230959,0.6761416211140171,0.07872680496447139,0.19920832999739876,0.17718055177184572,0.9802101142836009,0.23509761689457273
1369,SSP5-8.5,2035,1.8511024441218644,0.04359784008931986,16.427837254468024,451.1662492151034,0.31230930803574397,1.0950596560851242,1.1407110067975161,0.9345352826352765,0.05722364445764369,0.624392461676163,0.7533001985099953,0.06537843059655288,0.16186811192417264,0.17110717785717033,1.0239138138799184,0.20578252537200845
1370,SSP5-8.5,2035,1.9972568123847183,0.017495244761432965,16.198402782972845,476.6826195721098,0.2791779042297024,1.0981043303670053,1.1420454887707565,1.1230164626113042,0.07390257747498573,0.31767506462804224,0.6323239289390609,0.09086328706305273,0.07590438110292069,0.14645988886111233,1.0669133071778871,0.20700104270517458
1371,SSP5-8.5,2035,1.7369049013526643,-0.11952437494290721,23.63478966104758,468.2552077344944,0.2696369841298396,1.100602883624872,0.72,1.2253387745408397,0.08936214430244309,0.4889666405792274,0.5110177029066599,0.08780837121554538,0.103553359109893,0.13437294444544387,0.9501827355899127,0.31641115462714253
1372,SSP5-8.5,2035,1.8916680551383267,-0.07898787749677517,6.549478394493081,503.9747052375913,0.34399694391933794,0.9064044449165957,1.150123486965446,0.8722732686000125,0.10033181714405806,0.96,0.9236243100041864,0.04524548369384683,0.16998817851470255,0.16039893037176828,0.9954955703656915,0.25484428084904315
1373,SSP5-8.5,2035,1.7315602252070703,-0.024463268801761726,18.72509909112505,444.0237493496588,0.35312836030527983,1.055691792506137,1.3542768410008295,1.4223883046261927,0.07293294602939959,0.39961273166482314,0.551467702215762,0.10288642597355382,0.23116019924503278,0.16359492610684792,0.9998679673901713,0.24570715536542787
1374,SSP5-8.5,2035,1.6069270651228178,-0.05369474698281383,22.624454603345715,456.88133033670533,0.3344454977999957,1.058994048784798,0.8198564934467386,1.2412667439345004,0.06150215359090473,0.7287566181429844,0.7898459287005803,0.07667653222778541,0.15793856723188524,0.1570559242299985,1.007015792105645,0.267845527249945
1375,SSP5-8.5,2035,1.5172842958725192,-0.05633674090910249,13.392838854441791,458.3954354388015,0.3027023455667532,0.9692229060484282,0.8917323858820383,1.0414922280704098,0.0631070183903107,0.7945223734197799,0.874191182061629,0.0626311551481869,0.10278488640359831,0.1459458209483636,1.026467838903215,0.2164316036988326
1376,SSP5-8.5,2035,1.370621383546868,-0.04968460032529968,18.939985848146097,442.370511436259,0.21355153584762182,0.877178453023328,1.1819687346897743,1.0302295360346774,0.046040936954983784,0.5316528206866737,0.5724339982471532,0.07516818013676431,0.09231369475004927,0.11474303754666762,0.9660831302702874,0.19069722047755058
1377,SSP5-8.5,2035,1.9186698294004876,-0.09966170063065133,14.909268758686725,468.60245586940687,0.2627270417164316,0.994081677899611,0.7774513517845368,1.0353320810144135,0.08663634516955171,0.4505362112127336,0.5086687185332175,0.07949876303244711,0.08256826254473171,0.13195446460075105,0.9618583738642015,0.2801693798788255
1378,SSP5-8.5,2035,1.4408288272706624,-0.09763839480637634,17.547562579793293,428.751225245103,0.2825532584964805,1.3126269992212007,1.11726720937751,1.0976361815862863,0.08812324064518216,0.5641975364810916,0.7063527743835554,0.07717053295366852,0.09568949579220906,0.13889364047376818,1.0209610570647845,0.25323487806452927
1379,SSP5-8.5,2035,1.3019323513905858,0.030523190781631702,18.920748242934028,473.98338958635895,0.23055901633534065,1.0937814475641108,0.8897362586225914,0.9871096434867498,0.08124172679988165,0.6682365255333534,0.662211196858971,0.066017154526465,0.19798436330564895,0.13595725110818507,0.9645614492072699,0.1409471996055895
1380,SSP5-8.5,2035,1.003286877167378,-0.06913052118890872,19.24912885604432,461.97960840215177,0.2965839734998361,1.0715979187631546,1.00687029674795,0.894633672336698,0.08752386380051151,0.6801473965492599,0.7411709604438875,0.06044213560605151,0.1779887834833641,0.14380439072494264,0.9993474496607373,0.20254340781538138
1381,SSP5-8.5,2035,1.9419381172815438,-0.055402031007396255,18.260271781600526,452.9004513757983,0.3634169574293241,0.8616326436329002,1.1163607548883092,1.2285314137144387,0.08423969301999888,0.7981947720003901,0.8514982770495078,0.0725188759846041,0.1645349389968076,0.16719593510026345,1.014101772116537,0.2911253065156324
1382,SSP5-8.5,2035,1.318252560587975,-0.14216276244255882,19.315970834936447,463.97627749778604,0.20382445864678672,1.1695288442894376,0.72,1.0983049486234209,0.06949348119781595,0.7393969738668512,0.6980151290034255,0.06844657161714932,0.12586612618229018,0.11133856052637534,0.9583832735072201,0.26058176418221574
1383,SSP5-8.5,2035,2.0057862438337613,-0.2185964880883826,13.292878643743169,469.8902756254725,0.368073112426619,1.204785643625403,1.070082412836416,1.1199564864501037,0.05204037600045134,0.3732636121952016,0.6075563749809924,0.08791909173755319,0.06348423327484723,0.16882558934931666,1.0361982219015071,0.4135040800925867
1384,SSP5-8.5,2035,1.5447688876024361,0.07988852105988933,16.91963758351946,474.9168574683871,0.17199282082608727,1.0294386195352045,1.076531477756895,1.155141854982674,0.033852408363792046,0.6493385550325318,0.7315859366609436,0.07600994136282507,0.09935661429394653,0.1401417478190752,1.0049266258081488,0.13560649593282237
1385,SSP5-8.5,2035,1.3869585847076624,0.0723912571411314,13.796300492238903,468.62763288462014,0.37098981041606527,1.1822633678879413,1.2501842247598978,1.1094211870831008,0.08960023308917302,0.5424429193431137,0.6852294768826339,0.07889284102962665,0.12381408142487889,0.20604206221618857,1.0178535250307554,0.17397783675015566
1386,SSP5-8.5,2035,1.3820646334275701,-0.08719511167925896,21.558136305951138,480.56670195708097,0.319705371240952,1.047260433901628,1.004877321547778,1.1677299154900884,0.062473302567606914,0.8107038813694938,0.7942394172560833,0.0686194936886839,0.0643082895057193,0.15189687993433318,0.9818171091630972,0.2669024963530536
1387,SSP5-8.5,2035,1.432842269450483,-0.05994940302891243,16.48467613932351,468.02311129995127,0.18224620773320277,0.72,0.72,1.1369639840984986,0.0786431974460636,0.7141181446397613,0.8233316114676741,0.07179215345023879,0.1549024069982083,0.10378617270662097,1.0283408068007487,0.1850529231062818
1388,SSP5-8.5,2035,1.5927781607713665,-0.06831500013684819,14.499824598988386,478.5040262266438,0.2746667456939771,1.112596275279551,1.2083454792492445,1.20235595418091,0.11857778391804852,0.613972736117284,0.7486631833929243,0.08032052995772325,0.10734549701952435,0.13613336099289197,1.0251157548453749,0.22811566123785376
1389,SSP5-8.5,2035,1.9569473833492015,-0.11145978148412744,24.053621592249534,459.75277035433515,0.32599905067282087,1.091022208040961,1.5042697365935318,0.9408556325928518,0.05853553414433094,0.7296462112798978,0.8461028635608973,0.060456069652543284,0.1021815879580596,0.1540996677354873,1.0343358704917327,0.3488156457257521
1390,SSP5-8.5,2035,1.832201176927782,-0.051546890275914616,17.64705612531321,485.8999315330221,0.2834287203649507,0.9607894815896667,1.1641540643670143,1.0162711916637317,0.07649162630027079,0.49165160041158146,0.6961371544803046,0.0764166379920834,0.11995434737263659,0.13920005212773273,1.0401632688620288,0.25018732358331996
1391,SSP5-8.5,2035,1.3752991840082491,0.04852212423647965,19.202123809441435,472.7466779940359,0.25511709791240195,1.0369419680903824,0.72,0.9603480751061094,0.075175365593582,0.8277221932010471,0.768760565666642,0.05660186361489199,0.14916441048040943,0.1535520463875805,0.9636282873786929,0.15637097297602323
1392,SSP5-8.5,2035,1.2287658397340366,0.004959624309783625,10.633159641899542,438.9421658837864,0.22908187170193028,1.2373454808875852,0.8388392207637024,1.0592357996434107,0.05380488101373067,0.5539744723415975,0.6409117576390638,0.07561397328679607,0.11232124065751313,0.12265846725056742,0.9922481117102363,0.10634418842082682
1393,SSP5-8.5,2035,1.8072901660537775,-0.0354533104906236,21.177557680027945,441.04352342009986,0.32886139168109685,1.212843042106633,1.1025042811356,0.8229792338828991,0.07938625740172103,0.5555336737492184,0.6109510666817913,0.06281450582931057,0.1629297076778695,0.1551014870883839,0.977019646370413,0.26298862639615694
1394,SSP5-8.5,2035,1.906366400152014,-0.10471415634163872,22.796505426866567,478.94471677271974,0.26695912457088955,0.7335850317418002,0.9253192315486993,1.3346742322597787,0.12019119250214759,0.6741804903985891,0.6872837430051995,0.08443497260175092,0.12233643711351547,0.13343569359981133,0.974885586498587,0.31495438936363335
1395,SSP5-8.5,2035,1.3423929827955607,-0.07725032496610285,14.121925511447063,495.98708472767345,0.30244572700301553,0.9598380094131613,1.291997431721826,1.3062161608551828,0.10922000421888274,0.677537211738382,0.7459655986048868,0.08273477884374458,0.13565847826466074,0.14585600445105543,1.0025725082693682,0.22107296464912138
1396,SSP5-8.5,2035,1.7485338241643558,-0.11390688473044924,15.481161929893858,465.3838998205204,0.2567040607137284,0.9759984092522078,1.0243720721476366,0.9182045027395986,0.055822665287749415,0.47331991114132355,0.5881482651908325,0.07205270843660451,0.06028071912816696,0.12984642124980494,0.993269992574505,0.27727049952523175
1397,SSP5-8.5,2035,1.656958917223432,-0.01797958305535964,17.820153332627385,479.7108157030956,0.2856546467817185,1.0495269767413367,1.0283524454818107,1.1899905763679923,0.06776780929811141,0.7020936307066311,0.7757456396100776,0.07524865719217572,0.12479202757160109,0.13997912637360146,1.0089944219945155,0.20859376035859295
1398,SSP5-8.5,2035,2.223040842670068,-0.12085107243355855,19.772298777763258,497.258731497799,0.21791132856745835,1.0145666028308167,0.989681733866925,1.085560185129735,0.04919528719199913,0.5799809908271698,0.5800723301719954,0.07573111427331952,0.2982843324195663,0.11626896499861042,0.9537000349646734,0.32849919438729935
1399,SSP5-8.5,2035,1.5802756235008606,-0.012345426896781614,13.212582443262512,497.92058199726677,0.22416630557191503,1.1953923448963286,0.8778202596895489,1.1266545449000804,0.11177548109380131,0.40637107659390415,0.6128833790812581,0.08662438320338604,0.10573512361435325,0.11845820695017026,1.0277614230714525,0.15968770357589052
1400,SSP5-8.5,2055,3.019650573351137,-0.06949735795725331,35.650936062622414,580.9924903544203,0.2700633420680712,0.9133454739133819,1.4630910842397562,1.1010255031896965,0.10467358020538277,0.5908956735705226,0.7102694970252935,0.07311043572399599,0.12451278467126228,0.1345221697238249,1.0139714882350568,0.43380616357361956
1401,SSP5-8.5,2055,2.7735123263105224,-0.011251205462626451,29.63038763099209,585.2930895262243,0.4364592135975058,1.1229336565878814,1.316414702708184,1.1788117487894052,0.09944141040412258,0.7761514884262908,0.839032363621908,0.0680361351288842,0.16974613950180062,0.19276072475912703,1.0153405907324513,0.39482177933997803
1402,SSP5-8.5,2055,3.3496292540210826,-0.16534299502766092,33.25385070932869,600.3359605139848,0.33646684391904824,1.2771923201180542,1.034661304872195,1.1984384328244668,0.10425188679789099,0.6266287003282737,0.6710873860566059,0.07656909598182683,0.18604873344879452,0.15776339537166686,0.9828082997363864,0.5538119246659734
1403,SSP5-8.5,2055,3.025765486803597,-0.008978088912478019,39.71178414642751,603.8044207730419,0.3154186560652089,1.009417867106595,0.8395623481962724,1.197137515576598,0.06659447452669266,0.7083098219791965,0.7340087455284373,0.07241499050901085,0.249368746197871,0.1503965296228231,0.9864303235950865,0.414751213390699
1404,SSP5-8.5,2055,3.0725770781235098,-0.29358229069933567,30.69502164942434,647.6584420648386,0.26478632421558107,1.2535360167156897,1.0432752911665057,1.0237233024647416,0.06575635316646113,0.8570921823896442,0.7788314139740385,0.05563818409015771,0.2758195034380394,0.13267521347545336,0.9587679219750032,0.602214292482708
1405,SSP5-8.5,2055,2.2555552989660628,-0.17358199461658363,40.610108810868816,643.3165852383096,0.3026688382313648,1.2944230034904662,1.0053475729833978,1.0723242837143365,0.1401482516747245,0.4026786498679866,0.6127071213326445,0.08097583662968032,0.17890446462767107,0.14593409338097768,1.0289074957164577,0.48225622999429546
1406,SSP5-8.5,2055,3.3042786572745584,-0.13549978100118878,26.841616274182915,599.8340643540549,0.3964149770441834,1.1866644173913374,1.3345436466835012,1.1581244325537785,0.07496734735782706,0.6212539060282775,0.5542209606600157,0.07466708183609727,0.2134036373238628,0.17874524196546418,0.9272317131480227,0.5199426502828087
1407,SSP5-8.5,2055,2.993952755127484,-0.20094388611490444,28.91228723137664,607.4198446468708,0.3807532762502884,1.1255818700838707,0.8777745937053915,1.0965839332794425,0.10209186664195549,0.3665168124892221,0.5629039949714623,0.08409021732135502,0.10447962677540402,0.17326364668760094,1.016530167035043,0.5495962367524174
1408,SSP5-8.5,2055,2.7135050298074535,-0.20269402083062632,34.150040655112214,545.9452581517445,0.4438369023367237,1.48,1.1574113187814818,1.131979070330817,0.08895151913717349,0.8270807915773798,0.893381346151843,0.06296791036202115,0.17324951794449567,0.1953429158178533,1.025019872958892,0.5669931104778442
1409,SSP5-8.5,2055,2.687192036450267,0.009716379925144042,35.56242464581349,617.1914613507986,0.30259813623699205,1.0138502913920329,1.1249792675406183,1.0885259978656503,0.048614333371711914,0.6061081504965345,0.6128780397055089,0.07167676159101598,0.15228971078815226,0.15076753764551923,0.9610829350714976,0.3496358649998312
1410,SSP5-8.5,2055,2.8238039236670174,0.04608986361243983,41.21377610719859,604.8040563604135,0.41965894040448576,1.0777408676395033,1.1176962323169228,1.0776724942520435,0.07775725106491196,0.45202096198703384,0.535014756666894,0.07879670159114295,0.1225949704379302,0.20992556094778994,0.9742962466895309,0.4208533525485091
1411,SSP5-8.5,2055,2.5310804135202294,-0.12618251652068632,35.280341866210755,617.1103125533192,0.3840257027947851,1.0940090484398295,1.046584132578149,1.261547707608293,0.10242439518377133,0.6929697975055149,0.6490406578616095,0.0766502328420939,0.17536323889893596,0.17440899597817477,0.9498394960011308,0.4730748594293842
1412,SSP5-8.5,2055,2.938770286226364,-0.04295826093884878,29.75767472498632,586.6461128771679,0.37650664848960375,1.2113088684275521,0.8887352329089876,1.1475979636800493,0.11162109855044347,0.5096964179595067,0.6563799387704232,0.07967814637710424,0.19002706708022005,0.1717773269713613,1.014622402055725,0.41654357219228877
1413,SSP5-8.5,2055,2.693827139202677,-0.2393406657251905,35.2939507820238,625.6704760909499,0.2425764786833682,1.2414039660693723,0.9344422003366638,1.1778074484536751,0.09630161901680408,0.5346119621454519,0.6342438264473383,0.08005903373254068,0.11869780712666994,0.12490176753917887,0.9954383216197752,0.534927821989838
1414,SSP5-8.5,2055,2.988353393580219,-0.17747053266360724,29.566148483931876,595.1470062242685,0.38563117275762937,0.9378389650044995,1.264653617271381,1.016034070862101,0.1037734002167608,0.3706647359060429,0.5344572591882079,0.07954552086650327,0.1643951085393713,0.17497091046517027,1.0011807535790302,0.5338636616308744
1415,SSP5-8.5,2055,3.0771700275315412,-0.25548288123993906,34.45528378754669,603.3911611144532,0.31939610631031357,1.203077811328757,1.1352477821885152,0.858266793416799,0.10234359186857606,0.800149523382081,0.8151125790544,0.049576120399492815,0.11905621856487393,0.15178863720860974,0.9955871706395235,0.6033187967205534
1416,SSP5-8.5,2055,2.6968915687015915,-0.024368272657762285,32.15549921138983,602.1439419508977,0.3491602397521598,1.174037387910408,1.0992453508603395,1.0360704004055097,0.09460598494538257,0.5292040000546241,0.6319966487594696,0.07269743694218085,0.16161647743914204,0.16220608391325592,0.9961404377364141,0.38047076199244895
1417,SSP5-8.5,2055,2.441420133257456,-0.18320562261437273,40.200323396436026,597.1292241158053,0.2879654831130811,1.259610445355777,1.3879963950650813,1.2348539847491389,0.08651993687685489,0.6656915992468688,0.7577648066095015,0.07657678844722557,0.10016814262316792,0.14078791908957838,1.0123191275688006,0.5001256281709441
1418,SSP5-8.5,2055,2.458115187601396,-0.012856378288341672,34.79518377136411,596.5520141562992,0.3263784614048762,1.102529490683527,0.9972091964004305,1.049197426153543,0.0987196712035856,0.5365213191551164,0.5824118441958533,0.07303841083512727,0.2228377360194308,0.15423246149170666,0.9693561522472747,0.3529011172136252
1419,SSP5-8.5,2055,2.49838896456286,-0.09978154703947804,27.066603175231236,628.4646348067013,0.3500854046953319,1.4517728158598675,1.1310703199306658,1.160519046752793,0.07584655167492915,0.30751191204502853,0.5162579070195887,0.09048312229982206,0.13042424947746212,0.16252989164336615,1.0133280869887666,0.4059325968632353
1420,SSP5-8.5,2055,2.582444221811627,-0.03465580512821777,36.57721114760512,590.4749142983393,0.3525555552475055,1.0470828096236975,1.4066068269526129,1.2521928853013269,0.09211176037971815,0.4264377821518667,0.541203531799956,0.08947311240863197,0.11220520524653223,0.16339444433662692,0.9858745032416462,0.39703055213655514
1421,SSP5-8.5,2055,2.9546080423433807,-0.1422724758449376,27.746826476190268,583.1565370337927,0.2695145105243848,0.968781215777963,1.06351106126487,0.9507615439977027,0.0892007094389082,0.6052018018205483,0.6555278066687353,0.06430399304731042,0.19549181120218198,0.13433007868353466,0.9823226490660106,0.45746992821586785
1422,SSP5-8.5,2055,2.614640272471041,-0.14670920420355227,23.614841802535146,584.688441741238,0.36916069352958014,0.7868669060189135,0.7769145221178831,1.1680917704561407,0.13251176140928508,0.4447932834779328,0.583293017422004,0.0840268157737417,0.13635427225187519,0.16920624273535306,1.0004092142861685,0.4476282059042164
1423,SSP5-8.5,2055,2.7860735572106576,-0.00785418272447018,41.10984608164269,607.0760582787117,0.3317149791483338,1.0556151183338398,0.9850870429863213,0.8966307328083127,0.11598124298468485,0.4782077388544561,0.5558190105534984,0.06773896020849403,0.21683534536535648,0.15610024270191683,0.9757676218104844,0.4034866394526284
1424,SSP5-8.5,2055,3.4515648586033603,-0.1543332263762151,35.39371449041818,635.0563766580048,0.26838771204606104,0.9784340449123141,1.064428128946823,1.1190003213699384,0.09318594636759638,0.44228500891081335,0.5738979364335695,0.08150884378207139,0.16599851616102257,0.13393569921612136,0.9966343912746153,0.5399336567960059
1425,SSP5-8.5,2055,2.473094940718934,-0.126843253033941,38.93045236858973,593.1157177164613,0.2746063142519937,1.1648936247132726,1.1622889683846773,1.0756691470065634,0.11955853739935664,0.627876079701757,0.6647776068535552,0.0698960731614194,0.16815248497987917,0.13611220998819779,0.979294373849486,0.44728757610968684
1426,SSP5-8.5,2055,3.1432800351931323,-0.06408954662426547,42.602550456111466,631.142049578307,0.29977855749003623,0.8805727484480216,1.2434617679056488,1.303322973819176,0.10528143906081419,0.61267045306128,0.7500390582850495,0.08291463747566086,0.1264744014053303,0.14492249512151267,1.0262259100998405,0.47649278159722463
1427,SSP5-8.5,2055,3.211968021696827,-0.028021909119731445,37.8390727476717,617.7943798224228,0.33607021848405866,0.867372620118471,1.0919758504521297,1.2055574616339495,0.12668635272310244,0.3735367003204285,0.6418493860238346,0.0896070283027297,0.20482863839937843,0.15762457646942052,1.0529418109956448,0.44618613942648927
1428,SSP5-8.5,2055,2.7698317244239687,-0.08680794594701208,42.45782430938424,597.6552613688574,0.41280647967571626,0.9311355891813701,1.0957483975349644,1.1818849889266971,0.10503009463646189,0.3805877257947855,0.5261968271462567,0.08797980542169825,0.20815313039764996,0.18448226788650068,0.9938131579519394,0.4984293054694429
1429,SSP5-8.5,2055,3.191893862144946,0.03962380039082247,38.83339164511912,579.6956273505814,0.3109640918780729,1.0747198271110578,0.9797923727827991,1.1117711132960069,0.081520543150398,0.5687589004138659,0.651550451794333,0.074795884156784,0.1576488803966499,0.16864933235273674,0.9925354324881529,0.40884304294781704
1430,SSP5-8.5,2055,2.6906434274202553,-0.10752098789148186,31.647243697447212,611.3586763183179,0.2407381921093356,1.0251066754872071,0.9165476960913969,1.2229138971404847,0.10956975949202719,0.6948537717156189,0.7116597919787038,0.07447575202947591,0.1965481990769779,0.12425836723826747,0.9799508933586588,0.41147307331528554
1431,SSP5-8.5,2055,2.9145149311036485,-0.2128641598467813,35.206506486113376,558.9929685231842,0.3070321006680206,0.7823312731724487,0.8948582441054137,0.8997320413909352,0.1062957505020898,0.28067196132356476,0.566130025404352,0.07778274262410288,0.23925712328084164,0.14746123523380722,1.04677042683667,0.5528896343785833
1432,SSP5-8.5,2055,2.2661856838606447,-0.154000928770266,25.420655152472023,624.1445208775922,0.29657253551661705,1.1345971646805932,0.9569937524591206,1.1497635876892427,0.10788966315693833,0.3376571562708904,0.540212576596709,0.088396719985107,0.23196248060632674,0.14380038743081597,1.0150246214359562,0.4066732801623871
1433,SSP5-8.5,2055,2.7305023839922753,0.0008532770149839719,32.6762733353342,620.1288010009587,0.33526927720499033,1.2044370930134,0.8574620192392141,0.842622058494967,0.08953190028041212,0.40496265778731877,0.5413653977976263,0.06849305487574765,0.14513875634014184,0.1577708855292386,0.9931227517011043,0.3601630421040016
1434,SSP5-8.5,2055,2.9050763515092815,-0.25007333769758155,27.206835400938886,632.8823977480561,0.4269709399745142,1.0508379938043695,0.9402318669592947,1.2548966745186112,0.09274574649714959,0.47009690552581346,0.6082206234055609,0.08743574489009609,0.18346001740226117,0.18943982899107997,1.0041995935726584,0.5906285934629695
1435,SSP5-8.5,2055,2.533918077691518,-0.11465512189524305,35.00763530598373,606.7359859547464,0.2848079826311621,0.998174538847822,1.3713495284348214,0.9765532925798616,0.0857873168588505,0.8958535718303984,0.8894824100424353,0.05116019100893416,0.23819781513655738,0.1396827939209067,1.0001482453152661,0.43077541896199856
1436,SSP5-8.5,2055,2.542859002365453,-0.18176864206334972,26.664764500362683,621.6013806926327,0.30069964832150053,1.3024521274478558,0.8447331879153569,1.184651826299088,0.09511082452893536,0.8854143180808247,0.8926220283683068,0.06288745935821734,0.1409456281527396,0.1452448769125252,1.0051743251996426,0.4598660867905404
1437,SSP5-8.5,2055,2.348248922894664,-0.12844742520272634,37.20102182136456,587.6501209106966,0.34125873406692253,0.9861609295125154,1.285976288688733,1.3480184042511594,0.10013536544433797,0.7154917640216979,0.776346577129056,0.08018024895090062,0.20155036650854585,0.15944055692342288,1.004816887182657,0.45253375714718724
1438,SSP5-8.5,2055,2.4493464310922164,-0.09079319987219761,33.15490638657716,583.7729225795937,0.31726368298729984,1.2484148196726894,0.9308304981168726,1.340661487270999,0.11751170244704177,0.42813561502413505,0.6036159503008431,0.09415191471723165,0.11653364396086262,0.15104228904555494,1.0159465593869026,0.4070681055781342
1439,SSP5-8.5,2055,2.6791298660582923,-0.2206714363204183,37.59631249769702,560.3823715073307,0.23401915066467183,0.8697448248099705,0.9196338642379979,1.2165101773961942,0.09654492659201078,0.5228011363051994,0.590814456831994,0.08273356812145817,0.10822563973692478,0.12190670273263512,0.978061117670916,0.524361960054738
1440,SSP5-8.5,2055,2.972227849890265,-0.09526941109257342,32.423748444758914,614.643561572259,0.3139609158612214,1.0701983911793602,1.2952856922531304,1.0034461205653011,0.13698121397827892,0.6190729785366798,0.7173134513221946,0.06644729602668223,0.21460745731343983,0.14988632055142748,1.0080233327230148,0.452628966635796
1441,SSP5-8.5,2055,3.2559861543051065,-0.04000847474227583,34.57949783779778,576.0671538719598,0.3637096765971738,1.1582549632765768,1.1050459433902462,1.1400744758495467,0.027077204427834053,0.5118231414545971,0.676829485121545,0.07916669931916881,0.11048484622370654,0.16729838680901082,1.0239513312940964,0.45628814301952575
1442,SSP5-8.5,2055,2.316238697932803,-0.037095782101543295,34.850889251492774,599.1557485602921,0.32837791667516436,0.9943696778991374,0.8743316026542637,1.3385344453124408,0.08739477982851918,0.7040485146195672,0.7387942443190447,0.08024173670892229,0.1586667375343421,0.1549322708363075,0.9902020703308901,0.36130802374914583
1443,SSP5-8.5,2055,3.00405097468262,-0.16203984284415246,34.90544002962844,593.833995357657,0.2940318084471041,1.0680129662725986,0.8992906911435642,1.0548624989060031,0.08676640797865534,0.6641378706258592,0.731211032085001,0.06696262564056875,0.1710154407891493,0.14291113295648641,0.9998023011200773,0.5135171277457594
1444,SSP5-8.5,2055,2.9993142559366466,-0.12539577115291872,30.770831190261273,584.2658721012699,0.3631316145710427,0.8612156072240564,0.9028089679654989,1.3678768085644815,0.12821952667071787,0.2501974784284756,0.3575766465995426,0.10451426192435598,0.18031626846936247,0.16709606509986494,0.9545626137134697,0.4893131124010478
1445,SSP5-8.5,2055,3.1687828310086186,-0.014856034681968791,32.23751568456779,596.1132875576061,0.33894861348825106,1.1599281122956626,1.352327807824883,1.057339811356099,0.11459173747972598,0.6543153620089639,0.7231211850334007,0.06758714481872635,0.20527959984826522,0.15863201472088787,0.999109853625768,0.41094901468494643
1446,SSP5-8.5,2055,2.9594628680930777,-0.13970179819316644,30.917667403762028,610.6287377142487,0.3546128995516806,1.207778012977383,0.9552742215607238,1.0172773482312691,0.08449332498530218,0.2668517934640158,0.47064434295759333,0.0848031136930983,0.15389620046463554,0.1641145148430882,1.0045090605791944,0.49542433207830033
1447,SSP5-8.5,2055,2.7408854132991536,-0.05324481944985045,33.49217188399111,591.2794052085349,0.3831466583254633,0.981104953045569,0.72,1.1279022411089836,0.12610640324337252,0.3784648698955648,0.6237117095921765,0.08517918487262856,0.05232777620244014,0.17410133041391215,1.0423927481401125,0.4242053185590921
1448,SSP5-8.5,2055,2.9424357473255975,0.018715801672008953,35.510977582050685,569.3316830210605,0.28552712286980464,1.1482673263343102,1.3339911192592504,1.0631412724310807,0.09053604949121076,0.5932008192099721,0.6901137673732782,0.07095525832425188,0.17181652490654908,0.1492923938404361,1.0033073577887894,0.3660314684003029
1449,SSP5-8.5,2055,3.199192133221836,-0.09172962755953852,38.25315959892527,645.6883685733716,0.25052813378831634,1.0379571691111256,1.1738523013015774,1.0804847231450014,0.10950385704938304,0.5664820887398652,0.7682803874341486,0.07322507296312218,0.1807801561317316,0.12768484682591072,1.050599260208329,0.4715318499425298
1450,SSP5-8.5,2055,2.5673073397078823,-0.02587345632433935,32.8840107535454,574.0940176413507,0.3466322463414846,0.9546865913988131,1.2664343469874926,0.9825936730085908,0.11899432161923892,0.5021305305878608,0.6058615828431847,0.07117159432491568,0.10607091975360608,0.1613212862195196,0.9923481126395066,0.37235819069948345
1451,SSP5-8.5,2055,3.0383044625452764,-0.08146816609074367,34.36648166676442,592.1958561137402,0.29685929482286005,1.004643745436826,1.4017207045138378,1.4210589457232587,0.08238882489364754,0.34762125803071386,0.615485660933486,0.10250672648356286,0.18512149800412397,0.14390075318800102,1.048650664504731,0.44900033797114103
1452,SSP5-8.5,2055,2.429081702574675,-0.14933142766904886,28.183528972049846,602.934579596497,0.31784434899536174,1.0905283048584988,0.9729944513370811,1.1523053791663145,0.08880177356659777,0.648715594628158,0.7239497835294253,0.07298066376216288,0.06376348066881803,0.1512455221483766,1.0013859243258454,0.43456952338807586
1453,SSP5-8.5,2055,3.1329127599915525,-0.07283842082896964,31.240066891064096,576.8354921332527,0.2900975831453603,0.9920517004175411,0.947340763432112,1.0598955398312746,0.0934672513350633,0.8331854097415681,0.9268368006251388,0.05878125858075946,0.20005580436794812,0.1415341541008761,1.0394056271640646,0.43596584542902755
1454,SSP5-8.5,2055,2.64001899211246,-0.1345504724887049,37.320521667558666,575.0368730336696,0.3161475478677999,1.1219975377366538,1.0413912611540272,0.8759085694430272,0.0736066047856935,0.29418222655867227,0.4109229696268031,0.07582442702669093,0.12966003903688703,0.15065164175372997,0.966067900005572,0.47544890929331446
1455,SSP5-8.5,2055,2.8806354233722637,0.041747312670881415,42.05382848443788,601.1543485607608,0.2506346380840773,1.3570680071362642,1.1826827194098721,1.1956588601113975,0.07728185438713485,0.96,0.8657791170657557,0.059750861698306026,0.08830789595105305,0.14859577966486776,0.9670988392868255,0.3745331109639534
1456,SSP5-8.5,2055,2.8920147039842004,-0.12290914179280418,38.47884294063684,618.2363238958355,0.3483119705609171,0.72,1.0241069996126493,1.144233925315922,0.08022554248778704,0.5144449332320272,0.5690966353910218,0.07925958008617906,0.1945983054640426,0.16190918969632098,0.9701890942075921,0.5027422579050558
1457,SSP5-8.5,2055,3.10264831148081,-0.07824308732786305,25.69108909126464,625.4144671218527,0.35416564174855364,1.1817299554459957,0.7935216611312094,1.0952051886766578,0.09432814322131362,0.6519911153403402,0.7752045600816598,0.06974226208480303,0.209996471931732,0.16395797461199377,1.025453931719203,0.43709350137848424
1458,SSP5-8.5,2055,2.5894351967549984,-0.05237638753009967,39.59246052372328,600.18381736484,0.28988666832069987,1.1780369056350193,0.8657891157130665,1.0221268857163897,0.10324542350185278,0.5811711945267508,0.6864324116693953,0.06934827258146806,0.17048920288362263,0.14146033391224494,1.0055158542465914,0.4036170262543308
1459,SSP5-8.5,2055,2.8179205042956044,0.06886898311602357,34.269951740327,609.7008265046551,0.2798963163800912,1.2743044670087322,1.0162256898785624,0.9923036569733569,0.12060025424458225,0.5949937680903141,0.5788270689357942,0.0670512777402035,0.16501128503209936,0.17239820229104372,0.9480771868932414,0.34854681913062646
1460,SSP5-8.5,2055,3.128355881328246,-0.11609134056712711,33.34561674059509,611.9985174140144,0.27766896548789305,1.1706211845097618,1.2990588729334347,1.0704168201595186,0.09376189272259036,0.5793665275147516,0.5761086055047557,0.07203873317131342,0.16349411051537574,0.13718413792076256,0.9519593255174102,0.4752762072446926
1461,SSP5-8.5,2055,2.7204117521155706,-0.021811445838997884,29.975153516649364,577.1159340483632,0.3442931884590935,1.028001993590655,1.322685376219843,1.0199426787280141,0.13006412449951216,0.41679274535861155,0.5320698405389758,0.0774495838943471,0.17676587543920733,0.16050261596068272,0.9846103798139679,0.3704671944292094
1462,SSP5-8.5,2055,2.486953699934045,-0.07639888680760983,24.715897267839033,568.6386180523928,0.45637512616206,0.9882473580789076,1.0325119107060077,1.2723964849749985,0.145,0.5039578492321253,0.7069506777119994,0.08668499519089364,0.08430781786507534,0.199731294156721,1.0413636761149485,0.4109215331398275
1463,SSP5-8.5,2055,2.76743900504586,-0.04430940513747353,26.359652363077103,621.7628828839677,0.17947649741885444,1.220209152404986,0.9979456641315503,1.0819527792137649,0.10878349377512153,0.5710969180054671,0.742370615282283,0.07307338067277551,0.028975646046965925,0.10281677409659906,1.0363394036007503,0.32603736205089473
1464,SSP5-8.5,2055,2.74620846441093,-0.15213072508648431,30.349729177341512,566.2174081257889,0.27322158620119186,1.1912314581865302,1.2480900961338794,1.2851613505688504,0.07299802533895516,0.7085897465023048,0.800433399762836,0.07714073924397671,0.1052521277210783,0.13562755517041714,1.0189453463238956,0.4585605184443825
1465,SSP5-8.5,2055,3.405166717169005,-0.13917831360946495,39.147611239057994,580.1219865911529,0.2958952881235984,1.1404052616328102,0.9091939950078596,1.1104828633739146,0.08511329704374304,0.7912141005575358,0.8528717210606298,0.06360375684610321,0.22353909244591952,0.14356335084325944,1.0171062833163753,0.5467047790801134
1466,SSP5-8.5,2055,3.1516052180001277,-0.2727029218085099,31.218798639523754,568.0868020095166,0.3782517135430725,1.1320816760342969,1.0669440304309503,0.8623329199244559,0.06318366004603093,0.6156191482434206,0.7354550238572916,0.05902158442991506,0.13985407774244987,0.17238809974007538,1.0180821469526848,0.630550745718969
1467,SSP5-8.5,2055,2.552867231902551,-0.029592879577647738,38.99120441807314,628.2650458091978,0.2951149501671531,0.9715060812311168,0.7713232213273647,1.1887860979437481,0.10797719083432986,0.4204471026723679,0.6384681224921618,0.08635843475566034,0.08974886620897193,0.1432902325585036,1.0356223727677034,0.3810284594755666
1468,SSP5-8.5,2055,3.5030163072923037,-0.1957651942563493,25.535098191457763,612.6534884477131,0.3520411101825409,1.0659852038282789,1.1474592441464349,0.8884489904481304,0.09181930276731262,0.7382846555107052,0.8195662440259913,0.054294559017825615,0.29261559758967737,0.1632143885638893,1.0184251329731857,0.567623314837668
1469,SSP5-8.5,2055,3.090290293750437,-0.18743354341601692,38.66505524649481,607.9284270997728,0.4059389817533654,1.2184923591138506,1.2547666586851018,1.2469859607733964,0.0744475008875426,0.6323363192836813,0.7088048439407826,0.07889781269284497,0.15957853640934969,0.1820786436136779,0.9994188357155044,0.5925346741483892
1470,SSP5-8.5,2055,2.4357451615018406,-0.2730701266396748,36.90968395742514,619.5988507521996,0.2582797535595725,0.8987171154401095,1.0909746477113982,1.2031276103987838,0.0968657900000793,0.5588719619348024,0.5659391791422795,0.08020942707857902,0.18812807848004726,0.13039791374585036,0.9538085202857922,0.5514027829547
1471,SSP5-8.5,2055,3.4746634969725836,-0.1699126911665675,32.33288157241666,585.6297751866198,0.3603232813272164,1.0393644576010106,0.9649029719900006,1.064181297134145,0.0765920629277225,0.7408478581460549,0.6968367850073337,0.06362890770761274,0.059184932699468285,0.16611314846452574,0.957320482175208,0.5726691360797005
1472,SSP5-8.5,2055,3.1077027153942263,-0.12404785496637724,29.349381308627663,556.0120752930817,0.33262813163694566,1.0631239130830383,0.9738536871637029,0.9391630706217958,0.08710724112509599,0.5822974892202326,0.5997229884725452,0.0648246754955466,0.20264012380635352,0.15641984607293097,0.9625734324850046,0.482380105845468
1473,SSP5-8.5,2055,2.8656367053902785,-0.17142725202920628,35.733581617763775,598.1843550964962,0.2588744012220023,1.2672833486711004,1.052068481550549,1.1058847067090372,0.11093178125973177,0.7681253496293813,0.7477182336100006,0.06451060134132523,0.1917108215971405,0.1306060404277008,0.9731929252413558,0.5009807475963366
1474,SSP5-8.5,2055,2.181734104032081,0.10983961574646403,22.45060213523852,605.2069769794798,0.24637116835718043,1.1010008230410768,1.2110236009984958,1.273159033486389,0.09866889352263317,0.46688598331427383,0.5857779858057096,0.0885796487912457,0.05003750435254943,0.18114971679824518,0.9942541629655289,0.2366069082865618
1475,SSP5-8.5,2055,2.813601635944084,-0.11298141352682246,33.93151991549652,619.0487508337238,0.26288495838291426,1.1453253792759557,1.0780461060651323,1.1346080831261318,0.08994103311995912,0.4374444525420098,0.6037225549305262,0.08259128954122967,0.14213012747426715,0.13200973543401998,1.0128914333536891,0.44265853358707297
1476,SSP5-8.5,2055,2.7252293803988574,-0.2422253095079415,29.822616831425066,608.0847932123388,0.3646309085346023,0.9476308938580503,1.201300296958321,1.0511507384791086,0.11883472799756493,0.48181641258850916,0.5738655797965077,0.07587883451944961,0.12735824922858974,0.1676208179871108,0.9834222058069214,0.5583799117005805
1477,SSP5-8.5,2055,2.6642082458029814,-0.18962905293830468,34.65518776508245,582.1910306151773,0.4153584783877885,1.022643729300593,0.742587045704494,1.2272297868287154,0.10177321861575352,0.34387357945334884,0.4883069440576438,0.09225715570272493,0.15991665792880524,0.18537546743572597,0.9874685194689617,0.5446765416836258
1478,SSP5-8.5,2055,3.0400287774592463,-0.11751038233802394,33.96116844676812,586.8914581936453,0.29973452539119283,1.0897307518201544,1.3484587047108765,1.2086901596820847,0.12429038473042281,0.728353117986825,0.7115442220862251,0.07203489116046331,0.07831983191752193,0.14490708388691748,0.968711468183454,0.4782016374026669
1479,SSP5-8.5,2055,3.0647716628375656,-0.20590664962871735,34.07763830291894,571.1792087063983,0.274175770309195,1.0965939557581474,1.249979298288981,0.9441845311879488,0.09240792685975417,0.6444573675596846,0.6993649204402593,0.061987067916751466,0.2351026215638828,0.13596151960821823,0.9907384651543854,0.5453667671586955
1480,SSP5-8.5,2055,2.397836490611094,-0.08966073838767609,36.48406664663558,637.5455125923278,0.35764805738351374,0.9727914540489501,1.0584038312179387,1.450338541456337,0.09957947966884449,0.7584349110994527,0.855299851551625,0.08354263744652242,0.09674468042721936,0.16517682008422982,1.0292405640746896,0.4274600505316938
1481,SSP5-8.5,2055,2.228888373697624,0.0031465360438362316,32.107914098719604,614.4693554894823,0.3709504666034772,1.1501585204853508,1.0122912510434623,1.1231795360465497,0.09541255706432204,0.22,0.5359893419303116,0.09284812886404499,0.17384324915128124,0.17140593133313514,1.0522274951294257,0.32370731397654856
1482,SSP5-8.5,2055,2.8051345313295557,-0.01921331562080464,31.53762409402324,594.2245022471396,0.32275187450625903,1.0467830359405788,0.9869010018999517,0.8,0.06748552117461443,0.5068827764480783,0.5671981531851885,0.060614465475706134,0.0738538226755049,0.15296315607719066,0.9717814974620613,0.37480149222829784
1483,SSP5-8.5,2055,3.0803294423767937,-0.054094290292374496,29.138498820109426,604.3772089550336,0.24031527816080672,1.0929232745367399,1.0561142164593895,1.2405051710697474,0.08589478377019541,0.33062598570741925,0.501499581630595,0.0936343637722308,0.22499922272324507,0.12411034735628235,0.9983671928443245,0.39178670016430334
1484,SSP5-8.5,2055,2.650970244240134,-0.16372086085937032,29.0608444450052,606.2748264542366,0.37528176634317256,0.8733965508695243,0.9810587546941825,1.1076526237946953,0.09479227331689599,0.5995730788967385,0.6948797350769869,0.07303341041333897,0.14968871762974148,0.17134861822011038,1.0035198385188095,0.48773738165970904
1485,SSP5-8.5,2055,2.7171033924761834,-0.05792628559024201,27.989161972514573,562.2963712888309,0.3455614621725693,0.833461196409279,0.7828146734004215,1.2644311569955002,0.07176671109342625,0.6741653518461527,0.7116956543842393,0.07774571778437313,0.13068244589848857,0.16094651176039923,0.9868746692450745,0.3926900372339128
1486,SSP5-8.5,2055,3.2499029547013305,-0.22397292274659186,28.46725705663286,573.6507455956155,0.3417290868660391,1.1068799725682876,0.9289858476121898,1.1711213795318662,0.11073669664851905,0.5321167133607644,0.6645923563263711,0.07982377707598536,0.26069991516377045,0.15960518040311367,1.0111696502456071,0.5766568654992177
1487,SSP5-8.5,2055,3.012524237843082,-0.07505417389091554,33.5143635056158,615.7953817782279,0.3126738328848783,1.2383195954099393,1.049434944078538,1.001387903950445,0.10435465944788874,0.635708952966966,0.6750848788196959,0.06550467025667565,0.21158614338811108,0.1494358415097074,0.9817395518483326,0.44328654343440543
1488,SSP5-8.5,2055,2.628742254608904,-0.10911698154665984,39.83327053264503,611.5681051396529,0.35604567362847045,1.1140965122549351,0.8166319449576093,1.2572469749637825,0.07867151611094536,0.86202151410532,0.9071335605752511,0.06796606910047613,0.06798661384489006,0.16461598576996464,1.0201071115737836,0.476051748787602
1489,SSP5-8.5,2055,2.2435886818043693,0.051216732189114794,41.43383203354229,601.7333462835234,0.49,1.1764932349397819,1.0007769853650135,1.307402808545275,0.11249297321754312,0.42347733147569466,0.5850890261962747,0.09259397696326852,0.15520165623135695,0.2371083660945574,1.008406543661921,0.3839441328638141
1490,SSP5-8.5,2055,2.556278984188689,-0.08540246076951082,33.04512917992841,609.5501196384805,0.2916715254290068,1.0003744389592428,1.164125065517563,0.9990108762480839,0.10986117295310192,0.8756647210502235,0.8718248110262953,0.053378888053154876,0.18655895003662318,0.14208503390015237,0.9982193748950521,0.4033075170500672
1491,SSP5-8.5,2055,3.371976885511968,-0.16646974050592392,38.108937722939714,606.0316078806899,0.3190980897072483,0.9588701462860326,0.72,1.1646564617844817,0.08314608571956147,0.7877628217539151,0.8432111988737143,0.06669336070069941,0.15694506990894566,0.1516843313975369,1.0135159447670619,0.5697658381138696
1492,SSP5-8.5,2055,2.9649974535312507,-0.1985762790347379,32.770724174203174,629.6878211879484,0.3820733661920198,0.7432980262483949,1.1307580878266437,1.0137801914638536,0.056878667764221624,0.5584056474692636,0.7383406398529748,0.07003711255151354,0.08051275994393137,0.17372567816720694,1.0385976288817207,0.5603788313495965
1493,SSP5-8.5,2055,2.548693992647948,-0.08055340669723945,29.26917240656498,565.2047109459423,0.2830023201733886,0.9075653845440779,0.9759657232879446,1.094714263350843,0.09118365500500679,0.6693969993540259,0.7555442411953011,0.06884553344349795,0.2516153508504818,0.139050812060686,1.009992101893331,0.38133106315132415
1494,SSP5-8.5,2055,3.278992379818646,0.013243600150619969,39.194126165893096,652.4519084781358,0.22001393463008795,1.113216949440217,1.0730381489316354,1.3199717178313817,0.11274108162939506,0.46528149258625834,0.7105916665197948,0.0911805563308384,0.17967261101163673,0.12362667719584078,1.0560619416754682,0.38851284330620534
1495,SSP5-8.5,2055,3.0575153534835913,-0.3349301842994577,31.381835884747513,589.2053220495218,0.30351720860211945,1.0348040804047807,1.1087684823906117,1.218381233752798,0.08370782558255693,0.7511442629136902,0.7095071391230204,0.07141716097946615,0.22978999537477507,0.1462310230107418,0.96010334707684,0.6460228731807675
1496,SSP5-8.5,2055,2.3813165923221513,-0.05663409212760234,28.716074541462014,598.4923899887835,0.31476901937984153,0.9839265233223978,1.1167688892606031,0.9083103164074104,0.07972369035340818,0.96,0.8925453621273416,0.04427824780655286,0.21413871746129237,0.15016915678294454,0.9802386323170585,0.35510730440896565
1497,SSP5-8.5,2055,2.3923408311430023,-0.10054809136563828,35.953713059049846,639.0629825636828,0.3617723153900777,0.7563588095988092,1.1018584821736221,1.0401383862349256,0.060296716787703736,0.702318100977213,0.7464773571072804,0.0642607772868661,0.2556334708696744,0.1666203103865272,0.9945514237809989,0.4352358200397064
1498,SSP5-8.5,2055,2.5944490431301936,-0.13194548208213314,31.983131643096282,599.5995404073561,0.26647031424026024,0.72,1.0818601144677127,1.0453059580087969,0.10298048766389328,0.7351845716765629,0.8090295257893322,0.06289570761664554,0.14869626482942605,0.1332646099840911,1.0142874265514594,0.4327629152957803
1499,SSP5-8.5,2055,2.878775499306646,-0.13118425056225258,35.46355768648317,623.4550593519749,0.2986622835607021,1.19555079558305,1.1515214069238435,1.2153334343916642,0.06385324906259045,0.39054706274892154,0.601463064968149,0.08928290871441276,0.19598947549544637,0.14453179924624573,1.0274374305830878,0.48078534391086303
1500,SSP5-8.5,2055,3.1667986563848713,-0.04566961277647138,33.583965944487524,616.6611951468569,0.34235300930185913,0.9213277256044421,1.3596268288226045,1.0338492490785747,0.06950976063405326,0.45902308990606244,0.6323052322902232,0.07608688199354322,0.22204517487723485,0.1598235532556507,1.0197195880211039,0.4424281342916834
1501,SSP5-8.5,2055,2.977301894792992,-0.30832733846754456,33.239293958493015,615.0073406762785,0.3551727285325232,0.9021057486900379,1.0088305822171937,1.1244476932678378,0.09013641337252716,0.6897793014504976,0.7282347683666001,0.0694274491803587,0.13500308691681773,0.1643104549863831,0.9897816503866739,0.6449632618018387
1502,SSP5-8.5,2055,2.835200748186822,-0.06117592456431458,36.08278713418757,627.5239273103963,0.21182358330562073,1.2686790432361026,1.219567547008318,1.1084610736330869,0.1036629123644955,0.6402371035933114,0.7804934650342666,0.07104374109288525,0.20391904921646853,0.11413825415696724,1.0319740060718545,0.39368780542885273
1503,SSP5-8.5,2055,2.9219290772853195,-0.15665102115535712,36.76723492741083,567.2466921626408,0.3065442378878296,1.2312105341644386,1.1691101291997716,1.231729796728446,0.09219646588355859,0.5439076922522419,0.8305379846008172,0.08249775828815036,0.15338795350757362,0.14729048326074035,1.08,0.5130906257363967
1504,SSP5-8.5,2055,2.565121234480639,-0.2157098049454985,35.12638389308831,622.4758324015676,0.33947840329917583,1.1365789041531855,0.9432170250476235,1.0877959971677877,0.08288975709758782,0.6978207613266704,0.6665928666325537,0.06705182331962427,0.20763415756853207,0.15881744115471153,0.9568366949294779,0.534819543774837
1505,SSP5-8.5,2055,2.6351763016598557,-0.14174577954090556,27.58757654230178,570.1413426619582,0.2979498840111313,1.3088115268346574,1.1269003908335211,0.9378116062876717,0.12225990478805013,0.486223010815483,0.6547752247751418,0.06955562825933125,0.18252198598631092,0.14428245940389595,1.0216704834610284,0.4376461023876532
1506,SSP5-8.5,2055,3.053035528898916,-0.09309000019779684,36.23058506069241,564.7801356863092,0.35786331183679726,0.9255228262308303,1.2097224115625356,1.0423864318695237,0.07188521791638734,0.5268949518894835,0.6078414530543389,0.07315298335234632,0.1391844723656472,0.16525215914287905,0.9850532348322951,0.48670857208686374
1507,SSP5-8.5,2055,3.317274794709193,-0.10597153186425017,37.454676348965684,578.0778635963417,0.33026587206588337,1.0517530601292389,1.1448872900026523,1.136288836229074,0.08333364502340063,0.49602500164555646,0.6318743720065493,0.07975276417621077,0.22775967015759857,0.15559305522305916,1.007156163890262,0.5162434715315001
1508,SSP5-8.5,2055,3.4330039772927434,-0.15773992811007204,32.63690959011484,592.5337371658096,0.14,1.2000207826388614,1.0391731399555995,1.3275598091861793,0.13065917743090597,0.8492363206173009,0.8551681736464912,0.07239140446377539,0.24690081520167356,0.089,0.9988647607622112,0.49232241845488306
1509,SSP5-8.5,2055,2.7891721272735635,0.09476947154925891,43.54055757586158,613.373610402415,0.3497673263181652,1.082418205469257,1.0455832711395958,1.27722312301655,0.052633954276522905,0.22811627059581197,0.5115570343783514,0.1007369700172544,0.14762032255168997,0.20980329998598726,1.0375240945468431,0.40422654789561036
1510,SSP5-8.5,2055,3.1843554587936946,-0.16803618616959598,31.502181769266013,626.6700642013072,0.3241512141181861,1.3536063742084161,1.1801814665457802,1.0988061661518713,0.07811173827761894,0.48361823965136697,0.6140146574181309,0.07835480465637856,0.24571218476110857,0.15345292494136512,1.002530270368917,0.5308584176627247
1511,SSP5-8.5,2055,2.9233178120545573,-0.059716862798594166,40.82466500047078,595.8122461374346,0.19995403350790852,0.8877584755649524,1.2287353052779086,1.174341841184022,0.06861037247705985,0.8077002722536724,0.7833035579291159,0.06621800860491756,0.2720224599850659,0.10998391172776797,0.9774512557365218,0.41460557300150436
1512,SSP5-8.5,2055,2.57465891857404,-0.005962407218839574,27.829428771235218,589.5603066933279,0.31318339670462,1.0110637156156617,0.9907091853128643,1.2489167660775746,0.08790223937248118,0.44785199926773145,0.5926671127778563,0.0882259951330982,0.1515861765760037,0.14961418884661698,1.003989987971756,0.3263734678650768
1513,SSP5-8.5,2055,1.9940252001864263,0.072911338473787,33.86604264520605,604.427222496186,0.3906972388143109,0.8151316182764735,0.8366466215661192,1.1812871992330423,0.12114844425288224,0.5197592029460474,0.6161765186445225,0.08098904288832297,0.18722633787919452,0.21319970282190231,0.9915270370420487,0.31064471654467407
1514,SSP5-8.5,2055,3.0315573505115565,-0.15964456944383568,36.287122780973526,588.0026976205154,0.35141830770633226,1.2791018298635315,1.083867273737175,1.115869293420991,0.09909815441399551,0.6841403019330499,0.7349996165040072,0.06924748531832395,0.21624902137526278,0.1629964076972163,0.9949849764021346,0.5377772959192528
1515,SSP5-8.5,2055,2.7356301523411304,-0.017452985354308198,36.9910998336348,632.0130430334563,0.28105266386281647,1.2086002508498692,1.140834057310279,1.1939068017174326,0.12177474426606148,0.5741700508787678,0.5973637188903773,0.07894801754853874,0.26168555752287576,0.13836843235198576,0.9641283322892001,0.37479372373666664
1516,SSP5-8.5,2055,3.1108993301506436,-0.2259787617743691,32.55924929442421,641.2384406832664,0.30528633266157995,1.1967782134851115,1.0761639246907206,0.9726164601809587,0.0725339638841686,0.7303033638481031,0.8664604755264358,0.059225718125031086,0.15557989737545788,0.14685021643155297,1.0441102377993199,0.5701286203067568
1517,SSP5-8.5,2055,2.29516466252737,0.021420990818371913,24.9893472774427,599.0556709099105,0.3471140921227154,0.9513404291234454,0.9695996841577715,0.990151615561839,0.08410717370480657,0.49923335242076033,0.6834131802619596,0.0717234193707533,0.11127979398697763,0.17220042765213633,1.03138602757505,0.2887942038917136
1518,SSP5-8.5,2055,2.3374011434023143,-0.258068124668778,21.703980869088085,582.0590473186768,0.36702258449136177,1.1267161735863642,0.72,1.05256609612788,0.11812173926212274,0.9108989714406699,0.9390063374992429,0.054500918142544645,0.1652521591970629,0.16845790457197662,1.0194375635787065,0.5070379506545667
1519,SSP5-8.5,2055,3.175099677599849,-0.2647764843212962,32.95449600634156,616.3420219486501,0.30838359034413904,1.1183236875616258,0.9453412503825007,0.9244801701164506,0.10142283770952419,0.8162415148169335,0.905909245635095,0.05233685649619296,0.21084387425127288,0.14793425662044865,1.034788280365612,0.6102165113781346
1520,SSP5-8.5,2055,2.7466167631805485,-0.06823716159711346,34.115983373312176,591.9908104156793,0.2530305154788957,1.2897331979942273,1.2611323985937326,1.1566997875910188,0.10071440084086641,0.6466935722958504,0.782259705705068,0.07331838687087773,0.18334005648325302,0.12856068041761348,1.0306857830306368,0.3974797720368076
1521,SSP5-8.5,2055,2.5835357870214066,-0.10406926523259115,39.51089094593658,593.6427332163552,0.3792666061501155,0.8430537505520221,0.967056564354191,1.3300615060847112,0.09841732483188567,0.6098805644534235,0.6517202067008542,0.08449389902804402,0.13665589816253182,0.1727433121525404,0.9788916075919674,0.47418994193355474
1522,SSP5-8.5,2055,2.794432039469115,-0.19328538979309573,31.87948196249239,588.4308097037554,0.42181045543380297,1.130080695820782,1.2176192175649023,1.1728405703371845,0.09785299140214339,0.41394496123093677,0.6922074341820327,0.08582493649507078,0.11399155551553825,0.18763365940183105,1.0641740224493614,0.550487715938298
1523,SSP5-8.5,2055,3.632709914501615,-0.10201323397220019,22.955442880117378,623.9161210512661,0.34031190558329216,1.041197758138484,1.0610535379288586,0.9300775442782682,0.1284428517001678,0.6607739996580543,0.7174615935482587,0.060411629324388635,0.12124392433543466,0.15910916695415225,0.9941754980378383,0.48805864317957176
1524,SSP5-8.5,2055,2.6126330323324907,-0.04033175842253952,33.39944111458123,598.6332433361308,0.31840188526526664,1.099750913958709,1.189506421682821,0.9562494019031975,0.07465975512423327,0.7180954487036515,0.7719512084795337,0.05895481074422037,0.12021237729433018,0.15144065984284333,1.0017900034681522,0.3811068822026038
1525,SSP5-8.5,2055,2.8693498949355614,-0.06650258385880285,38.182246162907106,601.1754540102986,0.21674444953526503,1.060344757677312,1.3115430528792458,1.2006188993589468,0.07697403050439092,0.7623581312527896,0.8122216991292007,0.06990003417207305,0.2090202841601485,0.11586055733734277,1.0067834652124945,0.41072473498609147
1526,SSP5-8.5,2055,2.6461645732727104,-0.09471481329208255,37.52438107394695,592.899692257273,0.28087682009457965,1.1169338097110826,0.8700907083044307,1.1293226889381618,0.10648008292969671,0.7205226333519785,0.6332597224263184,0.06815278235214825,0.011884977738178981,0.13830688703310287,0.9328948537666958,0.432587231178944
1527,SSP5-8.5,2055,2.073980268785356,-0.11914214513747745,32.51474772108223,588.6336251174531,0.33294052544562164,1.3145735749613598,0.8214491194403705,1.0596694520326981,0.08273889218059101,0.6731831034734238,0.6160504860120898,0.06676919993578177,0.039030773931463314,0.15652918390596757,0.9402494789555338,0.400164653835605
1528,SSP5-8.5,2055,2.7602745828194735,-0.2186015920504184,28.547014320868286,613.0678132565896,0.26345215988395293,1.1933091001082523,1.0367312831641664,1.1548088294606056,0.0974251859282379,0.7960832409655099,0.8258963133361837,0.06574708261498788,0.09522760748308261,0.1322082559593835,1.0022384028354583,0.504447071252415
1529,SSP5-8.5,2055,2.885124609384055,-0.04819577810854529,37.96985390940987,585.9873172599763,0.26672563493671375,1.1050104385154431,0.952065980025159,1.1920244198644978,0.0939452808784882,0.39297192742039505,0.43901682711055784,0.08790656469860705,0.15432322777565352,0.1333539722278498,0.9468816317190292,0.412334899279578
1530,SSP5-8.5,2055,2.862403710656717,-0.074011753210714,37.73939859509995,593.3315049372741,0.30936359158032223,1.1701950112996629,1.198114425822184,1.1432282037187784,0.10731255083337413,0.4601137439480442,0.5687188121335339,0.081921985310532,0.21873919580413786,0.1482772570531128,0.9881403561585331,0.4444748483999119
1531,SSP5-8.5,2055,2.6243603073198765,-0.13710343845454795,26.159766131117806,572.0648187543802,0.3871862055743424,1.0302110596178615,1.1239771199725137,1.1326592170266983,0.053957900115225006,0.9379551598493459,0.9609324270571098,0.05746081523204722,0.28212675537479764,0.17551517195101984,1.0211694326492358,0.45617093013597315
1532,SSP5-8.5,2055,2.804123514068352,0.055764714801881804,34.279423158933405,665.3660355384898,0.23649546723853662,0.9748371117474027,1.234525598447495,0.9206514658025459,0.08977253081429282,0.7834837253168442,0.9051439421888914,0.053768584969679484,0.19348642541573105,0.15065577093442872,1.0453477316778692,0.33337573710221297
1533,SSP5-8.5,2055,2.6333942118515634,-0.20390025413780777,29.159163449391826,602.685269819429,0.35908249363894923,1.4041184722605347,1.1029871069436203,1.1877268995896393,0.0676209047969411,0.6781701963172151,0.7752378754637371,0.07341524631588905,0.15036724375644012,0.16567887277363222,1.0167312333297605,0.5144409691141631
1534,SSP5-8.5,2055,3.2414554918691905,-0.062178900548412075,37.90291270349456,579.397679535307,0.33393909096944374,1.3265009802958112,1.1930809315407935,1.2427085600999526,0.10078740319260925,0.5769602122135319,0.6544631304534532,0.08143629647162853,0.21932780560533816,0.1568786818393053,0.9912275459273234,0.47645365792852545
1535,SSP5-8.5,2055,2.8957103626184675,-0.23639698977334794,40.01600061954976,612.2366667597511,0.2765765981783401,1.0796663545970462,0.9607330238948557,1.288236819440825,0.08761054327089775,0.5887839151036597,0.7419428614528734,0.08329663298393834,0.220250776547324,0.13680180936241904,1.0302251741440798,0.5792979109402525
1536,SSP5-8.5,2055,2.5134398367977133,-0.10313446085059949,26.51135764152177,578.6869458216197,0.365756449470021,1.416141848234612,0.8842113920842319,1.1226886336248108,0.106679929508011,0.7434179156385586,0.9119444899061817,0.06665079987479264,0.12361401579306039,0.16801475731450735,1.0620608781153267,0.4129303873110899
1537,SSP5-8.5,2055,2.4046569707182237,-0.005011192427363878,25.99363555493258,645.2400092186064,0.2317038800580397,0.9144109273895608,1.0547253465644295,1.0773087267416401,0.06534277036582058,0.96,0.8613018171789368,0.05337816220916524,0.24182805267320892,0.1210963580203139,0.9649008920696598,0.2773704858830976
1538,SSP5-8.5,2055,3.531399685980255,-0.15107963755332227,24.00884636185097,590.8398737068944,0.3270107203923059,1.337281405160734,1.4344953057707321,1.1017655534592772,0.044667997202164925,0.6167319954642424,0.6607102290932847,0.07185846848997972,0.17568968528059328,0.15445375213730705,0.9810177590690036,0.5193624716150274
1539,SSP5-8.5,2055,2.5198301088762576,-0.0699557658185005,30.06227115270776,584.9144243084654,0.19594269540227047,1.0159401414018938,0.9882140856097591,1.2057861659692217,0.12377883891716188,0.28631930057814076,0.5163034701788879,0.09398021313866643,0.14312204630318956,0.10857994339079466,1.020424933385733,0.3450446342290294
1540,SSP5-8.5,2055,2.6577407107901956,-0.09652027544066358,47.064134045677335,601.7667057434195,0.31109130027380194,1.2416221675044998,0.9246077495781272,1.037479656576974,0.11204547024890342,0.7741315226977996,0.8020121745271871,0.06052694383463938,0.15653388239239824,0.1488819550958307,0.9978413446454991,0.48152495848591326
1541,SSP5-8.5,2055,2.98454869616831,-0.0385832676592049,37.28949154080584,582.4988957535759,0.3287709275276482,1.1112043778452136,0.8795679491234917,1.0930613402799056,0.06929347983288202,0.5250519869436476,0.5841344523804674,0.07597378051404331,0.16179399716973228,0.15506982463467686,0.9740304678906773,0.4305161539696929
1542,SSP5-8.5,2055,2.8722899728430535,-0.08216590474641647,44.282902536379964,580.6114867212922,0.26184770572555255,1.1426762485320847,0.7989898498575744,1.104622953455701,0.0881378361001604,0.6316625846262487,0.7762630612291077,0.07126579903168684,0.20655010420603842,0.13164669700394338,1.032759592717236,0.4618946976954888
1543,SSP5-8.5,2055,2.151723165935081,-0.02078790936835398,29.43210111409459,570.3160637978763,0.29086337937188894,1.0726383644803323,1.2245031832347621,1.0666776583392596,0.07081969872976404,0.4897903680860491,0.637663070333438,0.07631620166011921,0.1463601478668997,0.14180218278016113,1.0120791225625994,0.3005399453778833
1544,SSP5-8.5,2055,2.5221826344065463,-0.031164075059251103,35.864036406438935,591.445892963901,0.25589755759213495,1.0648078942738093,0.9066819139638956,1.2135513698766278,0.0959408935978331,0.921943859323908,0.9197620742550439,0.06261711156562302,0.12632979247937,0.12956414515724723,1.0063033954127132,0.3549591418114893
1545,SSP5-8.5,2055,2.6630838163169455,-0.19148770627718156,27.395801641057876,608.5766877365419,0.3209056237350751,1.0541345104969355,1.2897765280737479,1.2676676476106583,0.07853303507436529,0.552782375512539,0.6118879381535052,0.08398913917263927,0.08340307394532824,0.15231696830727628,0.9783979984678987,0.48771943114160654
1546,SSP5-8.5,2055,1.9003195130621524,-0.12011668538766558,43.05934718859531,613.6792379032433,0.3736591479111773,1.1627560682255427,1.0187107265723072,1.042313856248598,0.07610560111068074,0.43198020927891295,0.5505278962368483,0.07789481256482501,0.09870659779365458,0.17078070176891205,0.9886017555642557,0.43946309157194835
1547,SSP5-8.5,2055,3.219940642238872,-0.10608325225333472,26.998463406545,597.710275560021,0.205272492256645,1.366062170809691,1.3083527307454812,1.1274766139810213,0.09719550621836542,0.4353819901531387,0.6302941978181067,0.08231041047593651,0.1478138961352843,0.11184537228982575,1.0266241818523136,0.4272820894922027
1548,SSP5-8.5,2055,3.3905168122465237,-0.13364720125508564,35.02947620576771,620.6141268869113,0.3254548183460393,1.154210914923666,1.030819520217833,1.1418091283832728,0.09714022596749369,0.3212677227875244,0.5665935236900548,0.08878787461972308,0.23691377240746836,0.15390918642111373,1.0334463590773186,0.5345642301283391
1549,SSP5-8.5,2055,2.604742774006781,-0.22955606122996738,25.213224485224263,583.378077637715,0.23865642198866055,1.2283677970883915,0.72,0.8,0.07920481184867799,0.539117705592981,0.6275637683639317,0.059120814112787634,0.08603652446362374,0.1235297476960312,0.9906549212934368,0.4790384718147883
1550,SSP5-8.5,2055,2.3068344056240275,-0.046148920028769365,32.05829691870884,629.9257502497418,0.30829569082186337,1.156750403772478,0.7354689105526263,1.1858123572672064,0.0906568630481392,0.5734840951641713,0.6641984442578319,0.07854646063310253,0.257489057417034,0.14790349178765216,0.9971670910499505,0.3507217964104519
1551,SSP5-8.5,2055,2.0399341623966585,-0.14469826676659697,27.46834016458765,590.2228433354268,0.3612825789363948,1.2631810499633276,1.55,1.0096436673864557,0.07565794777486388,0.51799137016679,0.5570121049775597,0.07183509050477734,0.09436411488097507,0.16644890262773818,0.9630728232387609,0.40796517540638805
1552,SSP5-8.5,2055,3.0071917986312044,0.029803918429402027,28.81642524533691,577.5868719884018,0.3206256704471272,1.3909469329437891,0.8535366011729603,1.3603234796862762,0.11317854195770644,0.8117325322246224,0.8477508716670182,0.07603079152572222,0.12885016009855957,0.16712094387119553,1.0077429862430076,0.35727145679313055
1553,SSP5-8.5,2055,3.3277471765678506,-0.05848161752052487,31.016722255824774,608.8768118727004,0.2543619404720314,0.9627404180577269,1.0803166712605308,1.3122879221322266,0.08047562083810127,0.3126309679240077,0.4945290805439719,0.09839933971861181,0.29579751478383737,0.129026679165211,1.0009523746109539,0.4288039625993692
1554,SSP5-8.5,2055,2.8577917542012377,-0.24499076598607322,36.14117353797969,609.0905840190652,0.2821279090653264,0.8031382972017963,0.8931993293560302,1.0310085750377884,0.08111230533060348,0.5457706041060223,0.5917423646194742,0.07159654691211825,0.2008734279957799,0.13874476817286424,0.9708490100607132,0.5699448245375013
1555,SSP5-8.5,2055,3.585752645704191,-0.1764197421861805,28.36473353289234,532.3495725249717,0.2603782132577569,1.2839039057123343,1.1744128248378936,0.9524816091484078,0.1115793499764788,0.7538067040005895,0.7987415393123388,0.056966366831038645,0.26787966038716204,0.1311323746402149,1.0030205541087696,0.5402457321093614
1556,SSP5-8.5,2055,2.601354204708022,0.03183153326245325,33.751006750145216,602.4549607316757,0.2717892661241357,1.186188302980247,1.1685049405740453,1.4025130226800981,0.10916581945720863,0.39868166122317383,0.4941971837473923,0.0989550796985389,0.1890916791654547,0.1510420097746741,0.9720641574749477,0.32498614814486193
1557,SSP5-8.5,2055,3.7711720135585214,-0.17947485197778248,31.108739984502776,586.3593528875965,0.2453723587688676,1.2259651699387666,1.2047731286226135,1.259953724943922,0.12250440587356334,0.3576319643389424,0.5693769844776954,0.09333129466464869,0.133307223960702,0.12588032556910364,1.022673740284269,0.56469917231168
1558,SSP5-8.5,2055,2.9343914885816305,-0.0718577847313698,36.698651519382054,621.1345337512166,0.3946397634258384,1.1430712686152285,1.13910351487126,0.9161558273402749,0.10709855163967547,0.6675359973522975,0.7047113901854402,0.059323898527630696,0.12463276574491725,0.17812391719904344,0.98565902952034,0.47250549173625367
1559,SSP5-8.5,2055,2.7075412987382266,0.10233705929066161,31.76548584073061,624.8027511491704,0.2564192667167369,1.1081840510523453,1.1905593737383058,0.9666827399463624,0.08423595412770342,0.38560191789002296,0.5088204654167758,0.07614128241030298,0.11770568086117285,0.18091527299618873,0.9836091155234932,0.3216828356651736
1560,SSP5-8.5,2055,2.672752997311292,0.155946479479482,36.59110749949618,610.309658072952,0.2929936249476664,1.0169358133161381,1.2720531635929793,1.0278435270526405,0.06052356164677263,0.45120190891317924,0.5566037203099736,0.07615455601102167,0.18177160698820258,0.22052100847142425,0.9851678800131511,0.3489971226677547
1561,SSP5-8.5,2055,2.836123066963817,-0.1478578251038348,44.05744361377911,589.8064129186168,0.4039647914216345,0.9435910741781869,0.9385158399589532,1.1465116001489517,0.10592654567277354,0.6424365650297547,0.6389378488865987,0.0729826425257635,0.10147794447359805,0.18138767699757208,0.961748847018034,0.5578063934506678
1562,SSP5-8.5,2055,2.6775331116403205,-0.08861347979667475,33.646242217493196,578.9678288426774,0.373882347388619,0.9524959322065528,1.0710707964346677,1.3814502126345727,0.10049300240613233,0.5547056348961144,0.5965459140796132,0.0900197297047482,0.19784299600001087,0.17085882158601665,0.970224440426489,0.44539321502106527
1563,SSP5-8.5,2055,3.0957259606803658,0.010917445303753603,38.53009438963971,563.0196947647579,0.3993157651539683,0.8395277590955373,1.1563868308366818,1.2995585941032397,0.125056696194437,0.5628319111537762,0.5467026387505685,0.0852038672017164,0.1380487302306351,0.1852192404557657,0.9430432246814913,0.4277623634303941
1564,SSP5-8.5,2055,2.2776797243615565,-0.18486603857507655,36.42761036420888,557.4828605684621,0.31004629039077425,1.3325233902079303,1.2748412376898397,1.2367865992549665,0.145,0.47169866548844724,0.6227887678319757,0.08638049899315274,0.14382973907512508,0.14851620163677098,1.0108165315108264,0.4797781500899411
1565,SSP5-8.5,2055,2.9009480808713253,-0.027809552183107183,30.143538909742283,627.1793520003979,0.22341743017008103,1.1821425212176873,1.0247436637749594,1.2290481295415376,0.08182152063773167,0.6872085011964304,0.739730236692982,0.07518832037703051,0.16769201149859003,0.11819610055952837,0.9962830601589828,0.3528591962186551
1566,SSP5-8.5,2055,2.702524873109849,-0.08429080072474548,30.529976782834837,618.3888829866071,0.330540006639546,0.8923183457960496,0.9119743385443213,0.9758949611308252,0.07954068706981912,0.4099592676736006,0.5781221577327786,0.07541945760028748,0.11362332469155567,0.1556890023238411,1.0094990200781404,0.4180531042675116
1567,SSP5-8.5,2055,2.332806962234971,-0.30468869503520046,44.71089796426081,550.8355837522727,0.3229400194730641,0.932899275399427,1.2410565388372288,0.9868926447769503,0.08637773115807205,0.680041957724494,0.7779582964248438,0.06250750606330338,0.13262566734100573,0.15302900681557244,1.0174418847208921,0.6192973311021933
1568,SSP5-8.5,2055,2.481491043465614,0.1456474401073322,31.81227939794241,589.0165894088002,0.3434921261210478,1.4302360246905625,1.0097933664311571,1.1663750447577321,0.06444834428208347,0.24579077726150178,0.4008329849437741,0.09388450200849509,0.19035041792579693,0.23304596419603282,0.9772685804174678,0.3301714327115463
1569,SSP5-8.5,2055,3.351370148951296,-0.1115198811870387,31.33257984300834,600.8265558425685,0.33826511766865575,1.2148716883636748,1.1370711172812455,1.137605700081163,0.10284873000067231,0.6249384001939178,0.6788292492644316,0.07337800230236671,0.1030471919417728,0.1583927911840295,0.9871731036832604,0.5028299206661784
1570,SSP5-8.5,2055,2.1673070881127052,0.06547076321678166,30.587779464924473,594.6749896719234,0.2839076655746302,1.254819760141009,1.1521202933378802,1.4648785254203198,0.10547578437189865,0.5434520610239143,0.627940299003381,0.09507470216374458,0.19145089594127115,0.1721030645595114,0.9893928769580403,0.27874992776652385
1571,SSP5-8.5,2055,2.4921947440953427,0.027597636051288982,36.02970399410546,561.4479346634661,0.30577851554146274,1.48,1.1772665434311205,1.1195661283777225,0.11422530046895511,0.7260303136470172,0.7974365419231672,0.06735204507644957,0.19313243116867765,0.16082129846515644,1.0116521831521141,0.33516318951591967
1572,SSP5-8.5,2055,2.4657170396532555,-0.07901176575720581,40.50591511544374,656.1668352818137,0.30159475093770327,1.0328581016246494,1.1144482567124,1.0680065005862622,0.08494242746250875,0.6021482235641049,0.6841790785403856,0.0707698619302858,0.24399249924122302,0.14555816282819614,0.9974071588355172,0.4220167926068547
1573,SSP5-8.5,2055,2.8515486518594515,-0.12130761785820107,37.10148820344399,573.1343247100167,0.33477674489168274,0.896567875321808,1.0699666584400682,1.2805067091310676,0.09296644815407012,0.3532296168346114,0.49789112341308867,0.09465811118840384,0.14460164197705894,0.15717186071208894,0.9890502648558168,0.4882188562315917
1574,SSP5-8.5,2055,2.7958733037659815,-0.1608900663247364,30.82568458851293,575.9040226857711,0.3371319135978798,1.221559203883152,1.013777649252893,0.9948710760428516,0.1148850416641564,0.5976171122477993,0.7562425480391713,0.0670583561745328,0.1778739352901967,0.15799616975925793,1.0342963384761459,0.49256659940470116
1575,SSP5-8.5,2055,2.926962794402939,-0.21205702944425947,34.51463419018865,605.4354155334141,0.32571129031069374,0.9238522148453661,1.2312111735102564,1.2250866172548807,0.08082773821200481,0.47380981929747323,0.5529716451982873,0.0856449422719276,0.06954007066807613,0.1539989516087428,0.9758379297827664,0.5566786245456704
1576,SSP5-8.5,2055,2.7792913418856924,-0.11332737957558064,32.30716768226601,581.4250472701634,0.37173035386492875,1.1513278039919053,1.1434112818442455,1.1636853947320924,0.11605129032973589,0.5155317600109384,0.6425819543764989,0.08025262556195036,0.23062279443948275,0.17010562385272507,1.00590090280663,0.4688052053816639
1577,SSP5-8.5,2055,2.108919960967578,0.006980830477842925,24.32091742131174,572.2648619310085,0.28888133065589994,0.8203244591524865,1.0275816557877626,1.047671076105217,0.1102970237643914,0.5856893267375388,0.6617997511005693,0.07049782237648089,0.1985041681792112,0.14459888096848644,0.9919152225602574,0.25362852158030075
1578,SSP5-8.5,2055,3.156466657694511,-0.08663831293211215,28.059037753564823,595.5452237138225,0.40967009150673234,1.1342190572881372,1.0948885206460481,1.3787719163830792,0.07382300484508358,0.5482408742064139,0.6742795919811833,0.0901987517872297,0.09225233492952842,0.18338453202735633,1.0105426642374944,0.4757284779429987
1579,SSP5-8.5,2055,2.948559521403516,-0.36,29.884050096054366,587.4740631520291,0.27169223446890206,1.320502755686663,1.1993272693784294,1.008436155536971,0.055472978370826445,0.8203513741205569,0.895586351744512,0.05665207043827058,0.16713433920954207,0.13509228206411572,1.028348732149971,0.6204624026137296
1580,SSP5-8.5,2055,2.8458309784220517,0.02326212037684633,40.41386720109415,610.8584747823722,0.36829109731391085,0.9650248548521738,0.9233186194636981,1.1521849427721187,0.11650338342586458,0.22,0.3782220984452429,0.09440995845696024,0.07529367228988146,0.18053294424829197,0.9747781210549374,0.4031338751590867
1581,SSP5-8.5,2055,2.50246678221004,0.0013894879585352182,33.086911801339134,605.6244911861156,0.32931954114640344,1.3728888175259697,0.8506069262292913,1.2957378363178975,0.06178511398611292,0.7118607852074788,0.7160091085688329,0.07754669038751286,0.16249367276740478,0.1559565833805088,0.9764087620899851,0.33942845048421666
1582,SSP5-8.5,2055,3.2646444424130054,-0.20870774699928557,38.357998015186794,594.7261112023845,0.3699825165522875,1.2337012990577898,1.213110811196875,1.0256217803224894,0.09980922435884935,0.3236727205275991,0.44503624628369315,0.08241138291406179,0.14114546221923588,0.1694938807933006,0.972969954559509,0.6125307454255879
1583,SSP5-8.5,2055,2.4134019762677212,0.03483858037724358,30.21894813575277,596.9687684255258,0.24842975118761218,1.0264367133414556,0.761175879190778,1.07279622991687,0.0885438117601697,0.6374409446139306,0.7312558841750901,0.06926313438021185,0.11537583787671274,0.14436970310428604,1.0087362387202847,0.2874201599328707
1584,SSP5-8.5,2055,3.047554718196402,-0.13032728966657864,20.817944815748465,622.9356841375126,0.2756319945858575,1.0204945762617434,1.1066324367858564,0.9603057012910537,0.09523988951794339,0.7476594180204355,0.7201530707194705,0.057695028399265734,0.3145140592035895,0.13647119810505012,0.9664928362649183,0.43108938731358404
1585,SSP5-8.5,2055,2.4217297878599333,0.016780853205464824,32.79020993670285,546.1578779290603,0.2287958274967715,1.3035551558631067,0.8077154532647851,0.9632499209981712,0.09805892182370139,0.48039058493010744,0.6218436602577398,0.07121700496108846,0.13172081308765665,0.12846896622660242,1.0074510488662218,0.291704788141143
1586,SSP5-8.5,2055,2.7546897248348396,-0.06544274107477585,41.62919742069921,610.138624373046,0.38976110765365735,1.087403483255673,1.00224822944247,1.3164880728122688,0.0820371871918405,0.8438448155415202,0.9364694462869522,0.07206480929743075,0.17479212709041095,0.17641638767878007,1.0405760770255528,0.4688884884349288
1587,SSP5-8.5,2055,2.9690658580835754,0.060254601181098294,36.87300260917235,554.0538382364077,0.2788908914544073,0.8500577371690937,1.1612239641282485,1.290087352701979,0.09093038504115301,0.49467919229188484,0.6717456439071173,0.08810151322320461,0.16097551787460063,0.1677391125995917,1.0271785893638756,0.3714594410768292
1588,SSP5-8.5,2055,2.2151131490510583,-0.0014853152952885584,28.658655751102955,630.933543994647,0.3118599798822377,1.167315320344812,1.1205585113613834,1.117284650572245,0.09153976919436414,0.5638981066898768,0.5978173986379554,0.07533580661939626,0.16876255885868685,0.14915099295878317,0.967780009534521,0.2939886220391689
1589,SSP5-8.5,2055,2.8124159245216744,-0.033153708917207494,30.322108288453776,614.0186879005419,0.3248915105783935,1.08447099094603,0.9938153820492546,1.2397421089023979,0.07136054163439161,0.6103990751594905,0.7155649426437756,0.07960462133676996,0.18418471009360207,0.15371202870243772,1.0100604805718854,0.38293408241767124
1590,SSP5-8.5,2055,2.3688662017676685,-0.09775409944291774,33.784723445722854,636.3015991110412,0.22546081166384271,1.290595036717117,1.4798123619193084,0.98464857332447,0.10829268229588959,0.6576399110660006,0.7738364290031313,0.06350677377955605,0.1776379690847734,0.11891128408234494,1.0228966330165958,0.37856713488629146
1591,SSP5-8.5,2055,2.3622009637536507,-0.050815342483391916,41.78185900090695,603.6672595721415,0.28698609077153614,1.0445462015839553,1.23786399344608,1.0906193103545876,0.13524132438911324,0.4557314612214274,0.5528075473688399,0.07930831288109871,0.2264624208815204,0.14044513177003765,0.9817922572896958,0.38993355755429326
1592,SSP5-8.5,2055,3.2927053783078013,-0.27945269623226143,16.85033192422362,615.4482548639431,0.3044018726448968,1.0805564743403238,1.0207746514120646,1.0862429829877005,0.1012604479402396,0.22,0.40519751054345055,0.09085923754549156,0.17279839069491232,0.14654065542571387,0.9880205960849666,0.5693697846642496
1593,SSP5-8.5,2055,3.1216419009755123,-0.04892815409930865,35.7936065113638,639.5304588181592,0.2933643347079735,1.058930115804652,0.8279155795020149,1.2203222928923751,0.11732588898159849,0.49270491882119755,0.6651219707272364,0.08444364675314493,0.1509632087412798,0.14267751714779073,1.0245860163650582,0.43385624212098817
1594,SSP5-8.5,2055,2.8310882693506327,-0.18718247884676387,30.480827369255238,619.3729398794919,0.39844733654518916,0.9420666447658106,1.2815139136294673,1.0833407850203962,0.1136851597828648,0.7663104293119831,0.7618402892445657,0.06338744388165293,0.13450728626247604,0.1794565677908162,0.9807314241351867,0.535753278683957
1595,SSP5-8.5,2055,1.6304850344598125,-0.23116932169485999,46.10070212914091,607.1059928063031,0.2862421233132769,1.2474580537466349,1.1123092950260247,1.2100565782116601,0.08555590837218059,0.6854389798811905,0.7935735753278064,0.0742541744481068,0.1460386774228558,0.1401847431596469,1.0233059429678566,0.49080616575645464
1596,SSP5-8.5,2055,3.2269983544434897,-0.1436024397888644,34.69088647049114,635.2779731534308,0.40280460629513537,1.3424894149319988,1.0854965279714401,1.1618149498845636,0.07005664741987994,0.5872355550163398,0.7245509242720882,0.0765667195506595,0.23391012649007356,0.18098161220329737,1.0222041848226615,0.55210407309138
1597,SSP5-8.5,2055,2.8402908749738063,-0.10987890612106671,31.00816944877797,574.5058225760608,0.39289689670518296,1.3833728232468618,1.1851895450246217,1.0046516685382623,0.05928032488241972,0.5410194415214848,0.6343913044223527,0.07041488699906294,0.1377940027726329,0.17751391384681403,0.9933717867830738,0.47313451520475813
1598,SSP5-8.5,2055,2.9107477264830868,-0.17469549837332482,39.425651558112165,633.779020193121,0.3447618083700004,1.006337702021266,0.9590767341086137,1.1144194133754342,0.11539308408958387,0.6552653068481118,0.7438809936697309,0.07061316460857933,0.10710496691673287,0.16066663292950015,1.0089839235518436,0.5495253431416031
1599,SSP5-8.5,2055,2.75706290777596,0.08110319160849949,31.67124144002244,596.2113071095785,0.32177474286592384,0.9965442388617703,1.0872952469419925,1.1692158221755702,0.09578751187108159,0.5521510991102346,0.623325358006099,0.07871945085394204,0.19962364840191552,0.1931727558073231,0.984223463390923,0.34673590965274115
1600,SSP5-8.5,2075,4.116500019005994,-0.14796770971407508,48.4776295361423,719.1666350768978,0.4382925978944666,1.2908774590785927,0.9341164131030149,1.19832752438176,0.10889541694733569,0.3768228279139022,0.4831139150528116,0.08578226376332274,0.1855218880013006,0.19340240926306332,0.9739201561077575,0.6980040710077817
1601,SSP5-8.5,2075,4.002281626884189,-0.2810888727875794,51.484456719976784,746.5133171182566,0.34091905317330945,0.9821995820036554,1.0700444667093822,1.1870936969341086,0.1410160539565299,0.5953173639194472,0.6804167138438136,0.0742526385620181,0.22104868596481456,0.1593216686106583,0.9978404449494894,0.7777930538765128
1602,SSP5-8.5,2075,3.696388227936682,-0.17135521154906408,43.115564573061725,717.5196554536852,0.2769933151062063,1.2648473436927785,0.9408350437213879,1.040496502617659,0.09851429639956706,0.47153122407825293,0.7608510642373572,0.07254825047549976,0.1920267440907331,0.1369476602871722,1.0786484629151258,0.607849231431062
1603,SSP5-8.5,2075,3.3738553189314864,-0.03995242270428041,48.816283103171024,768.0180828980942,0.2661252569877524,1.2431770346025044,0.9513639266410286,1.2675705673889641,0.07295706553354778,0.594495930932084,0.709317693539318,0.07862708015895539,0.3260476658850454,0.13314383994571333,1.0123024078845186,0.48983355579243987
1604,SSP5-8.5,2075,3.5728586401090463,0.019451136914087896,66.83417272535814,705.1484928615359,0.34690722764535953,1.2079973186424986,0.9679772384360825,0.9905440612312149,0.10706014530804008,0.45510094711003324,0.5253146939468814,0.07068001748002528,0.1791030423660182,0.17114309813291978,0.9685062426841016,0.5236435915403027
1605,SSP5-8.5,2075,4.04090161184887,-0.0573489246127144,43.21090482577973,641.172482157191,0.31805137073097006,1.0281888974186948,1.2035829246063585,1.12424360177905,0.10257249261256983,0.6037051144531212,0.6822998761804457,0.07044901514236969,0.26743851947428665,0.15131797975583952,0.9959649228275042,0.5577178494573971
1606,SSP5-8.5,2075,4.556508038569162,-0.2956209317588454,48.75253181864474,691.8018119344994,0.3078377969658105,1.1381190727446981,1.2372190891638393,0.9460552898160435,0.07119360544001421,0.5771438664119259,0.5750264476202189,0.06218232228488296,0.1644601219169765,0.14774322893803365,0.9521700490622355,0.8170766664384619
1607,SSP5-8.5,2075,3.1752920745566264,-0.319711985013013,48.93560130673974,722.6747546607695,0.29786098091811336,1.48,1.2786454175852258,1.0107108595269507,0.1441460830600184,0.7104699622318038,0.7568831322743949,0.058997471247553314,0.24103431703150735,0.14425134332133968,0.9969384739060498,0.7135457461609903
1608,SSP5-8.5,2075,4.205815917922181,-0.06933055478432905,64.56056171014347,708.8967633626476,0.25306393595773197,1.2002876700411256,0.8980321945826918,1.418188743434242,0.11178041228028117,0.22,0.3934489733713712,0.10546208618492073,0.16285922554547827,0.12857237758520618,0.9822531323823095,0.6140863688888042
1609,SSP5-8.5,2075,4.355527765783133,-0.3423499768526803,59.739640983274754,705.4570302819351,0.4852130151356014,1.0962260624896076,1.060038260649727,1.2293241598469105,0.10065545140078917,0.7201102052109638,0.8024250689966649,0.07028694450043929,0.2620607344246621,0.2098245552974605,1.0160773362770301,0.9086086795060241
1610,SSP5-8.5,2075,5.045770943886201,-0.16613758545396135,35.49956816443303,724.7893513585632,0.3756547767666487,0.9485092567788653,1.16229635586397,0.9194344315142868,0.145,0.5403937113045332,0.6544634218425303,0.06258639920861955,0.17405414603878022,0.17147917186832703,1.0034342518217652,0.7241573346033771
1611,SSP5-8.5,2075,4.574983811913142,-0.1016408146043685,51.946535904652336,711.4878183746293,0.3064254325447022,0.9871385886970129,1.1537903864623889,1.1094484381031648,0.12335622260238394,0.6507632018515395,0.7570983452952738,0.06729944811297806,0.20166361010525194,0.14724890139064578,1.016975326126875,0.6707739945056503
1612,SSP5-8.5,2075,4.344529417765999,-0.02701412666754796,36.89731394081391,700.5353339204204,0.3488428716550978,1.4397287780710974,1.107594635811845,0.9615340322505095,0.11679753625047638,0.96,0.98,0.043872986351950506,0.15319713153275494,0.16209500507928423,1.034774053005645,0.5449533845356982
1613,SSP5-8.5,2075,4.21623878691707,-0.22655671565880028,50.8190529107221,704.0148560024899,0.4804222325906367,0.9585230666658601,0.8441013615078102,0.9999753046025127,0.12540947943037964,0.5073694983110716,0.6562199864774761,0.0685744261015048,0.21384062368431866,0.20814778140672285,1.0153206481072832,0.7874594333304266
1614,SSP5-8.5,2075,3.6788764893834442,-0.15081123637712235,43.78003209360125,696.9781904232279,0.3095251110668,1.0900719375173054,1.268622718521685,1.2406684569829192,0.11364251607329294,0.7194770687276764,0.8123299185511402,0.07092944809346567,0.34887864080450603,0.14833378887337997,1.0211510694371027,0.6024481585579868
1615,SSP5-8.5,2075,3.460036689356907,-0.20834469253981455,45.07963208536029,761.0646315700586,0.32526801893217305,1.239712721592387,1.091346232868608,1.1667251361850943,0.11801007718938128,0.42730951338039813,0.6555847025893247,0.08155626243325441,0.23940451672719076,0.15384380662626057,1.0417342600772301,0.6407569882488097
1616,SSP5-8.5,2075,4.756730471406218,-0.31536434416929315,50.629807229133036,750.471705301538,0.4239771356325743,1.018060418911706,1.1369368435002232,1.0588149545387797,0.10027005581662285,0.8373964871270247,0.7465361146498665,0.0552413655034292,0.2739051200593172,0.188391997471401,0.9494886471253494,0.8955400029563783
1617,SSP5-8.5,2075,4.338921572018812,-0.26086693027803565,46.23455317790312,701.9303223649348,0.4436887227038651,1.2611190985035217,1.0009801805209726,1.2475662485299905,0.06486391880874921,0.49727775578580846,0.533714718106603,0.08241083328540136,0.26890694141851246,0.1952910529463528,0.9585505053209243,0.803555254256064
1618,SSP5-8.5,2075,3.6679928431216706,-0.26865439448800504,51.60061639139193,737.8442776585417,0.4112611820491514,1.110097376052206,1.1633128681445872,1.089835888887723,0.1100738733354393,0.588759840887461,0.7025232682910764,0.06934355581881202,0.26369357516550646,0.183941413717203,1.0108817739120959,0.7614404039794118
1619,SSP5-8.5,2075,4.395144531290845,-0.36,53.04551230395574,654.1596882724687,0.42739590685556206,1.0030567480722024,1.1823181723398553,1.2725067100918632,0.11595975861277937,0.49108232963093124,0.5076279453935358,0.08406355252339992,0.11228308414903286,0.1895885673994467,0.9478124173382103,0.8863481290248088
1620,SSP5-8.5,2075,4.280835850909816,-0.09388987066568463,49.64028822317533,689.4900719776865,0.32251496516824213,0.8954226083502367,1.0257729548533312,1.2400368591073896,0.10047869935901008,0.6636730794851909,0.719180595449245,0.07368563843921526,0.17646287614651113,0.15288023780888474,0.994051606141482,0.6349729060391627
1621,SSP5-8.5,2075,4.043428180487353,-0.2009061992949634,50.18198728981353,728.4720258549014,0.28572778551731376,1.0830704279919006,1.1477710124371665,1.155490240511266,0.12284098030248196,0.4087096352815754,0.5640862303069353,0.08188130041729709,0.2910331917484889,0.1400047249310598,1.0030258057185004,0.6925474548456332
1622,SSP5-8.5,2075,4.964846108675456,-0.23126113411367433,45.457444652245464,756.5506382791166,0.3522135398618892,1.48,1.0644074518106723,1.344691977225855,0.11428582111458133,0.4688603597036185,0.5592663039036614,0.08906155001928819,0.16889093560578985,0.1632747389516612,0.9805802545680076,0.8014454048712092
1623,SSP5-8.5,2075,3.916351099140685,-0.10893562285576805,60.150790901427,686.3421344395339,0.36308111563503015,1.0435885556807525,0.9471043865307336,1.1556398480929853,0.10329568480267497,0.38935392770789856,0.5591698395844,0.08285714158884273,0.2181774047980917,0.16707839047226056,1.007073591928396,0.656863548456325
1624,SSP5-8.5,2075,4.677923962830008,-0.1532493672848877,49.69292511472258,714.3309632483987,0.36967725424691766,1.3361490028314504,0.8689392118009343,1.3424527622856557,0.12829764842824798,0.8545536460995037,0.7922935217328613,0.06965631258732935,0.2302826317682986,0.16938703898642118,0.9662240026254613,0.7340184983867973
1625,SSP5-8.5,2075,3.8112898514221225,-0.36,62.85118753381338,739.1724854895593,0.37548237844576743,0.9772004298640149,1.2154266715070792,1.1299320400478985,0.12224032220827943,0.6084430792326287,0.6620649268992862,0.0705184174255631,0.20038609515355724,0.1714188324560186,0.9844497834830848,0.8337241131109736
1626,SSP5-8.5,2075,4.152303925759337,-0.1127602961763644,52.00774482219733,688.2675435837515,0.3294417635023602,1.3496743528788735,1.1411712017986468,1.3253158545393047,0.12849360954326788,0.7998491416450407,0.8230387496135947,0.07146878123909514,0.14721142982882476,0.15530461722582606,0.9995784727084382,0.6506067663885082
1627,SSP5-8.5,2075,3.7531477977272885,-0.11005811339434947,42.59881246677819,723.0847420421783,0.3616466849588673,1.0337730211078857,1.3933973339845112,1.0814646041070182,0.11028048382724333,0.5702705318434989,0.5914540371365951,0.06981725978281833,0.19748190943278854,0.16657633973560357,0.9625289461462078,0.5876557611625627
1628,SSP5-8.5,2075,4.311243574836634,0.02403181685688635,46.693564416022475,740.7565172699567,0.2716795716628216,1.1316190498916503,1.096523590981106,1.172524847129353,0.09033192195601289,0.6573401804402057,0.7392328160912822,0.07036702120803179,0.2869467286801405,0.14710375851043073,1.0060094603924081,0.5243451506666958
1629,SSP5-8.5,2075,3.7041272451578258,-0.03647891766188631,55.6265716332191,745.8917446525273,0.37057769507420263,0.9174522404067564,1.0767005887270322,1.2857981945533032,0.11336793426630216,0.7254838917686663,0.7995328981623819,0.07305916973366762,0.23511700630428176,0.16970219327597091,1.0128637090456654,0.5757595680627786
1630,SSP5-8.5,2075,4.40957419803765,-0.030374123665523667,49.16837892153765,677.6142816188648,0.39747352802315844,1.133996471706458,0.9907712631057413,0.9580265451495286,0.085837991445365,0.47599676966758603,0.6808300306081558,0.06788428317851838,0.23702698545585973,0.17911573480810544,1.0378747297331514,0.6162955714385822
1631,SSP5-8.5,2075,4.415671481456178,-0.2317708347351065,53.96071890586593,687.1882180213103,0.33561225231786945,1.0303246717303838,1.031402690062123,1.4595274335351998,0.10153351217225019,0.5269193024849955,0.5811900221451788,0.0923420505276456,0.24188053975552856,0.1574642883112543,0.9719616764417329,0.781162025371472
1632,SSP5-8.5,2075,3.2937180792605387,-0.12988039487296135,39.8569499496907,708.0450928932041,0.3932794441404513,1.2573631761005728,0.9153597028911237,1.0740000741980174,0.1280299199428767,0.6390018391434805,0.7122337423570795,0.06597875819194997,0.22672225817769165,0.17764780544915795,0.9988770413993971,0.5634383834019436
1633,SSP5-8.5,2075,3.8449934631446294,-0.16573639648995858,57.79211357232401,683.4232752042027,0.23793180002851166,1.1670233286196852,0.9882950849258663,1.4758292187867115,0.11560457138337757,0.5659243836641166,0.6519293664049336,0.0912695849053094,0.17886503359901387,0.12327613000997908,0.9936676583429096,0.6570261160355706
1634,SSP5-8.5,2075,3.9787847591873247,-0.3280120492013877,46.85155289970209,737.5050584056585,0.35989800613427786,1.1268958140298875,1.027063889663904,1.2962645721756256,0.0988501168036323,0.480418057089257,0.6410801003678737,0.08587603564730159,0.14502166033708863,0.16596430214699726,1.016885221486797,0.8026830758666567
1635,SSP5-8.5,2075,4.170348371144479,0.01617968606050582,54.28191248161351,717.0928214899898,0.3390611630836708,1.2819445072752518,1.0216181428573978,1.1651368174179182,0.11730806720169223,0.7889877323399698,0.8527941535825506,0.06338682662858171,0.17490204366103704,0.16676125010953768,1.017811406926673,0.5629387716745914
1636,SSP5-8.5,2075,4.159881843105894,-0.21744086876531865,55.15119890105604,743.310091188047,0.4767912488260361,1.3645649084871794,1.0870682619345795,1.1744767374960896,0.13275555248503462,0.6003370291745371,0.62217587695185,0.07332228056029334,0.2999756386013883,0.20687693708911262,0.9675738331282808,0.7916831326798455
1637,SSP5-8.5,2075,4.100922795837708,-0.048706432990714074,57.07698518723226,709.0581886098535,0.3650699407354944,1.0806068283368964,0.9163287894089207,1.3848385788291961,0.10481985051356874,0.6933020165297659,0.7049619995820299,0.08000120726431457,0.20325135407980507,0.16777447925742306,0.9771808902768783,0.6240546191007026
1638,SSP5-8.5,2075,4.638922370953053,-0.11393957829977475,51.76941790114061,729.2413068402468,0.29673445219512773,1.0932909128410186,1.1510650241898792,1.1704641568946412,0.09739203907561503,0.6543538625607713,0.7848017237749081,0.07040537685859596,0.16746867491916156,0.1438570582682947,1.0293765386419411,0.6826896662693127
1639,SSP5-8.5,2075,4.697624578851649,-0.0890988510123654,41.176071979484746,742.1054465854264,0.4232609814310112,1.2162912034466136,1.015998393335443,1.2006435820677726,0.13612368552194928,0.545092250094902,0.6081085138062875,0.07749350345275034,0.17254556934446627,0.18814134350085393,0.9791097483823157,0.6674404112003475
1640,SSP5-8.5,2075,4.248451619072139,-0.1947445398616495,46.51998204781856,736.2808517178454,0.35907838970998057,1.0848849121970194,0.8124779566639433,1.2595682017570153,0.11545601926301748,0.574957974969011,0.5746977267854986,0.07917308134615796,0.20226864736484207,0.1656774363984932,0.9527383673232258,0.7149895476304969
1641,SSP5-8.5,2075,3.5465914735973607,0.07567889069495945,53.924132235787226,722.1867429240042,0.3044091395732193,1.167776081779194,1.2591350049969687,1.1013703878115526,0.10223457962849206,0.8861362683154224,0.8552023270776101,0.055095822851004776,0.29818334344309133,0.1843826441981065,0.9865636535422603,0.49580589317051027
1642,SSP5-8.5,2075,4.089784293060368,-0.11912627640072623,55.2516062927094,763.7540986785702,0.3439686899424946,1.2595586007297994,0.9489486855426656,1.0759471371166658,0.10617498251240888,0.2938147116388181,0.44865711065048947,0.08334295641664878,0.23823247748709475,0.1603890414798731,0.9847146160340821,0.6675413660512923
1643,SSP5-8.5,2075,3.827974090337117,-0.08509893232073336,54.128583075144135,723.6918437291603,0.31958759386566216,1.1114032295714322,0.8593998648584871,1.0462919606668442,0.13485673201460543,0.6964054151509171,0.683719822600103,0.061616604047591894,0.26658508347478227,0.15185565785298175,0.9657169416005807,0.6044262648891334
1644,SSP5-8.5,2075,4.8226567490423,-0.12056549743886022,39.48045865316135,802.8742179635344,0.38096619483294714,1.180617203508198,1.2319796438000483,1.054322304976253,0.13519341034862023,0.8471288260813676,0.7660037306177201,0.05451283665619138,0.1826547621085164,0.1733381681915315,0.9557966450877188,0.6841293656494575
1645,SSP5-8.5,2075,4.112243488001727,-0.09998134807815329,49.275925237334604,758.8211489817371,0.38430011629341065,1.1729322720111712,0.955847641616123,1.293747547450554,0.13101674676071412,0.7071678465679023,0.7726372960385143,0.07440301407278856,0.20752279399948673,0.17450504070269374,1.0057746423646037,0.6437668829069305
1646,SSP5-8.5,2075,4.247267047536055,-0.2712605142075401,61.14810914573306,672.3434954857355,0.4093057550691046,0.9681973532965661,1.3089757885716622,1.0618176379604283,0.13737572307856877,0.7603800589977222,0.7987172936926145,0.05925386986336771,0.20822055233220949,0.1832570142741866,1.0008143463000438,0.8344091902416062
1647,SSP5-8.5,2075,3.966686244844098,-0.19157806352256473,50.52574732945439,772.8482938233983,0.387397006125685,1.0756783919258104,1.115238423175594,1.180199840846927,0.10722821460953337,0.37074557457101187,0.49506277160576256,0.08511002039397624,0.3231800767808343,0.17558895214398976,0.9818146560769421,0.7122692180868563
1648,SSP5-8.5,2075,3.862620836533707,-0.3079641223314826,48.02148860205203,702.4310564478401,0.3236008366437876,1.1563960972524094,1.0395997789871052,1.1394447335548719,0.09801015294818406,0.6886041141373836,0.7310831374750154,0.06702258763839314,0.1494256474415294,0.15326029282532563,0.9915722395684191,0.7687996635617653
1649,SSP5-8.5,2075,4.379070555278057,-0.1312896143338012,47.21181263253328,759.7903100144347,0.4149362819530677,1.147387261625744,1.1723725467582444,1.3193888044063162,0.12025439240562094,0.6733821075857398,0.7307199520611625,0.07747298408874542,0.10159524617545035,0.1852276986835737,0.9964753310977673,0.694841268836405
1650,SSP5-8.5,2075,3.519855777155921,-0.2872283909295501,38.37588686709026,736.9118761819016,0.49,1.1831497109099394,0.9418850961826839,1.2500446424313212,0.12957114694982064,0.5232230664754199,0.630728529200627,0.0812470197302232,0.23231659744400093,0.2115,0.997514450689604,0.7286324980857805
1651,SSP5-8.5,2075,4.432093553670539,0.05650558049294402,54.30379908065028,734.7882979960641,0.35354188689765337,1.3903939943921442,1.4602794338590146,1.2165038563841337,0.11062722721976441,0.4049237936248593,0.49645790543277585,0.08535594104713347,0.21626082590730755,0.19199245066065068,0.9710902290133188,0.5905968556030031
1652,SSP5-8.5,2075,4.464356860745703,-0.20497257501542399,54.43636504668882,743.6610229155045,0.3519197667077065,1.0109768040068408,1.1920929627504115,1.4333992509661604,0.08929704275119382,0.22,0.4147173844913936,0.10628111351356248,0.2094499883860169,0.1631719183476973,0.9926939887503204,0.7704427377428222
1653,SSP5-8.5,2075,4.863599876649318,-0.05390946967695659,52.38537393581773,706.4619334608576,0.424670697460106,0.8750654615563632,1.4787181193158447,1.3515516194668606,0.13236099660049971,0.9277046583481352,0.8456422814751454,0.06648870043850111,0.24719805880879475,0.1886347441110371,0.9679942558646757,0.6965512061843399
1654,SSP5-8.5,2075,3.992250144605456,-0.1330487977393503,46.64143313609411,774.7692201751772,0.247472281004935,1.2361029279510705,1.197641758515464,1.2180512787932563,0.10453689910535492,0.3739461115685154,0.5812770150086983,0.08698814789505725,0.1432415906520597,0.12661529835172725,1.0230696144879439,0.606228809416574
1655,SSP5-8.5,2075,4.139472235783773,-0.26338983300102764,49.32636985117499,707.6051095639759,0.3397208591663124,1.1196074296297511,1.1589909852312719,1.2912001326955453,0.09409645774038053,0.5082447958374954,0.5933495406214246,0.08421199812250074,0.29646243005437106,0.15890230070820932,0.9841647844582191,0.7665347040244256
1656,SSP5-8.5,2075,3.77761814170079,-0.013384749407380214,42.62383815128929,724.2951672147451,0.30238740014533383,0.951048987866384,1.55,1.2711777209068649,0.145,0.2646812898939389,0.5476604480759811,0.09531204355413422,0.25804906554251744,0.14583559005086683,1.043041520283614,0.4911639119885286
1657,SSP5-8.5,2075,4.2803165509609125,-0.1550322462819783,58.7501759929482,726.9580832480602,0.344831214065017,1.3330214978978414,1.3497540456194066,1.3021641027136637,0.08109898371020317,0.6551258344664135,0.781635260235078,0.07745831380741505,0.19590838176578654,0.16069092492275594,1.02756439464625,0.7207853856425361
1658,SSP5-8.5,2075,2.82798758923556,-0.044463434733515175,57.302074429814404,700.8913877882514,0.3445087504880181,1.006014725102552,1.29326782357636,1.1224351911613046,0.12688391111482117,0.5481916398970536,0.6324923372660645,0.07312731291383295,0.2694277297116817,0.16057806267080632,0.9900453563213425,0.5025459126488301
1659,SSP5-8.5,2075,4.4893954162980965,-0.24145895420151145,41.839123673566185,700.118909165564,0.33467974905362896,1.218609019614217,1.2067566648113561,1.3600029219844443,0.06918798562312949,0.7006442958416498,0.7736820277290881,0.07829678869938758,0.2557603404672171,0.15713791216877013,1.0084651904915034,0.748668993366591
1660,SSP5-8.5,2075,3.9389187985790546,-0.0743022243256269,45.93441061668279,697.7298321711447,0.3740715051049523,1.0737495347697685,1.1892790706165277,0.889595961975897,0.10845498749075674,0.4748397707406789,0.5484327599728055,0.06425740941551435,0.1658200788742913,0.1709250267867333,0.9732659332448524,0.5913019275974193
1661,SSP5-8.5,2075,4.291700312831775,-0.24900368429633674,45.59295364821823,710.9735684443685,0.31679349186736633,0.991148905266488,1.2857621271180504,1.0645043677858368,0.08445663085574975,0.938181182651739,0.9766531967075663,0.05050848374818887,0.19857304253311414,0.1508777221535782,1.0288114508657884,0.7462520261623529
1662,SSP5-8.5,2075,4.367793231311,0.04832064474824574,52.77130371862916,716.2849664362055,0.3966487471765289,1.0256832441121957,1.4076439641200145,1.1145353006348728,0.09592320015148273,0.6499204815302227,0.7232556940517803,0.06761549211152049,0.17087865312799191,0.202987383885908,1.0006429763364213,0.5929818032653302
1663,SSP5-8.5,2075,3.095242209417067,-0.1162544232212431,58.20053695926691,659.0922687481421,0.3499665209198254,1.1905505555356977,1.0503648889040704,1.1535610018106222,0.11937649530079103,0.7637099301397039,0.7894510096604767,0.06402740359050983,0.18939684125677403,0.16248828232193888,0.9951538716994164,0.5868132535410518
1664,SSP5-8.5,2075,4.316924918010766,-0.2838951454008399,57.90630691704627,682.1857027886792,0.3723102986552453,0.8258977305423812,1.282162320734195,1.1284108926614524,0.0821638513608362,0.3444036063174166,0.4850987740310641,0.08363848313513045,0.24046859712443377,0.17030860452933586,0.9857166670336538,0.8389752261046065
1665,SSP5-8.5,2075,3.838526912115026,-0.12918623050655123,53.52923212282081,762.1343669412493,0.2871609396887488,1.1240805378418155,0.7877328713038199,1.1632627985385808,0.09122490996437989,0.7971988245926724,0.7667953608468014,0.06287536330705919,0.12906434952719809,0.14050632889106207,0.9728528058789485,0.6288914165406772
1666,SSP5-8.5,2075,3.8247212595476467,-0.1699580800549152,40.366997294419384,749.286566327286,0.44647601604985143,1.3189121519246716,0.9921618500566718,1.1782033909383514,0.145,0.4343652933308477,0.4494416776032728,0.08182153330706113,0.27550407850052916,0.196266605617448,0.9381814274497091,0.6620282192234032
1667,SSP5-8.5,2075,4.908057080474936,-0.36,41.38240065412265,712.3979941479864,0.280698926668889,1.2110087523738853,1.317307805291655,1.1919831665814882,0.12942755263952793,0.6829484228333522,0.7185102372014159,0.07013436475118175,0.33731421350747237,0.13824462433411114,0.9872880611130525,0.8390482488364593
1668,SSP5-8.5,2075,4.714142239361442,-0.020875025803118896,55.34713120134403,752.8044950367371,0.3558544115548969,1.4148136221350744,1.1015922111174326,1.1159990391622057,0.13859008326717892,0.6139580365613153,0.7928072097353919,0.06949243104989915,0.21275613422988318,0.16454904404421392,1.0467913656652696,0.645461398983527
1669,SSP5-8.5,2075,3.6393609899634654,-0.36,51.76055900351625,696.0254423042136,0.3090449209942621,1.3271092807103726,1.3572108668648182,1.2308856675446231,0.09910610122328306,0.49480413583761323,0.5388880494832429,0.08163632915282981,0.24299132153545963,0.14816572234799175,0.9619158800376177,0.7770972037054367
1670,SSP5-8.5,2075,3.3338785306419303,-0.1566863272500213,44.61122191507501,693.0444597824481,0.391876830632303,1.2476711930622346,1.0379311883772582,1.2583778102609213,0.10923042222270192,0.4203678681665831,0.5948085984243048,0.08683848868264353,0.2246304667296507,0.17715689072130605,1.0142159654166867,0.6068611020550538
1671,SSP5-8.5,2075,3.5891730345742237,0.06318726463043128,58.843103758875245,710.3000359130975,0.3957371575432743,1.4641240661402135,1.1710043338532943,1.4032997366062967,0.11992268551705727,0.6366749412082094,0.717141804179247,0.08382662337223627,0.20087961206863658,0.21010163745536165,1.0020632144046717,0.5408226913456556
1672,SSP5-8.5,2075,4.196403073065698,-0.12220179209779686,45.81642403394567,688.7768332961665,0.4324520963791382,0.7530904584303787,1.3008705536925427,1.5172867921122273,0.11395759791797339,0.6712382401545541,0.7333094742165905,0.08823622295216145,0.15884494168748411,0.19135823373269836,0.998462212992915,0.671657158735335
1673,SSP5-8.5,2075,4.200350474199837,0.000486057402060841,59.98452124959234,756.8752454923656,0.37972127592537996,1.1043025617428792,0.72,1.1685938054267928,0.145,0.7518581986428686,0.8323669808873261,0.06542944882160694,0.2188783000818144,0.1731454752749134,1.0201780355795407,0.5969693154390137
1674,SSP5-8.5,2075,4.359867742980309,-0.1951000941102838,49.10244668235015,677.866773696354,0.37347352126982325,1.29856761255461,1.3868400872808677,1.2363932883633078,0.1045040792735287,0.8648031697344445,0.8524417815994246,0.06343294165591742,0.20352109452482683,0.17071573244443813,0.9923298528520011,0.7396074149661057
1675,SSP5-8.5,2075,3.7288171432187656,-0.13671289737589779,53.73181141053658,726.4010670352937,0.4344159477516965,0.8075820056629018,1.0855868998732638,1.0959268373253463,0.07761337339643268,0.6975258428752945,0.6816905825037588,0.06423322986606161,0.09461234657153833,0.19204558171309377,0.9643467500438377,0.6737710099124921
1676,SSP5-8.5,2075,3.87568104885814,-0.14915734915146606,63.56401465237141,692.700554485654,0.402784300965899,1.0992153696689428,0.7378152616639306,1.3712778959893648,0.09044798553919661,0.7757015299580015,0.6983998764685136,0.07515104097845034,0.2123597438860543,0.18097450533806464,0.946453028629472,0.6992361727920495
1677,SSP5-8.5,2075,4.071339084947622,-0.21147689394724103,53.44315998753514,718.6759940370107,0.3714981089085577,1.0009513394099054,1.1100003503342806,1.205807064435109,0.11779484034717433,0.5842147062830222,0.7386352999387372,0.07581541430927785,0.23123891420362305,0.1700243381179952,1.0301267471089022,0.7439057551043952
1678,SSP5-8.5,2075,4.619548717989178,-0.24319148338802055,47.793745810190956,752.16771352819,0.3215776581547988,1.161699982933951,1.1739598381687284,1.2818497834853482,0.13584913203835555,0.3870149981784585,0.5348333198486549,0.08977000766336506,0.2816625379238953,0.15255218035417956,0.9959073503519488,0.7801601079044573
1679,SSP5-8.5,2075,4.564513277328785,-0.36,43.55949783356561,720.4251702313333,0.4021759076642528,0.8346855639606371,1.4250839432636329,1.3102943936920453,0.08378136071277319,0.43305780112294184,0.5977361858451464,0.08899950037342458,0.13545665951546298,0.1807615676824885,1.0114170143491226,0.8565477396530665
1680,SSP5-8.5,2075,3.773394529246722,-0.36,43.42434295400256,778.3605748877847,0.3677726164726898,1.2689963487234648,0.9804208250914904,1.1950703232424067,0.11085960992698364,0.7435576040268057,0.8844978363194416,0.06727013720402006,0.25674982992839224,0.16872041576544142,1.0485404358307775,0.7757071868677822
1681,SSP5-8.5,2075,4.382104463166443,-0.20196116573880676,45.3686332458785,734.4478519905894,0.34624503391436584,1.1954779444053072,1.047810020949414,1.2991195596919571,0.11704464522297708,0.630190886970561,0.718036023438827,0.07854112425026963,0.21043690559465028,0.16118576187002803,1.0046666899648877,0.7240592183373097
1682,SSP5-8.5,2075,3.8147650579750705,-0.10631036827152199,57.528316855463,765.2435722193622,0.42705779492076995,1.2447385728331504,1.0458685904842207,1.0874464869470644,0.13126664652182898,0.5197501482983162,0.5852902161358615,0.07266538034377226,0.21982733373531135,0.18947022822226947,0.9763676929620213,0.6664504339701081
1683,SSP5-8.5,2075,4.094726165893429,-0.21048011006460296,55.57484660708818,701.5180033383309,0.44615535302844583,1.1638270830232855,0.8282013764396006,1.2097836064428995,0.10366640443619764,0.39891329694742084,0.5829163153117658,0.08529460626878507,0.23898251452219302,0.19615437355995605,1.015539861481146,0.7774130205073739
1684,SSP5-8.5,2075,4.526636488623974,-0.23867302669446094,49.872199925351055,741.6881278120114,0.3825245994166153,0.867009774634967,1.009380792132812,1.049535370753667,0.10656728373588037,0.33609754274707404,0.3128780013493316,0.07980664282630527,0.15558530963051512,0.17388360979581535,0.92,0.7959635637739919
1685,SSP5-8.5,2075,3.5826778435164184,-0.16880450792603294,53.247331625968535,731.8646521342731,0.34312947413247546,1.3107431384346147,0.9010075485378829,0.9239960716908945,0.10137899940921989,0.4542590114004461,0.6084844036632081,0.06713876098256431,0.25251197832905414,0.16009531594636642,1.0096160627198987,0.656101573006084
1686,SSP5-8.5,2075,3.9442727952232035,-0.1621893696500962,44.013472332620005,714.6475833987149,0.4705234616416268,1.276062985611097,1.2229614331145022,1.2082346757055664,0.10790474645990092,0.4419191736064302,0.5389004403858408,0.08306090847305514,0.1889392513880842,0.20468321157456937,0.9795759247818844,0.6844786965460326
1687,SSP5-8.5,2075,4.504283735371308,0.1344792770563916,50.85970353428056,725.6515171941915,0.31369679391710936,1.0594708724838848,1.1838557396489175,1.3797664782324122,0.11308955382536982,0.5642856713124883,0.6686827930291427,0.08617891141612086,0.3110209418223703,0.21703351639918408,1.0024390997543557,0.5708137193694537
1688,SSP5-8.5,2075,4.731514537795598,-0.22463867525610431,52.12617046726272,770.6727953827999,0.39360744652249174,0.9047463933079068,1.129330880348976,1.036955548938021,0.13881862268896544,0.585751382097514,0.686817144834129,0.0666465758379408,0.21592388713324198,0.1777626062828721,1.004175773367475,0.8145769213305086
1689,SSP5-8.5,2075,4.146626639951272,0.09455773461663877,52.23167616303197,720.9777061753035,0.43696813499328463,1.322284793643009,1.2541687752134427,1.280656901362204,0.09843331687946236,0.7325863279935748,0.781646330178267,0.07242720905828609,0.2714224274095227,0.240217714555969,1.0017121078700213,0.5845604900573407
1690,SSP5-8.5,2075,3.9281232583889145,-0.143889496309972,50.07318410370273,673.8992102795528,0.342191050819793,0.9717911874117063,1.1027198915477798,1.4289570841124886,0.08749946797521901,0.5367895561958024,0.7077887352846206,0.09020244210395925,0.1585354684251487,0.15976686778692756,1.0308152654714513,0.65329882504848
1691,SSP5-8.5,2075,3.7883335694325395,-0.0556852461415529,60.42483868667798,704.4198390671609,0.3107102038636717,1.279675370543233,1.1186366728160375,1.2200541789010113,0.07546532971292874,0.5534542951012156,0.6470047776334292,0.0781205871857629,0.2594570370427615,0.14874857135228509,0.9954128752371685,0.5849149206882659
1692,SSP5-8.5,2075,4.3284171756044385,-0.1879874817584783,47.59910370675732,699.5203342512285,0.3915893370510139,1.3721949026480886,0.8489724049571927,1.2522255140305214,0.09768057667539806,0.6324865648813534,0.6859106959671061,0.07590127635757578,0.25913756790939285,0.17705626796785487,0.9881297356343676,0.731059768029179
1693,SSP5-8.5,2075,4.047430503775407,-0.2294901132439536,61.40303939264295,754.9727573137932,0.3285120414546165,1.4570182754474443,1.1303710160749245,0.9772670310307856,0.10411912644621701,0.4862769103029972,0.5879660375126755,0.06840630230958475,0.2281673682519078,0.15497921450911575,0.988855253448713,0.7564618506650931
1694,SSP5-8.5,2075,4.057981421609656,-0.2127220893891444,40.91952685951949,676.2788373281369,0.28948500224842233,1.2005864915963034,1.2083043944101945,0.8726255322665037,0.12662754716207306,0.46784185215654145,0.5638232693077772,0.0636935129757539,0.12535930504232046,0.1413197507869478,0.9831573066493796,0.6691387540508806
1695,SSP5-8.5,2075,4.0249080422230925,-0.10462924674985485,43.9122462219288,757.7383321714649,0.37095501968170497,1.2288424768709254,1.1384094116803054,1.2466729733221187,0.1334298392741428,0.591600502104746,0.6536500863270723,0.07764659653518446,0.21720560812567266,0.16983425688859674,0.9859412202215967,0.6150183081109667
1696,SSP5-8.5,2075,4.516548098971782,-0.19915965142131875,45.648140461300905,787.5019089451995,0.35668894821669506,1.0197216412565613,1.3147617855045437,1.2276934481213038,0.09496264151555042,0.555535102812855,0.7024118720126473,0.07842789206588899,0.25416830893154096,0.16484113187584326,1.021918110121772,0.7379599393976246
1697,SSP5-8.5,2075,4.443413095862447,-0.14632514512644146,54.09870491815462,747.5538724230722,0.36590939327215055,0.8858514002165486,1.0407020064043833,1.2032602920039022,0.09700121000968423,0.3308959965256749,0.556217281014521,0.08834421589700328,0.19292561014311782,0.1680682876452527,1.025138474385103,0.723526364838221
1698,SSP5-8.5,2075,4.065269900283252,-0.30318037506449913,48.15527170997608,739.3193020702364,0.4486689730820627,1.0691096034395,1.270129347629211,1.0681028499380558,0.09950875955762235,0.6691237470783827,0.7704278073328965,0.06415511995043773,0.1803565420791969,0.19703414057872196,1.0173897963932563,0.8234510106235121
1699,SSP5-8.5,2075,4.296751026780913,0.034467316698543,53.33645494103112,748.9134196465159,0.38158583610437896,1.3118327459873302,1.2168427407996103,1.2237223539791329,0.11250219350737167,0.603261015814568,0.6929646056695098,0.07582776826968644,0.16266401465869748,0.1907887009858041,1.0013485836858418,0.5840802653449862
1700,SSP5-8.5,2075,3.4114604457865303,-0.051040508357087414,41.75400901019705,769.2254108015597,0.4391324305231705,1.1518186029805317,1.0580780933727936,1.212118983694859,0.11217754437772484,0.617881887589744,0.6702885949869699,0.07447192781946674,0.1679024687143423,0.19369635068310967,0.9853360110636452,0.530901542038811
1701,SSP5-8.5,2075,4.929049756881584,0.026476300308402673,44.973858004007866,762.3426424577041,0.30136714057334657,1.2860526697308325,0.9635418426602047,1.0289327048175452,0.08731674349060213,0.24690829884776433,0.4098523458443262,0.08315673070163344,0.12306802949011893,0.15871664935487262,0.98132321765367,0.5813655712972311
1702,SSP5-8.5,2075,3.8524446151824328,-0.07244541528638125,58.06469734544716,724.5890877920104,0.3790943468055419,1.0145107105199478,0.9117248056281106,1.1757557627812425,0.1340716064908315,0.22541931733911053,0.43385267530695404,0.09213703674434215,0.2435769534832823,0.17268302138193967,1.0002786103080308,0.6263865303772895
1703,SSP5-8.5,2075,4.225784607619652,-0.17790729394667681,50.235506950912296,714.9643990959936,0.317623083721849,0.8608544904892164,1.2513644505661594,1.2685022247444508,0.11902987637142401,0.4898388944736311,0.5536388301081037,0.08391009814717348,0.14138935670640024,0.15116807930264714,0.9708146601887806,0.7000580179498135
1704,SSP5-8.5,2075,3.748128758140825,-0.29328236964178284,44.21564042906399,725.8355983903922,0.45709309588768054,1.154357114906369,0.8585302263307801,1.2551287147154548,0.1237058247870852,0.4845381839780958,0.6276631557486823,0.08345502159346585,0.1523433299017798,0.19998258356068818,1.0089233481341195,0.7751148930686824
1705,SSP5-8.5,2075,4.268735358425723,0.07305955919918566,59.390591194168394,732.3301144315302,0.4157087907025519,1.0454516024151395,1.2002973220856612,0.9680917688353149,0.10830319469558237,0.4433680498209965,0.6086529688381394,0.07005769275392866,0.25136407448296155,0.222027856345486,1.0133344138893867,0.6067268569921063
1706,SSP5-8.5,2075,4.031243657030137,-0.18983478572335968,44.27886935423438,715.9367490889621,0.2996536201495764,1.1177011673434811,1.0744697891439612,1.2778554543194058,0.12047642846094216,0.7043861933057651,0.8282347988089892,0.07368636864421821,0.30645687562398655,0.14487876705235175,1.0339965283408883,0.6641515793049574
1707,SSP5-8.5,2075,4.475610708402419,-0.18613145351067736,44.71858921298768,740.4354896641034,0.40097188806155526,1.2513162240674538,1.0171561635676385,1.3489085072295293,0.13378554094949985,0.22,0.47166367214596744,0.1017316119277439,0.1992824860978453,0.18034016082154433,1.0206494390534748,0.7343584357569973
1708,SSP5-8.5,2075,4.79792362751633,-0.03350892391189417,51.32595865727247,685.5256870421232,0.45408615756175746,1.1968586576344784,0.9603939079067616,1.098484685350562,0.11865961274425846,0.533297205467963,0.7174931384755627,0.07258239201470904,0.14591593783793638,0.1989301551466151,1.0367450553899706,0.6794182688806786
1709,SSP5-8.5,2075,3.5527487933623876,-0.00972814494161714,61.860777204580074,718.1606108887692,0.3150030940786551,1.2226657273390826,1.2737116400529849,1.1010474791280467,0.0894610097625032,0.7814549181992747,0.8599847713529808,0.06031250296616185,0.22349749991660572,0.15025108292752928,1.0238559368798508,0.5278390315596894
1710,SSP5-8.5,2075,4.547155866333523,-0.2043756374780894,49.839476397621375,668.1027234321502,0.3310602493143163,1.230320104575201,1.1766082804250497,1.3119805269126996,0.10568920356467257,0.6916031209931488,0.7130906120814092,0.0761630261687187,0.2049647161496693,0.1558710872600107,0.9817384222684333,0.7527868375763103
1711,SSP5-8.5,2075,4.500146956690574,-0.04682629458299947,50.09795113862382,779.2167759572836,0.42025143195215925,1.063675924005154,1.3238365014515419,1.3145390642013008,0.09551450919211447,0.5622796898512726,0.6482849924793854,0.08276696511827564,0.18141608493193578,0.18708800118325575,0.9930952671140735,0.6486925231614971
1712,SSP5-8.5,2075,4.457403400667535,-0.1799790640494638,53.810959023518244,784.14377264532,0.4124484548880372,0.9229798086465408,1.0616198348960053,1.2349867381013653,0.145,0.5305340011383385,0.5910510035789215,0.08007066276392581,0.2317619777725242,0.18435695921081302,0.9755958697405633,0.7663713941048029
1713,SSP5-8.5,2075,5.106768765307629,-0.3408323544748435,38.621493841089915,709.6227899932812,0.39899811138201935,0.9551243985824268,1.1654784617169462,1.0944674860346961,0.08259758835318495,0.3599856746290131,0.5454594187458607,0.08103165782426375,0.133281354480201,0.17964933898370677,1.0101466785445374,0.883977676228318
1714,SSP5-8.5,2075,3.855617658444012,-0.27790272075965367,48.57596129222511,695.1273243338393,0.34792823792581146,1.1160963912670185,0.803274273068715,1.1464651715456118,0.10102076182354242,0.6456438264376929,0.7566347731281927,0.06954862560749445,0.24844081124300943,0.161774883274034,1.0184566949284575,0.7534105731961953
1715,SSP5-8.5,2075,3.933792194564343,-0.16443993550920966,52.68857729778019,699.3316952258934,0.43299462883934964,0.72,0.9818370682171675,1.1591246619955016,0.0758200610669878,0.5812956500083436,0.6039518821571548,0.07344769929934059,0.21517724502955646,0.19154812009377237,0.9649838669834544,0.7100694294421923
1716,SSP5-8.5,2075,3.6032148410909004,-0.24061411872873706,52.53109781487684,713.7420008950265,0.32393544604168073,0.9316472740196887,0.8829267579628101,1.3289855761914242,0.12902084690932814,0.96,0.9310555664848668,0.06365883871799977,0.31655918508946185,0.15337740611458825,0.9991436417289346,0.7080895194452063
1717,SSP5-8.5,2075,3.491476905438234,-0.11127174800391045,49.99874717820834,753.6308985553189,0.4592355600698312,1.284701516379456,1.0342987876341305,1.1582897637793252,0.116354044481671,0.5473267797843067,0.7308366846569367,0.07510118675274832,0.18365186218756552,0.2007324460244409,1.0386121965254076,0.6257005915288931
1718,SSP5-8.5,2075,4.082203937559614,-0.013082812513975417,62.97125826868294,691.387665201507,0.3531411868813549,1.1071623966391146,1.0680943276342085,1.55,0.08040280941292414,0.7168834338124468,0.761829256441559,0.0907902229376052,0.13853301400007179,0.1635994154084742,0.997225637802283,0.589231634670993
1719,SSP5-8.5,2075,4.583660011309436,-0.04097092111412132,54.757569650491796,698.8267698840405,0.33835208311135556,1.1410827534351553,0.7565255111699705,1.025233644908314,0.12177251431238272,0.8110024589668284,0.934393566063414,0.05475284254672162,0.23450680430862628,0.15842322908897444,1.0505203843105673,0.6426803080458342
1720,SSP5-8.5,2075,4.062587629203133,-0.2178443030187082,49.394113421734,693.3828838977236,0.4301700666912581,1.430076278253495,1.1523834661774004,1.0135306243048046,0.10510639224399623,0.8430660110967241,0.8356315947846255,0.05251950229234557,0.15116547794370577,0.19055952334194035,0.9913338380990733,0.7517369333459505
1721,SSP5-8.5,2075,4.024238048682025,-0.15994357779411744,54.57252959190576,684.3196909187693,0.3369229727955869,1.2327976935593725,1.0034272067976626,1.1854368422247616,0.11236669423756987,0.502837722911717,0.6406926381182323,0.07878740535882439,0.24794623544925126,0.1579230404784554,1.009210920664239,0.6905356724270068
1722,SSP5-8.5,2075,4.404015663417473,-0.09127840673129599,50.31906909393944,711.9971861318227,0.31223772306755854,1.1840804208200313,1.0103905665295598,1.1072031365996595,0.145,0.8071312628895743,0.7722098533587041,0.05936014421088756,0.30430014301109753,0.14928320307364548,0.9721952009824077,0.6428959785453185
1723,SSP5-8.5,2075,4.126970361793453,-0.16094918247133694,47.02000036171152,741.3631305570246,0.4220653610852898,1.314978598819608,0.892162862941513,1.1968440887931022,0.10550586664028015,0.5374323880080691,0.7118918540443778,0.07767190845768666,0.17723234191774676,0.18772287637985144,1.03261493482491,0.6987699920507195
1724,SSP5-8.5,2075,3.4395187398584306,-0.1263420904268574,51.190901028371535,753.5531932792794,0.36893209609626637,1.0881111090394135,1.2446627850647851,1.3762002563979003,0.145,0.46125984835845063,0.568659778073309,0.09113817523427209,0.17784988349859898,0.16912623363369322,0.9877287853112399,0.6090201797184429
1725,SSP5-8.5,2075,4.585313842943378,-0.19777553883500432,54.47413274149054,703.7423482026037,0.3569811831491853,0.9942727621729369,0.72,1.111373388793451,0.11998609731958511,0.528788670628163,0.5594600919195701,0.07350182586516228,0.28570545047221174,0.16494341410221486,0.9606702270744604,0.7768774780587527
1726,SSP5-8.5,2075,4.629754825333633,-0.15188585660847403,47.12028821272434,674.410473701732,0.3833745855436151,1.1136034145709162,1.1112314016651177,0.8,0.1028717368510462,0.7487420136492402,0.9129059087695859,0.04354923954927039,0.13998436826437272,0.17418110494026529,1.0607555666577957,0.7232045443618814
1727,SSP5-8.5,2075,4.191346899186033,0.008556676456698192,55.041452856763385,745.1074178444537,0.39092417193824147,1.0231337039421682,0.8769747694917369,1.0776424543440366,0.08482280859643714,0.8243501278737956,0.8863194966871825,0.05690747191714296,0.21435840372316683,0.1811017984067336,1.022464692050746,0.5856160742583338
1728,SSP5-8.5,2075,4.990472780436769,-0.2555737410653771,50.70681801413266,696.5229791005087,0.3270874935157447,1.1367333729597835,1.2992053215517283,1.362634305538512,0.09628449345258892,0.6655457560898955,0.7730760875077316,0.08019340557065587,0.19444752635648932,0.15448062273051064,1.0198842596526958,0.8357946068567546
1729,SSP5-8.5,2075,4.674679222486358,-0.26012089966750696,50.99723788147525,661.541600629848,0.38676901601712593,1.1590341876210117,1.0907634472188232,1.2651202662914287,0.145,0.6806616249573869,0.7156253135485324,0.07418685616782297,0.1277389198119786,0.1753691556059941,0.9866352005744137,0.8322764929073893
1730,SSP5-8.5,2075,3.7122795333237724,-0.3120831124863842,57.01876722776605,695.8041748694393,0.26527974595897885,1.1426626036538496,1.414767589454186,1.3057684478285605,0.10595991207134184,0.5734426473931011,0.6363843295536273,0.08173655328265204,0.19391532762267868,0.1328479110856426,0.9835267253056473,0.7747563901565647
1731,SSP5-8.5,2075,4.237246297786436,-0.2466728561617735,56.73575833928696,725.2666824573222,0.386369162260909,1.344101517191941,0.9285849439215005,1.3034174552968048,0.10953789517995052,0.44599406675381037,0.5211696667021911,0.08798239040906052,0.3090874276764184,0.17522920679131815,0.9695114533701673,0.8048685000858776
1732,SSP5-8.5,2075,3.5087882404788058,-0.2068510834514653,51.44308662540597,728.2838574447941,0.4294086341220197,1.1603527158607745,1.1140669420490312,0.9396060811975128,0.09651473598152571,0.5881317296403157,0.6588872797164136,0.06128566404400412,0.18409227644551,0.1902930219427069,0.9896701453844904,0.7018612899474973
1733,SSP5-8.5,2075,4.451136705646422,-0.08093036078681186,55.76996323400472,665.9200000860561,0.4411385287715448,1.204551873827112,1.1436380895989962,1.1379069896693097,0.13209844902848225,0.6436969280573653,0.7243663026614094,0.06918514534855609,0.2224269221402614,0.19439848507004068,1.0032657195040877,0.7010430320783679
1734,SSP5-8.5,2075,3.663521394483906,-0.07029084489456879,56.3081116314035,681.5729411513566,0.4046774848509638,1.1457707107254016,1.0047780961722574,1.0401147452999095,0.10308990017188063,0.5506070514104301,0.6572244489582173,0.06857390294562746,0.21178032999554097,0.18163711969783733,1.0013802665086613,0.6136729125447493
1735,SSP5-8.5,2075,4.371405211920951,-0.17239621382942497,53.10912494244787,751.3239624288029,0.3318530610778104,0.9275980594664218,0.977334458049412,1.3656886797049703,0.137642256207028,0.5142962876177986,0.6429527719674277,0.08792034529553154,0.13695580883484873,0.15614857137723362,1.0064953636810503,0.7239039764256665
1736,SSP5-8.5,2075,3.960217195294178,-0.03192133436424455,47.39793735556888,727.84395106782,0.4171827159109999,0.9829359169149966,1.1269878743420085,1.1479631575694766,0.1300511782727857,0.8164883091392525,0.8903338264846962,0.06108706225831688,0.20667521348849444,0.18601395056884998,1.0270597810780022,0.5777994191212457
1737,SSP5-8.5,2075,3.8934920008239193,-0.2342864670665326,58.43389174504706,731.1837371341742,0.41368858595578784,1.08780181524888,1.09804943737277,1.1324106934310236,0.145,0.4823871882131028,0.5574417890332791,0.07695467792793843,0.16574485726588395,0.18479100508452573,0.9751690823328358,0.7744184747767593
1738,SSP5-8.5,2075,4.743098062105557,-0.3529155610470526,57.6470146042175,690.5550797166277,0.3579949092285085,1.1698921048444593,1.0816630869002162,1.1515409924696578,0.09272492833136284,0.9003894337724321,0.9564339904792508,0.057084658675129185,0.21753484523852862,0.16529821822997798,1.0315012316159622,0.9096162124434325
1739,SSP5-8.5,2075,3.761411802078995,-0.059903456550304546,50.43402990439172,719.5173153897247,0.32755678590613435,1.226380096773078,1.2125312490333788,0.9863365283981407,0.11806847558443559,0.4983835994701399,0.5051021408220766,0.0682893254017775,0.2551530221858724,0.15464487506714703,0.9441351802895328,0.5662137365485151
1740,SSP5-8.5,2075,4.184347192790558,-0.13554013591636047,34.98593421062265,734.0046354563231,0.46610028485402943,1.3574816928964515,1.243699704847004,1.1488691139066578,0.08819670123477871,0.6347129207517472,0.7419948047569164,0.07022461394200188,0.2780967158602118,0.2031350996989103,1.0149187364260848,0.648817478083232
1741,SSP5-8.5,2075,4.484432352685797,-0.07810611136328931,48.56444509698127,670.1351148727133,0.383763691046057,0.794315315564687,1.540069590946847,1.0330371573116748,0.10686663679422762,0.7557345646312377,0.8226518768419611,0.057936426392912896,0.2297499970001571,0.17431729186611994,1.014114801238244,0.6554090052621268
1742,SSP5-8.5,2075,4.778993949262775,-0.3325025781386163,48.260924372513465,706.895922709324,0.374500067438938,0.9424846783536467,1.2396461788256812,1.2029018336729145,0.12437841039855717,0.3208379908458021,0.5500592529554508,0.08882781457855912,0.18654262622598436,0.1710750236036283,1.0254729875976045,0.8844695178172121
1743,SSP5-8.5,2075,4.1756301974630645,0.0036568350200261723,53.39589785895745,726.60844757413,0.39880039679117657,1.296982349107027,0.9657372862610186,1.1697892244161896,0.13151648220011924,0.38335967703453955,0.6063558542619881,0.08391874361683707,0.22906523826655825,0.18140855638692488,1.032238625358537,0.5844876864042832
1744,SSP5-8.5,2075,3.7907053315166213,-0.08127296095288566,55.885133734864795,708.3858035445422,0.3413354719834637,1.4073207876606342,1.1940135462227262,1.1886043568068765,0.08652080415488154,0.7379241473996636,0.8720953410494349,0.06720364261192555,0.20879426565800702,0.1594674151942123,1.0443324884013985,0.611785857172326
1745,SSP5-8.5,2075,4.259011828779757,-0.2210218286971558,52.29033666995707,716.4161826960365,0.36809768903237694,1.267793516735858,1.0937329058068042,1.3178885647850256,0.12124730933294911,0.46395330151487435,0.6395250197214494,0.08786364225883457,0.05775915916196686,0.16883419116133194,1.0216180530302916,0.7626568092153203
1746,SSP5-8.5,2075,4.435877275185892,-0.36,47.96698752050954,739.9624523452442,0.3779825858480149,1.2551066415587298,1.2470412493448755,1.1359472244902746,0.11519528698008849,0.5981494544830552,0.8045051687557321,0.07135699320993893,0.15979130738450692,0.17229390504680522,1.057811192219925,0.8544396755168095
1747,SSP5-8.5,2075,3.7337474425065547,-0.3064228744631573,47.28348992061635,722.1155023280128,0.3589653422049788,1.1866232374461811,0.7712672379776343,0.9960207775186384,0.12609787503694134,0.8713134329877402,0.7907242575372413,0.05016429329392428,0.23668563276344579,0.16563786977174258,0.9598589149791019,0.7648234271866826
1748,SSP5-8.5,2075,4.601046141209132,-0.018532765678887536,44.45754715703891,705.9619152625797,0.40971358149422565,1.0081755344978673,1.1238184627660004,1.0465518312161137,0.12500452168970702,0.6427874164958857,0.8099699187170747,0.06431149700991953,0.24974368890842352,0.18339975352297896,1.045592924336301,0.6091274805247522
1749,SSP5-8.5,2075,4.079068912215969,-0.06458168877006737,47.494916361033376,727.5464781459992,0.3513048587149701,1.1757071932795582,1.338649182060536,1.1934958282851151,0.1018203077353376,0.6194379788236722,0.7247113416668263,0.07339133796647643,0.18741903448994962,0.16295670055023953,1.0115331806145762,0.5942177813024813
1750,SSP5-8.5,2075,4.2243335086317435,-0.17640094485395214,49.477638215588314,735.0258529933429,0.40764996926100255,1.396985642194523,1.332882323125767,1.1914137192013288,0.07996122525398008,0.6596620695337216,0.8011364142758938,0.07126801986492393,0.2206351609020814,0.18267748924135088,1.0356234107056363,0.7248165750739632
1751,SSP5-8.5,2075,4.4697761980163655,0.006848483806404182,52.55232760145319,729.0787412240047,0.3940938410932736,1.3381706762527834,1.3727798625678012,1.1830329133378845,0.12721402415277333,0.6776689986091006,0.7953580902181869,0.06991639924927721,0.17197279689259934,0.18135708628584785,1.0267757385714176,0.6028343000411736
1752,SSP5-8.5,2075,4.30240716259469,-0.06571912613839305,65.33003417393714,702.6447574996268,0.31401997490720046,1.175388183915616,1.3455455875148619,1.184953293383314,0.12136557150165667,0.44982118555465916,0.6023073995079754,0.08141219498136856,0.15704595439836144,0.14990699121752016,1.008065142180578,0.6392272234600271
1753,SSP5-8.5,2075,3.8683074409852574,-0.26560097498437885,48.996448544330825,713.0139613415587,0.4053059503183123,1.149468485648145,1.1857259389026924,1.3214952203760402,0.10979030472731349,0.2452067256756073,0.4063228846142784,0.09899517558262179,0.22556417049855323,0.1818570826114093,0.9801585891123885,0.7645162778499601
1754,SSP5-8.5,2075,3.9097718151713874,-0.2765572433396291,56.13406301188287,720.278892405487,0.2915234830321326,1.14473433293141,0.8722884097909557,1.018709456135853,0.11854831484776789,0.775333675990502,0.75853641976674,0.056184979223174676,0.2792422016220292,0.1420332190612464,0.9760974007730248,0.7679155614565016
1755,SSP5-8.5,2075,3.8028275141443575,-0.22131588366488822,58.52527442633676,732.7763054874686,0.36086148017595854,1.2206655759035885,1.1218429273399877,1.4463312473287266,0.09454740622759891,0.6218222082957031,0.6837924690888577,0.08688634136445396,0.3557622941360624,0.1663015180615855,0.99064983492891,0.7387626734088352
1756,SSP5-8.5,2075,4.0019530766981095,-0.17951892672273556,42.92290624756674,694.3598524868636,0.38530341306026145,1.0407109452245102,1.1689067985534585,1.0724394381895375,0.09103687195947384,0.43915266951109705,0.5750500130271992,0.0758871824269587,0.19944708337092543,0.1748561945710915,0.9982455879911024,0.6755069629683808
1757,SSP5-8.5,2075,3.619726089968124,-0.32871588404194885,56.02842580715136,712.2026907706481,0.49,1.0498687752563278,1.0436708351221125,1.0927226683329387,0.12402083281472333,0.6164868999226782,0.682774803261746,0.06811264483717816,0.1846059469098203,0.2115,0.9919312764633957,0.8394317017939906
1758,SSP5-8.5,2075,3.263269424062079,-0.2730056317705622,42.208624459764096,733.7116924362261,0.4084399789218969,1.1896797890969857,1.2876193452340288,1.2324118572253013,0.11144446806669744,0.7862769203177892,0.7794899501965662,0.06714486937316523,0.27666939280241165,0.1829539926226639,0.9827306254231396,0.6925773652756535
1759,SSP5-8.5,2075,4.1058237868001415,-0.182547924977368,51.114587575980416,713.1863705759207,0.35452294692675346,0.9726991045802139,0.7244464160121294,1.2375679240803938,0.12093467876656051,0.6745673409306563,0.7485630727224214,0.07300798271164224,0.17006385061268284,0.1640830314243637,1.0048390288003368,0.7086674032772148
1760,SSP5-8.5,2075,3.903562754090098,-0.09302358920578165,52.88920520000853,669.0762974282876,0.3376730312568025,1.0573434308217156,0.8171926353445074,1.083199436672572,0.1426920085672142,0.4124166786991442,0.5758436177671873,0.07780336650125819,0.29005379088420247,0.15818556093988087,1.0075601356145047,0.6186336350708677
1761,SSP5-8.5,2075,4.419753016618675,-0.17360925582300854,46.40954178438231,707.3337788404087,0.38854516406993544,1.211761474463427,1.0134455720854696,1.337415802926642,0.10809493817321181,0.7677754476283835,0.7409785324814527,0.07372400162232308,0.19556647758239873,0.1759908074244774,0.9700011483371291,0.7216535327238678
1762,SSP5-8.5,2075,4.846189434431359,-0.14112353443253903,49.54846029134304,686.7290613103859,0.27836766769769167,1.3823671763310177,1.218713862231844,1.2955889534911171,0.14374933805871976,0.28981258206643734,0.5454389355190485,0.0953699299308152,0.25268499784247767,0.1374286836941921,1.033561677314082,0.7087454078813286
1763,SSP5-8.5,2075,4.177286128247502,-0.2232620150699124,45.99964183033443,731.5040524148976,0.30582507149717914,0.9635816753859295,0.9987792309050354,1.3543313069647012,0.12603958070025809,0.3927276413185161,0.5947583475663079,0.09338722677063502,0.130286579050465,0.1470387750240127,1.0234181070851338,0.7130677484917665
1764,SSP5-8.5,2075,4.707409783164724,-0.13872278609562985,48.10451818477531,748.1888855229305,0.3639052780681891,1.0776302981041626,1.3626822094375572,1.0221495718407552,0.09546022467279539,0.5173634946997664,0.664733867044512,0.06926872528720618,0.2655719551666299,0.1673668473238662,1.0161640117729838,0.7166642555818794
1765,SSP5-8.5,2075,4.274959359734165,-0.182766694613231,47.82223005219551,735.6731545653845,0.4003442090405583,1.0532668977600317,1.3053043096687997,1.2887918276000403,0.09378376151671207,0.5606849643583215,0.6388667727906213,0.0814603117297784,0.23324156303353497,0.1801204731641954,0.9890041258132363,0.7257650678802331
1766,SSP5-8.5,2075,4.235446052344695,-0.09616699871869812,55.456646579807696,694.7642784373189,0.35510508731437285,1.48,1.1199376284998837,1.1410015081209959,0.13035533183659753,0.3560274478140099,0.5791664542296552,0.08373524727735313,0.20485012871136568,0.1642867805600305,1.0280150967697357,0.6657601322824804
1767,SSP5-8.5,2075,3.9714956352473845,-0.28509513069760284,42.31433720502392,702.929143640087,0.37664983839031796,1.1056234300441845,1.4457527327986492,1.106472566920351,0.1397394514978982,0.4286549368960443,0.5917837530527964,0.07824462214321667,0.24514419327269737,0.17182744343661127,1.0099646671093478,0.7546549201336072
1768,SSP5-8.5,2075,3.897180400456067,-0.3208346491883233,56.93736309954699,749.7055783130859,0.33276154883923514,0.9378100276018303,1.0717503624598772,1.1275242992663923,0.10894509581240312,0.824784969465125,0.8403189429927767,0.059571675333395635,0.11819633512014005,0.15646654209373229,0.999737444025914,0.8196697762569972
1769,SSP5-8.5,2075,4.6529065981932805,-0.36,51.87173096405672,719.8733742617316,0.28265201899627623,1.2060464985257964,1.1564156138925297,1.2156741045044743,0.09318075879514297,0.5241029131386538,0.6897380199370668,0.07935230612407747,0.2835789422530844,0.13892820664869668,1.0261890373286386,0.8576961895349737
1770,SSP5-8.5,2075,4.324294385329,-0.21499870809830124,51.00983353903359,736.2180372553341,0.4530859757632222,1.2742422518993832,1.0304060170380882,1.2534965857570526,0.11493443266493608,0.7287202604214225,0.8140280670110762,0.07115803390430862,0.1913761388414438,0.19858009151712777,1.0188991605083952,0.785899380272392
1771,SSP5-8.5,2075,4.5369158110004015,-0.11781513423791834,56.36885356049082,710.5481015130559,0.4039886519866926,0.8498514839955736,0.8351582858865048,1.1438239601929687,0.09993607450513314,0.6258248042979,0.6840223011212716,0.07039735764164946,0.29416949292740574,0.1813960281953424,0.989426522242998,0.7292439926918242
1772,SSP5-8.5,2075,3.980077875302096,-0.12672883841772925,46.093437706883,744.5679865930254,0.4194656827173468,1.038102800787581,1.065306538862915,1.0571710207810507,0.09196180438103516,0.7319848377709331,0.7332712485093346,0.060423428461202223,0.22626165352831135,0.18681298895107137,0.9781651288777764,0.6533331312301583
1773,SSP5-8.5,2075,4.122942395757575,-0.1035374237074214,50.59617254656818,733.2859710490314,0.3623210004376905,1.3034927416237394,0.8873035263400304,1.2452933822984378,0.12567323655071982,0.3276056189202808,0.37386710484547503,0.09077205502390184,0.18220724438661,0.16681235015319168,0.9367195030445722,0.6456194071001992
1774,SSP5-8.5,2075,4.129370005440414,-0.0841326857595609,40.22592129112592,704.8387526603669,0.2900520107221822,1.48,1.0788780546341705,1.4117474920594604,0.12257417486449576,0.34715966303889545,0.6278413664146725,0.09875726642048771,0.10601986725894273,0.14151820375276375,1.054870281450946,0.5670032914405134
1775,SSP5-8.5,2075,4.213589365294562,-0.13927454070103348,52.814151738051116,679.3497354426598,0.38058385973765185,1.122923033257306,1.3282582833253094,1.1332069566976815,0.1232955274315613,0.96,0.9479388208479074,0.053116913052952075,0.173383282465688,0.17320435090817815,1.0074317847798817,0.697403518004084
1776,SSP5-8.5,2075,4.015980924770965,-0.23564602403897827,54.726633493778316,730.7561036552671,0.2942915223917226,1.1279163102007763,0.9072958225591392,1.1178073658769387,0.04454865183119848,0.6246568122266579,0.7541631780240522,0.06905486370511764,0.25022784358366046,0.14300203283710292,1.0242492133485086,0.7389969916494228
1777,SSP5-8.5,2075,4.332927059220018,-0.12369041678544433,48.341111886566196,697.9675010749638,0.3896991598363365,1.1017773594243014,1.0552261792901092,1.0053425592606307,0.12769252620773314,0.5780232011335088,0.6483438197085798,0.06533074698043545,0.19031395494073822,0.17639470594271778,0.9878686756240078,0.6807480017793723
1778,SSP5-8.5,2075,4.305909886644131,-0.19202054423694725,52.42542762427407,721.2799465314074,0.463614809774635,1.4213446856558813,1.3828372406907736,1.16196487357399,0.11094814678240188,0.5676563187395575,0.6770130214694765,0.07428260033239081,0.22409493409757125,0.20226518342112224,1.0054033012294108,0.773042465903793
1779,SSP5-8.5,2075,4.138860140766713,-0.24628937905332887,54.88031958208889,679.820450631821,0.41343160630833486,1.2375356490479532,1.2289765551154077,1.225103134726457,0.145,0.714006855176375,0.7239918627524909,0.07036482603414433,0.10978927781450991,0.1847010622079172,0.9796111715141638,0.7975374244172688
1780,SSP5-8.5,2075,3.466778718053681,-0.2894421423579513,59.0026297415876,652.8118978438757,0.3255955098188145,1.3793330439535574,0.9238235432617908,1.120415559376116,0.12454759691800599,0.36604826754236086,0.6644435014767304,0.08212573212774973,0.1544161328099136,0.15395842843658508,1.0665332426871632,0.7540862620280829
1781,SSP5-8.5,2075,4.393160010947796,0.0393664311532565,54.95372734771039,730.4179909816,0.2195647706342366,1.0482271561404606,0.9348350139206353,1.214316847546363,0.11600112289641262,0.5041349401646028,0.6123734856552968,0.0802776217058048,0.08981135130828569,0.13653088529861104,0.9948757565685619,0.5464714701177383
1782,SSP5-8.5,2075,4.009991488649686,-0.14211003455492788,56.684219482238966,746.8687502626652,0.3306221710311214,1.1298221900918808,1.1806677368130905,1.1219001697873339,0.09348943598465129,0.5110658297336992,0.6671504798933602,0.07495479457878686,0.26281641923411153,0.15571775986089248,1.019452624058364,0.6806920185461014
1783,SSP5-8.5,2075,3.3927298346235104,-0.0772441278294076,61.000258046748385,738.1909270141795,0.3949776118307931,1.0566772310257726,0.9247032446953388,1.284076264035178,0.13663194943063492,0.5581770935399216,0.5735713527117449,0.0813317903095135,0.22770659468245125,0.1782421641407776,0.9577871833786209,0.5952370018752834
1784,SSP5-8.5,2075,3.8820903402130797,-0.300461762647653,62.14120622515938,717.409866016762,0.41875090792970343,0.8979807317575289,1.0536007806250782,1.3334605233138186,0.11159374822789209,0.6850711467708374,0.7270505331849287,0.07764624007066374,0.28072443420371695,0.1865628177753962,0.9907719662051,0.8295511388049461
1785,SSP5-8.5,2075,3.6283123122067638,-0.36,44.911360599715955,718.3661370968175,0.3773643705522856,1.098092695394595,0.9965691950395931,1.0659179288276148,0.08526044559746371,0.6281696432834961,0.7887332320605915,0.06608517554192751,0.14829011425735927,0.17207752969329995,1.040047320271836,0.7718259057333694
1786,SSP5-8.5,2075,4.663168521495624,-0.18537103035895566,59.34030320327397,729.8817740041587,0.34750281328072147,1.1786432171759642,1.2006742967536252,1.222432153924243,0.06617219483998277,0.41743674927222585,0.5119936661572233,0.08504950928615564,0.23539838761886075,0.1616259846482525,0.974539823083763,0.7801316202675073
1787,SSP5-8.5,2075,3.651511793356126,-0.2540256480942587,60.74210972115691,766.8168744212221,0.3495580080619139,1.294321800991676,0.9739349008502698,1.3978082084257213,0.07863854992822229,0.3027746910413886,0.5077306201503872,0.10022593820931555,0.2726694893664109,0.16234530282166987,1.010723334846192,0.7488137195722353
1788,SSP5-8.5,2075,3.7173460152662456,-0.2519644748282294,56.23842866753039,723.5257230098133,0.40609756097387073,1.07107773525211,1.105666425675756,1.1816882144831564,0.10382483188493671,0.4588362766487907,0.5484603776012917,0.08078562848588426,0.2101054071264185,0.18213414634085476,0.9786217482902378,0.768186222128024
1789,SSP5-8.5,2075,4.521516332622978,-0.06347063551801145,46.35229413381007,721.7270772267551,0.38936914719041593,1.3067902610755684,1.1455364938335757,1.3913546053110937,0.11274846291928753,0.7577078343102247,0.9027737120354146,0.07713177933970149,0.24638495382788367,0.17627920151664558,1.0527886252185539,0.6399010474170687
1790,SSP5-8.5,2075,4.806200753968735,-0.35044386850889186,57.40120052785178,714.1844941417924,0.29496896054080424,1.3690928561386162,1.2258118122227686,1.1424163514018986,0.14070172578667936,0.5152850317617972,0.6380757827612599,0.07584855194893544,0.07213053520553717,0.14323913618928147,1.003771144571044,0.8948067467918787
1791,SSP5-8.5,2075,4.165399227824925,-0.09746807584077954,52.96645478794632,745.3319713931348,0.3357992169072139,1.0617565050292663,1.0241919482479165,1.263581453047142,0.11399911364600326,0.5428689231666327,0.6771048255778016,0.08099363208266831,0.19674740472419686,0.15752972591752487,1.013722852022932,0.6448971495447388
1792,SSP5-8.5,2075,4.6083508796166095,-0.36,48.652130568625246,742.9680827063559,0.3664687413159043,1.215341022442117,1.2339068936583322,1.3323547243602243,0.11673354942370393,0.4028136468001283,0.46228709435403015,0.09169957204862103,0.26131289156789805,0.1682640594605665,0.9550198725874265,0.8684521380767182
1793,SSP5-8.5,2075,4.255166197393602,-0.257670013822313,45.18394822848436,715.452705791492,0.33320339468751203,1.036189691094148,0.9844822950243264,1.2426780501766737,0.09231840417993906,0.309751065611427,0.570932157192162,0.09152395711355724,0.2059708381258841,0.1566211881406292,1.039420703264774,0.7539126875887487
1794,SSP5-8.5,2075,4.879006602872819,-0.08808445969313543,46.9108898696304,689.7753764909862,0.32011379906518034,1.2503105682968436,1.0835733516684505,1.0844781403801265,0.10741219742641242,0.42435076485569234,0.5931261090874985,0.07727551546999141,0.22171025576735032,0.1520398296728131,1.0120604527747628,0.6712596644668117
1795,SSP5-8.5,2075,3.923785449124003,0.11418013541392416,56.52850368372146,755.6026122381278,0.3667168840274967,1.0666018511817141,1.2622298048047322,0.9815073172444619,0.11957341216201017,0.2811153885844869,0.4843795683049514,0.0788927014993236,0.18798251037773409,0.22544097711658592,1.006490360178591,0.5589264516949826
1796,SSP5-8.5,2075,3.9861119878549207,-0.15823329526181465,53.60577358105918,729.7105380298933,0.27474228415208074,0.9960786232779872,0.9700807868993117,1.262162177192507,0.0888161326068447,0.6108107230106746,0.6198830945791254,0.0775201195444474,0.1922190363169653,0.13615979945322826,0.9629519759847345,0.6620145951282509
1797,SSP5-8.5,2075,5.292249296968431,-0.00336695095370404,51.64104736567275,682.9209095310867,0.22968868440738488,1.1933826647510986,1.2642081932302807,1.1031841069573374,0.14192496557034368,0.6057207396724246,0.6456437180537034,0.06921426108331233,0.24479993178695275,0.1203910395425847,0.9772972292193504,0.626674561683044
1798,SSP5-8.5,2075,3.9539306446881755,-0.023953178791617985,47.677173263114796,709.8925715591802,0.3633055696948919,1.3517781885108227,1.135018885139084,1.2749894099291401,0.11454113998209421,0.8904589819200591,0.8741981963335547,0.06422840374633534,0.11551145073409637,0.16715694939321218,0.9944458980537034,0.5543815951455963
1799,SSP5-8.5,2075,5.233775615746083,0.15848589886846373,51.23528739241824,738.7071342987362,0.2602891816643051,0.9144175584509441,1.1329392256050503,1.2079351357414343,0.12193998800637311,0.7415085474937152,0.7709959561956041,0.06806531070369916,0.16166064398806138,0.21034416301673867,0.9935053433690308,0.6188605501857424
